layer,coeff16_nmse,coeff10_nmse,coeff16_mae,coeff10_mae,coeff16_exp_lut_mse,coeff10_exp_lut_mse,coeff16_recip_lut_mse,coeff10_recip_lut_mse
0,0.00021262133486010088,0.0002997152161057099,0.0005139124279157559,0.0005931440075307845,2.8740539371731615e-10,1.0717766268521352e-06,6.359505882220271e-08,2.152026520408565e-06
1,0.0003707916243016241,0.00046686321754556786,0.0005662842661681656,0.0006103889165098911,3.1725369592373325e-10,1.1838394292144088e-06,2.9178353297168117e-08,1.2089887821257282e-06
2,0.0006556207544205408,0.000718063449458928,0.000521246243518925,0.000553703988626905,2.670443247684411e-10,1.1688650744283874e-06,5.063049717682587e-09,5.11434430312113e-06
3,0.00018093555779262653,0.00030193324195424776,0.0005286081157963861,0.0006166080468970325,3.016776585875567e-10,1.1812600878588166e-06,5.955116624874632e-08,3.822117306001522e-06
4,0.0003533908266092688,0.00039265934666257523,0.0005637446100092841,0.0005892268532168965,2.8997331780338547e-10,1.2365352297865183e-06,1.4731959141465341e-08,3.905738344935766e-06
5,0.0004146689034318718,0.000422605377269579,0.0005819461266475223,0.0006337989533510915,3.17208760925851e-10,1.074442894249258e-06,5.6905402156200454e-08,1.5690590588842798e-06
6,0.000878068403983358,0.000884144780574201,0.0004895705804570925,0.00048508511982869504,2.8955801752699627e-10,1.3299518911388362e-06,8.38011892983327e-10,3.955263831099073e-06
7,0.0008248045499309232,0.0008880917212408194,0.0004953986821805971,0.0005064619107027823,3.0346079914225165e-10,1.2783502241814285e-06,2.843367889490351e-09,5.971152931930678e-06
8,0.0007427058394186867,0.0007506944514573651,0.0005076466995496917,0.0005006025458268611,2.9102560002447857e-10,1.369937850014186e-06,4.828389635092688e-09,2.947219885106608e-06
9,0.0007364832669890463,0.0007856070647711427,0.0005039014093667705,0.0005147368061763646,2.8335886359576175e-10,1.2326264793470447e-06,3.270475153702929e-09,4.268745131161812e-06
10,0.00045875877265286614,0.0005186883407653984,0.0005108313219087743,0.0005387477001035671,2.990559454360483e-10,1.215354234680252e-06,3.7137251569483096e-09,2.776784615790705e-06
11,0.0005626086055535075,0.0006747541944323261,0.0005007675608985419,0.0005279387907336473,2.8769301207020243e-10,1.1581158422361552e-06,3.647381918626561e-09,4.940844044879448e-06
12,0.0009655845813683559,0.0010514836016626513,0.0004997073482649038,0.0005109568363930673,3.0055664112685054e-10,1.2380851958110254e-06,1.0258857090503714e-09,5.453163120679936e-06
13,0.0007889813555071816,0.0007880098738226621,0.0005080899449242575,0.0005028368127973998,2.7805420983389327e-10,1.3956973170983832e-06,3.6093101088528995e-09,3.216710775433281e-06
14,0.00043360989918051553,0.00048452782499095316,0.0005096763022600106,0.000535091567784673,2.7566418063126843e-10,1.1684891207662542e-06,1.264606986565215e-08,3.7017148505093437e-06
15,0.0005595128231374366,0.0006015955687368412,0.0005007232832131448,0.0005187829918376671,3.2744072979406915e-10,1.2318122407838351e-06,1.6204609516126572e-08,2.193410675075728e-06
16,0.000391720829824804,0.0006036081329775364,0.000552269763185626,0.0006182431090109989,3.1999557619051666e-10,1.2450800190814827e-06,6.312177905989021e-08,2.8060527839681816e-06
17,0.0007724657093964236,0.0008105656663095614,0.0004898573712143626,0.0004962642238546774,3.074596348752165e-10,1.1391104410697543e-06,2.3049838809180513e-09,3.5260163496746796e-06
