layer,kind,k,count,fraction
0,delta,-1,1192,0.11462640638522935
0,delta,0,9207,0.8853735936147706
0,hw_hist,-2,24,0.002307914222521396
0,hw_hist,-1,8,0.0007693047408404654
0,hw_hist,0,2852,0.27425714010962593
0,hw_hist,1,5271,0.5068756611212617
0,hw_hist,2,2052,0.19732666602557938
0,hw_hist,3,192,0.01846331378017117
0,mse3_hist,-2,24,0.002307914222521396
0,mse3_hist,-1,5,0.0004808154630252909
0,mse3_hist,0,2195,0.2110779882681027
0,mse3_hist,1,5456,0.5246658332531974
0,mse3_hist,2,2473,0.23781132801230886
0,mse3_hist,3,246,0.023656120780844312
1,delta,-1,643,0.06183286854505241
1,delta,0,9667,0.9296086162130974
1,delta,1,89,0.008558515241850178
1,hw_hist,-3,24,0.002307914222521396
1,hw_hist,-2,184,0.017694009039330705
1,hw_hist,-1,1826,0.17559380709683622
1,hw_hist,0,4212,0.40503894605250507
1,hw_hist,1,3583,0.34455236080392343
1,hw_hist,2,564,0.05423598422925281
1,hw_hist,3,6,0.000576978555630349
1,mse3_hist,-3,24,0.002307914222521396
1,mse3_hist,-2,138,0.013270506779498028
1,mse3_hist,-1,1732,0.16655447639196078
1,mse3_hist,0,4197,0.4035964996634292
1,mse3_hist,1,3548,0.34118665256274644
1,mse3_hist,2,731,0.07029522069429753
1,mse3_hist,3,29,0.0027887296855466873
2,delta,-1,384,0.03692662756034234
2,delta,0,9873,0.9494182132897394
2,delta,1,142,0.013655159149918262
2,hw_hist,-2,135,0.012982017501682853
2,hw_hist,-1,1754,0.16867006442927204
2,hw_hist,0,3212,0.3088758534474469
2,hw_hist,1,3059,0.294162900278873
2,hw_hist,2,2029,0.19511491489566304
2,hw_hist,3,206,0.019809597076641986
2,hw_hist,4,4,0.0003846523704202327
2,mse3_hist,-2,124,0.011924223483027215
2,mse3_hist,-1,1700,0.1634772574285989
2,mse3_hist,0,3247,0.3122415616886239
2,mse3_hist,1,3016,0.29002788729685547
2,mse3_hist,2,2042,0.1963650350995288
2,mse3_hist,3,263,0.025290893355130302
2,mse3_hist,4,7,0.0006731416482354072
3,delta,-1,150,0.014424463890758727
3,delta,0,9846,0.9468218097894028
3,delta,1,403,0.03875372631983844
3,hw_hist,-2,23,0.002211751129916338
3,hw_hist,-1,707,0.06798730647177613
3,hw_hist,0,3474,0.3340705837099721
3,hw_hist,1,3254,0.31291470333685933
3,hw_hist,2,2053,0.19742282911818443
3,hw_hist,3,859,0.08260409654774498
3,hw_hist,4,29,0.0027887296855466873
3,mse3_hist,-2,8,0.0007693047408404654
3,mse3_hist,-1,728,0.07000673141648235
3,mse3_hist,0,3633,0.34936051543417634
3,mse3_hist,1,3224,0.31002981055870754
3,mse3_hist,2,1920,0.1846331378017117
3,mse3_hist,3,817,0.07856524665833253
3,mse3_hist,4,69,0.006635253389749014
4,delta,-1,155,0.014905279353784018
4,delta,0,9846,0.9468218097894028
4,delta,1,398,0.038272910856813155
4,hw_hist,-2,21,0.002019424944706222
4,hw_hist,-1,928,0.089239349937494
4,hw_hist,0,4967,0.477642080969324
4,hw_hist,1,3517,0.33820559669198963
4,hw_hist,2,850,0.08173862871429945
4,hw_hist,3,115,0.01105875564958169
4,hw_hist,4,1,9.616309260505818e-05
4,mse3_hist,-2,12,0.001153957111260698
4,mse3_hist,-1,917,0.08818155591883835
4,mse3_hist,0,5192,0.49927877680546207
4,mse3_hist,1,3378,0.3248389268198865
4,mse3_hist,2,785,0.07548802769497066
4,mse3_hist,3,114,0.010962592556976632
4,mse3_hist,4,1,9.616309260505818e-05
5,delta,-1,189,0.018174824502355996
5,delta,0,9805,0.9428791229925955
5,delta,1,405,0.03894605250504856
5,hw_hist,-2,1,9.616309260505818e-05
5,hw_hist,-1,551,0.052985864025387054
5,hw_hist,0,4633,0.4455236080392345
5,hw_hist,1,3765,0.36205404365804406
5,hw_hist,2,1301,0.12510818347918068
5,hw_hist,3,140,0.013462832964708144
5,hw_hist,4,8,0.0007693047408404654
5,mse3_hist,-1,488,0.04692758919126839
5,mse3_hist,0,4852,0.4665833253197423
5,mse3_hist,1,3732,0.3588806616020771
5,mse3_hist,2,1189,0.11433791710741417
5,mse3_hist,3,125,0.012020386575632272
5,mse3_hist,4,12,0.001153957111260698
5,mse3_hist,5,1,9.616309260505818e-05
6,delta,-1,156,0.015001442446389075
6,delta,0,9867,0.9488412347341091
6,delta,1,376,0.036157322819501875
6,hw_hist,-1,256,0.024617751706894894
6,hw_hist,0,4737,0.4555245696701606
6,hw_hist,1,4422,0.4252331954995673
6,hw_hist,2,924,0.08885469756707376
6,hw_hist,3,60,0.005769785556303491
6,mse3_hist,-1,226,0.02173285892874315
6,mse3_hist,0,4912,0.47235311087604576
6,mse3_hist,1,4380,0.42119434561015484
6,mse3_hist,2,823,0.07914222521396289
6,mse3_hist,3,58,0.005577459371093375
7,delta,-1,277,0.026637176651601115
7,delta,0,9762,0.9387441100105779
7,delta,1,360,0.03461871333782095
7,hw_hist,-1,1485,0.1428021925185114
7,hw_hist,0,6725,0.6466967977690162
7,hw_hist,1,2026,0.19482642561784788
7,hw_hist,2,133,0.012789691316472738
7,hw_hist,3,30,0.0028848927781517453
7,mse3_hist,-1,1377,0.13241657851716512
7,mse3_hist,0,7035,0.6765073564765843
7,mse3_hist,1,1837,0.17665160111549189
7,mse3_hist,2,120,0.011539571112606981
7,mse3_hist,3,6,0.000576978555630349
7,mse3_hist,4,24,0.002307914222521396
8,delta,-1,229,0.022021348206558322
8,delta,0,9825,0.9448023848446966
8,delta,1,345,0.03317626694874507
8,hw_hist,-1,388,0.037311279930762574
8,hw_hist,0,5169,0.4970670256755457
8,hw_hist,1,4319,0.4153283969612463
8,hw_hist,2,483,0.0464467737282431
8,hw_hist,3,14,0.0013462832964708145
8,hw_hist,4,2,0.00019232618521011636
8,hw_hist,5,24,0.002307914222521396
8,mse3_hist,-1,316,0.030387537263198386
8,mse3_hist,0,5354,0.5148571978074815
8,mse3_hist,1,4281,0.4116741994422541
8,mse3_hist,2,408,0.03923454178286374
8,mse3_hist,3,14,0.0013462832964708145
8,mse3_hist,4,2,0.00019232618521011636
8,mse3_hist,5,24,0.002307914222521396
9,delta,-1,279,0.026829502836811233
9,delta,0,9809,0.9432637753630156
9,delta,1,311,0.029906721800173095
9,hw_hist,-1,1757,0.16895855370708723
9,hw_hist,0,7155,0.6880469275891913
9,hw_hist,1,1421,0.13664775459178768
9,hw_hist,2,61,0.005865948648908549
9,hw_hist,3,5,0.0004808154630252909
9,mse3_hist,-1,1625,0.15626502548321955
9,mse3_hist,0,7444,0.7158380613520531
9,mse3_hist,1,1271,0.12222329070102894
9,mse3_hist,2,54,0.005192807000673142
9,mse3_hist,3,5,0.0004808154630252909
10,delta,-1,274,0.026348687373785942
10,delta,0,9802,0.9425906337147802
10,delta,1,323,0.03106067891143379
10,hw_hist,-1,2034,0.19559573035868832
10,hw_hist,0,6728,0.6469852870468314
10,hw_hist,1,1581,0.152033849408597
10,hw_hist,2,56,0.005385133185883258
10,mse3_hist,-1,1886,0.18136359265313973
10,mse3_hist,0,7062,0.6791037599769209
10,mse3_hist,1,1406,0.1352053082027118
10,mse3_hist,2,45,0.004327339167227618
11,delta,-1,218,0.020963554187902682
11,delta,0,9799,0.9423021444369651
11,delta,1,382,0.03673430137513222
11,hw_hist,-1,172,0.016540051928070006
11,hw_hist,0,4474,0.4302336763150303
11,hw_hist,1,5419,0.5211077988268102
11,hw_hist,2,326,0.03134916818924897
11,hw_hist,3,8,0.0007693047408404654
11,mse3_hist,-1,149,0.014328300798153669
11,mse3_hist,0,4631,0.44533128185402443
11,mse3_hist,1,5337,0.5132224252331955
11,mse3_hist,2,275,0.026444850466390998
11,mse3_hist,3,7,0.0006731416482354072
12,delta,-1,226,0.02173285892874315
12,delta,0,9850,0.9472064621598231
12,delta,1,323,0.03106067891143379
12,hw_hist,-2,24,0.002307914222521396
12,hw_hist,-1,381,0.03663813828252717
12,hw_hist,0,5407,0.5199538417155496
12,hw_hist,1,4039,0.38840273103183
12,hw_hist,2,538,0.0517357438215213
12,hw_hist,3,10,0.0009616309260505818
12,mse3_hist,-2,24,0.002307914222521396
12,mse3_hist,-1,265,0.025483219540340416
12,mse3_hist,0,5703,0.5484181171266468
12,mse3_hist,1,3901,0.37513222425233195
12,mse3_hist,2,487,0.04683142609866333
12,mse3_hist,3,19,0.0018270987594961054
13,delta,-1,212,0.020386575632272332
13,delta,0,9927,0.9546110202904126
13,delta,1,260,0.025002404077315125
13,hw_hist,-2,24,0.002307914222521396
13,hw_hist,-1,84,0.008077699778824887
13,hw_hist,0,3038,0.29214347533416674
13,hw_hist,1,5582,0.5367823829214348
13,hw_hist,2,1625,0.15626502548321955
13,hw_hist,3,46,0.004423502259832676
13,mse3_hist,-2,24,0.002307914222521396
13,mse3_hist,-1,67,0.006442927204538898
13,mse3_hist,0,3088,0.29695162996441965
13,mse3_hist,1,5603,0.538801807866141
13,mse3_hist,2,1549,0.1489566304452351
13,mse3_hist,3,68,0.006539090297143956
14,delta,-1,501,0.04817770939513415
14,delta,0,9840,0.9462448312337725
14,delta,1,58,0.005577459371093375
14,hw_hist,-2,157,0.015097605538994134
14,hw_hist,-1,2325,0.22357919030676027
14,hw_hist,0,3605,0.34666794884123475
14,hw_hist,1,3919,0.376863159919223
14,hw_hist,2,393,0.03779209539378786
14,mse3_hist,-2,109,0.010481777093951341
14,mse3_hist,-1,2336,0.2246369843254159
14,mse3_hist,0,3551,0.3414751418405616
14,mse3_hist,1,3747,0.36032310799115297
14,mse3_hist,2,652,0.06269833637849793
14,mse3_hist,3,4,0.0003846523704202327
15,delta,-1,577,0.05548610443311857
15,delta,0,9762,0.9387441100105779
15,delta,1,60,0.005769785556303491
15,hw_hist,-1,1147,0.11029906721800173
15,hw_hist,0,5748,0.5527454562938744
15,hw_hist,1,3172,0.30502932974324454
15,hw_hist,2,331,0.031829983652274255
15,hw_hist,3,1,9.616309260505818e-05
15,mse3_hist,-1,985,0.09472064621598231
15,mse3_hist,0,5672,0.54543706125589
15,mse3_hist,1,3300,0.317338205596692
15,mse3_hist,2,434,0.04173478219059525
15,mse3_hist,3,8,0.0007693047408404654
16,delta,-1,391,0.03759976920857775
16,delta,0,9916,0.9535532262717569
16,delta,1,92,0.008847004519665353
16,hw_hist,-1,137,0.013174343686892971
16,hw_hist,0,5465,0.5255313010866429
16,hw_hist,1,3716,0.3573420521203962
16,hw_hist,2,1048,0.10077892105010097
16,hw_hist,3,33,0.00317338205596692
16,mse3_hist,-1,65,0.006250601019328781
16,mse3_hist,0,5451,0.5241850177901721
16,mse3_hist,1,3741,0.35974612943552264
16,mse3_hist,2,1029,0.09895182229060487
16,mse3_hist,3,113,0.010866429464371575
17,delta,-1,443,0.042600250024040776
17,delta,0,9884,0.950476007308395
17,delta,1,72,0.006923742667564189
17,hw_hist,-1,431,0.041446292912780076
17,hw_hist,0,3774,0.36291951149148954
17,hw_hist,1,4616,0.44388883546494856
17,hw_hist,2,1028,0.09885565919799981
17,hw_hist,3,526,0.050581786710260604
17,hw_hist,7,24,0.002307914222521396
17,mse3_hist,-1,338,0.032503125300509667
17,mse3_hist,0,3692,0.3550341378978748
17,mse3_hist,1,4763,0.4580248100778921
17,mse3_hist,2,993,0.09548995095682278
17,mse3_hist,3,577,0.05548610443311857
17,mse3_hist,4,12,0.001153957111260698
17,mse3_hist,7,24,0.002307914222521396
all,delta,-1,6496,0.03470419164235877
all,delta,0,176287,0.9417946170037718
all,delta,1,4399,0.023501191353869497
all,hw_hist,-3,24,0.00012821745680674423
all,hw_hist,-2,593,0.0031680396619333056
all,hw_hist,-1,16371,0.08746033272430041
all,hw_hist,0,85375,0.45610689061982457
all,hw_hist,1,66681,0.35623617655543804
all,hw_hist,2,15795,0.08438311376093856
all,hw_hist,3,2251,0.012025728969665887
all,hw_hist,4,44,0.00023506533747903112
all,hw_hist,5,24,0.00012821745680674423
all,hw_hist,7,24,0.00012821745680674423
all,mse3_hist,-3,24,0.00012821745680674423
all,mse3_hist,-2,463,0.002473528437563441
all,mse3_hist,-1,15205,0.08123110128110608
all,mse3_hist,0,86911,0.4643128078554562
all,mse3_hist,1,65921,0.35217595708989113
all,mse3_hist,2,16009,0.08552638608413202
all,mse3_hist,3,2473,0.01321174044512827
all,mse3_hist,4,127,0.0006784840422690216
all,mse3_hist,5,25,0.0001335598508403586
all,mse3_hist,7,24,0.00012821745680674423
