layer,rows,agreement,mean_abs_delta,max_abs_delta,clamp_rate,hw_clip_rate,mse3_clip_rate,hw_zero_rate,mse3_zero_rate,effective_shift_min,effective_shift_max
0,10399,0.8853735936147706,0.11462640638522935,1,0.0,4.245872875396673e-05,3.016835302673334e-05,0.7526611598114151,0.7625135804543255,14,28
1,10399,0.9296086162130974,0.07039138378690259,1,0.0,6.496173760698144e-05,4.474776721319357e-05,0.5540450608137651,0.5620263920734566,13,29
2,10399,0.9494182132897394,0.050581786710260604,1,0.0,5.5787975781926146e-05,4.731266415340417e-05,0.4737861076448156,0.4772916174425576,14,27
3,10399,0.9468218097894028,0.05317819021059717,1,0.0,4.460690330801039e-05,4.451299403788826e-05,0.3882498995640356,0.38299754234744626,16,28
4,10399,0.9468218097894028,0.05317819021059717,1,0.0,4.7934813067963263e-05,4.672573121514088e-05,0.31255746073465596,0.3077909313883847,14,27
5,10399,0.9428791229925955,0.05712087700740456,1,0.0,4.9126286932637755e-05,4.752982934056159e-05,0.2919817400936989,0.28768506817249556,10,27
6,10399,0.9488412347341091,0.05115876526589095,1,0.0,5.101034166446293e-05,5.0147550245215886e-05,0.30176500242849374,0.2977768400676297,14,26
7,10399,0.9387441100105779,0.06125588998942206,1,0.0,5.557081059476873e-05,5.117468288717665e-05,0.2664923518881773,0.2639948231106206,16,26
8,10399,0.9448023848446966,0.055197615155303394,1,0.0,6.104689490876527e-05,5.6697721836234255e-05,0.22808021466907877,0.22582597546376154,13,27
9,10399,0.9432637753630156,0.05673622463698433,1,0.0,6.017823416013559e-05,5.384522775627464e-05,0.23938696709306484,0.2380354483547847,11,26
10,10399,0.9425906337147802,0.05740936628521973,1,0.0,6.108798021444369e-05,5.493692302144437e-05,0.24876654282225155,0.24701723028506348,15,25
11,10399,0.9423021444369651,0.05769785556303491,1,0.0,5.501909363280123e-05,5.315851621850659e-05,0.31200621918836846,0.3090456942317921,14,27
12,10399,0.9472064621598231,0.05279353784017694,1,0.0,4.907933229757669e-05,4.529361484577844e-05,0.3725143918304194,0.3698547345673262,14,27
13,10399,0.9546110202904126,0.04538897970958746,1,0.0,4.7259840188960474e-05,4.4876892459611504e-05,0.4501100839680348,0.4489705125830909,15,27
14,10399,0.9462448312337725,0.053755168766227525,1,0.0,4.4530602026036155e-05,3.8185856963409944e-05,0.609233848497677,0.6158718487335771,12,26
15,10399,0.9387441100105779,0.06125588998942206,1,0.0,5.598753298093567e-05,4.468907391936725e-05,0.5733725746522352,0.5822070657616568,15,26
16,10399,0.9535532262717569,0.0464467737282431,1,0.0,5.2912004384436e-05,4.531122283392634e-05,0.5363480642857786,0.5411359521216733,15,27
17,10399,0.950476007308395,0.049523992691604964,1,0.002307914222521396,5.3868705073805174e-05,4.3896714452711796e-05,0.5399376639655856,0.545666076619071,13,29
all,187182,0.9417946170037718,0.058205382996228267,1,0.00012821745680674423,5.291265653214518e-05,4.684507424592108e-05,0.41396085299730845,0.4147615185432619,10,29
