index,source_index,targets,fp_nll,mse3_nll,absmax_nll,mse3_kl,absmax_kl,mse3_nmse,absmax_nmse,mse3_top1,absmax_top1,delta_kl,delta_nmse,delta_top1,nll_outcome,kl_outcome
0,0,32,7.875258287018685,8.043775354285343,7.95707930270103,0.07635872606247884,0.06524597059144344,0.007824670483584815,0.004214306538527635,0.8125,0.84375,-0.011112755471035407,-0.00361036394505718,0.03125,better,absmax_lower
3,3,32,6.841498289900969,6.880726768784403,6.7643215515228405,0.038540729245855096,0.03235277806198912,0.0020060067325641364,0.002408298627408175,0.8125,0.875,-0.006187951183865975,0.00040229189484403865,0.0625,better,absmax_lower
6,7,32,6.016214309363136,6.059562719463153,5.900092588967478,0.0346672745527981,0.04596901102088543,0.0017800046843433844,0.0014944715967313924,0.96875,1.0,0.011301736468087333,-0.000285533087611992,0.03125,better,absmax_higher
9,10,32,7.092332410805854,7.099438398998798,7.0577285005496,0.15106512239736902,0.13411659250704547,0.0035561174532614775,0.0022840246492802857,0.84375,0.8125,-0.016948529890323555,-0.0012720928039811918,-0.03125,better,absmax_lower
12,13,32,3.503923464640463,3.4858557553389105,3.3178823105553152,0.056179532867794195,0.06066513116264535,0.001977656038151879,0.0020704498386292882,0.875,0.9375,0.004485598294851158,9.279380047740905e-05,0.0625,better,absmax_higher
15,21,32,6.8380667938834065,6.87936261806079,6.92607389896659,0.05602966120193349,0.08177043318873338,0.0024828028680174774,0.003456704320903025,0.84375,0.875,0.025740771986799887,0.0009739014528855477,0.03125,worse,absmax_higher
18,25,32,4.173144467035071,4.1027681002497856,4.1680284222007655,0.061177477420386525,0.07594232479221008,0.0036752892571872376,0.002876625010705363,0.90625,0.875,0.014764847371823556,-0.0007986642464818746,-0.03125,worse,absmax_higher
21,28,32,2.284315080917049,2.286857582453303,2.2669925839118594,0.04457297494361751,0.08202342485775861,0.003185728334425176,0.0026610870248290485,0.96875,1.0,0.0374504499141411,-0.0005246413095961276,0.03125,better,absmax_higher
2,2,32,3.5580033031296354,3.715522743980059,3.649047326672755,0.06194523556177078,0.06363963754920367,0.0018210854205347707,0.002701085061972739,1.0,0.9375,0.0016944019874328906,0.0008799996414379685,-0.0625,better,absmax_higher
8,9,32,7.43772205749414,7.617122061647945,7.395630356436901,0.07504352108746962,0.07797513517481745,0.0041616846957562474,0.00412786870706009,0.875,0.8125,0.0029316140873478364,-3.381598869615747e-05,-0.0625,better,absmax_higher
14,18,32,4.379251532296449,4.40502284750766,4.413120783581502,0.07312740919591351,0.06738601440640622,0.0031305447450992287,0.0032907244381083895,0.9375,0.90625,-0.00574139478950729,0.00016017969300916078,-0.03125,worse,absmax_lower
20,27,32,3.6975405665841636,3.6837541470394575,3.6639767607320453,0.07454079900886709,0.05664890182909563,0.0016274003430579351,0.0022819999321314417,0.84375,0.90625,-0.017891897179771465,0.0006545995890735066,0.0625,better,absmax_lower
