layer,gpalu_output_scale,sX_down_base,output_to_down_base_ratio,output_to_down_base_log2_ratio
0,1.0079293224076,0.5552270844226747,1.8153461001558404,0.8602446277678346
1,0.1348271863641554,0.11273562063382367,1.1959590554088249,0.25816799859137635
2,0.10499206153043637,0.07017309799698591,1.4961867799387454,0.5812902886419461
3,0.08638950997637934,0.12484905700449112,0.6919516418395671,-0.5312568785803391
4,0.08922071695768577,0.037249290004833964,2.3952326862097855,1.260165814180563
5,0.04653486218777402,0.053060478629855794,0.8770154998486959,-0.18932575466063278
6,0.08977961792681889,0.03796390180407604,2.3648680367511536,1.2417596812236917
7,0.03708176344644919,0.030466186218710067,1.2171449087932222,0.28350094023895417
8,0.042269504102656535,0.032015071233292246,1.3203001734602038,0.4008659671066296
9,0.03721470657767927,0.023383857410043018,1.5914699583181735,0.6703599239267365
10,0.04797506479405038,0.03956971448242851,1.2124187758634037,0.27788809939528447
11,0.05888419993177194,0.07452437046962444,0.79013347661585,-0.33983170769150667
12,0.07956509273364612,0.06579250304108764,1.2093337242992177,0.2742124215546932
13,0.17383964552808528,0.12453805017166093,1.3958757607692425,0.4811705409040017
14,0.2362652594768557,0.10165363894591115,2.324218413888459,1.2167456495632707
15,0.24310227655223296,0.14861333651805486,1.635803907294005,0.7099998149481735
16,0.2022832434992543,0.22722050081367864,0.8902508478542922,-0.16771619030902105
17,0.38929458506646464,0.21088551144559423,1.8459996725137644,0.8844022970450035
