layer,pilot_sx_j,stability_sx_j,exact_sx_match,pilot_s10_i,stability_s10_i,exact_s10_match,exact_pair_match,sx_direction_match,s10_direction_match,pilot_sx_boundary_hit,stability_sx_boundary_hit,pilot_s10_boundary_hit,stability_s10_boundary_hit,sx_boundary_persisted,s10_boundary_persisted,pilot_local_change,stability_local_change
0,0,0,True,-4,0,False,False,True,False,False,False,True,False,False,False,-0.00856791969463664,0.0
1,-1,1,False,-4,-4,True,False,False,True,False,False,True,True,False,True,-0.01950291380747201,-0.037073759598575624
2,-1,1,False,-3,4,False,False,False,False,False,False,False,True,False,False,-0.10797964696481484,-0.07878352361162588
3,0,-1,False,-4,-4,True,False,False,True,False,False,True,True,False,True,-0.007316855422608656,-0.04410144812738944
4,0,-1,False,-3,-4,False,False,False,True,False,False,False,True,False,False,-0.0025935106663498866,-0.028194174911481597
5,0,-1,False,2,4,False,False,False,True,False,False,False,True,False,False,-0.011573540579322146,-0.07520356985185842
6,-2,-2,True,4,4,True,True,True,True,True,True,True,True,True,True,-0.1598660369910715,-0.06983444671529325
7,1,0,False,-1,4,False,False,False,False,False,False,False,True,False,False,-0.10341330800336643,-0.21697679891316807
8,-1,-2,False,-4,-4,True,False,True,True,False,True,True,True,False,True,-0.09839853697428252,-0.13575413655840712
9,0,0,True,4,3,False,False,True,True,False,False,True,False,False,False,-0.1974149215853424,-0.024555975494078223
10,-1,1,False,4,4,True,False,False,True,False,False,True,True,False,True,-0.19371718505898122,-0.0559440107859255
11,1,1,True,0,-4,False,False,True,False,False,False,False,True,False,False,-0.035676712859573106,-0.091891446814597
12,-1,1,False,-4,-4,True,False,False,True,False,False,True,True,False,True,-0.11937283881988664,-0.044826339872599964
13,0,1,False,-1,1,False,False,False,False,False,False,False,False,False,False,-0.0008393110672925573,-0.010903167772674758
14,0,1,False,2,-1,False,False,False,False,False,False,False,False,False,False,-0.0004375943425313012,-0.05131670861244265
15,0,0,True,-1,-1,True,True,True,True,False,False,False,False,False,False,-0.0013914206484584434,-0.00016799369396613352
16,1,1,True,1,-1,False,False,True,False,False,False,False,False,False,False,-0.09535503587505753,-0.022183729123079494
17,-1,1,False,-4,-4,True,False,False,True,False,False,True,True,False,True,-0.1640715903111156,-0.12758321226618283
