layer,candidate_j,sx_base_fixed,s10_incumbent,s10_candidate,selected_s_act,selected_percentile,clipping_fraction,lut_saturation_rate,gate_nmse_prefill,gate_nmse_decode,gate_nmse_balanced,gelu_nmse_prefill,gelu_nmse_decode,gelu_nmse_balanced,standalone_gelu_total_nmse,up_nmse_prefill,up_nmse_decode,up_nmse_balanced,fusion_gate_only_nmse_prefill,fusion_gate_only_nmse_decode,fusion_gate_only_nmse_balanced,fusion_full_nmse_prefill,fusion_full_nmse_decode,fusion_full_nmse_balanced,fusion_full_worst_group,gate_input_clip_rate,gate_output_saturation_rate,feasible_k_min,feasible_k_max,observed_k_min,observed_k_max,effective_shift_min,effective_shift_max,boundary_candidate
0,-4,0.38115268617164433,0.028939161731223927,0.020463077502002668,0.08233568979152255,100.0,0.0,0.0,0.0002290117931753288,0.000804872670988992,0.0005169422320821604,0.0002419985254224639,0.0006057969242805714,0.00042389772485151763,0.00042389772485151763,0.0030501849929129095,0.00301826979238118,0.0030342273926470447,0.003508629499156003,0.0013585642707218996,0.0024335968849389512,0.026803715909746745,0.022189894262671286,0.024496805086209016,0.026803715909746745,0.000274658203125,0.000179290771484375,-6,7,0,0,15,25,True
0,-3,0.38115268617164433,0.028939161731223927,0.022315144250062372,0.08978770639198325,100.0,0.0,0.0,0.0002001003010431397,0.000783643376951098,0.0004918718389971189,0.0002183414059648492,0.0005981592534025067,0.00040825032968367796,0.00040825032968367796,0.0030501849929129095,0.00301826979238118,0.0030342273926470447,0.0022758364778065203,0.0014688737601871464,0.0018723551189968332,0.025525742176309273,0.022313564143856976,0.023919653160083126,0.025525742176309273,0.000274658203125,6.4849853515625e-05,-6,7,0,0,17,25,False
0,-2,0.38115268617164433,0.028939161731223927,0.024334837360233678,0.09447198705155851,99.995,4.999999999995453e-05,4.9591064453125e-05,0.00018762906398006666,0.0007749881810642712,0.00048130862252216897,0.00022066468617102858,0.0005971509744849075,0.0004089078303279681,0.0004089078303279681,0.0030501849929129095,0.00301826979238118,0.0030342273926470447,0.00178478181676664,0.001591762927773164,0.0016882723722699022,0.02500726393877794,0.022432228519827093,0.023719746229302514,0.02500726393877794,0.000274658203125,2.288818359375e-05,-6,7,0,0,15,25,False
0,-1,0.38115268617164433,0.028939161731223927,0.026537328314486235,0.09445526341655985,99.995,4.999999999995453e-05,4.9591064453125e-05,0.0001839488781143355,0.000771602459547731,0.00047777566883103325,0.00022119585181392475,0.0005974117295660066,0.00040930379068996567,0.00040930379068996567,0.0030501849929129095,0.00301826979238118,0.0030342273926470447,0.0018143365508189607,0.0016046304251175153,0.001709483487968238,0.02503461624117739,0.022458233478128992,0.02374642485965319,0.02503461624117739,0.000274658203125,1.52587890625e-05,-6,7,0,0,16,25,False
0,0,0.38115268617164433,0.028939161731223927,0.028939161731223927,0.09436964936238433,99.995,4.999999999995453e-05,4.9591064453125e-05,0.00018501771221505217,0.0007704113826439332,0.00047771454742949265,0.00022038586787720605,0.0005985895632595396,0.00040948771556837283,0.00040948771556837283,0.0030501849929129095,0.00301826979238118,0.0030342273926470447,0.0018045906219022194,0.0015841902862085194,0.0016943904540553693,0.025039156985289822,0.022432315684003203,0.023735736334646512,0.025039156985289822,0.000274658203125,0.0,-6,7,0,0,17,25,False
0,1,0.38115268617164433,0.028939161731223927,0.031558379644750195,0.08418525778591944,99.99,0.00010000000000005117,9.1552734375e-05,0.00018597881380187672,0.0007725556908967256,0.0004792672523493012,0.00023787595137520626,0.0006061990302318976,0.00042203749080355193,0.00042203749080355193,0.0030501849929129095,0.00301826979238118,0.0030342273926470447,0.0031555531757815943,0.0014001564444064253,0.00227785481009401,0.026412676035870004,0.022203178045584672,0.024307927040727338,0.026412676035870004,0.000274658203125,0.0,-6,7,0,0,14,25,False
0,2,0.38115268617164433,0.028939161731223927,0.034414657032985956,0.09439834741343607,99.995,4.999999999995453e-05,4.9591064453125e-05,0.00018825389094773328,0.0007739199083630346,0.00048108689965538397,0.00022257262638344087,0.000600940858693883,0.00041175674253866195,0.00041175674253866195,0.0030501849929129095,0.00301826979238118,0.0030342273926470447,0.001801413161351838,0.0016075263744000322,0.001704469767875935,0.025021344042785384,0.022459476401830138,0.02374041022230776,0.025021344042785384,0.000274658203125,0.0,-6,7,0,0,18,25,False
0,3,0.38115268617164433,0.028939161731223927,0.03752944961149398,0.09437241096475357,99.995,4.999999999995453e-05,4.9591064453125e-05,0.00019009308849711554,0.0007761379439616232,0.00048311551622936936,0.00022386817443420054,0.0006013181801705124,0.00041259317730235644,0.00041259317730235644,0.0030501849929129095,0.00301826979238118,0.0030342273926470447,0.001800158794079625,0.0015977612948201172,0.001698960044449871,0.025018603458737944,0.022448495190660767,0.023733549324699357,0.025018603458737944,0.000274658203125,0.0,-6,7,0,0,14,25,False
0,4,0.38115268617164433,0.028939161731223927,0.040926155004005337,0.09453526099312151,99.995,4.999999999995453e-05,4.57763671875e-05,0.00019230991250292003,0.0007790074426226212,0.0004856586775627706,0.00022578962249128026,0.0006045250750424511,0.00041515734876686563,0.00041515734876686563,0.0030501849929129095,0.00301826979238118,0.0030342273926470447,0.0018190403102178595,0.0016126650040129953,0.0017158526571154275,0.025044678718081404,0.022456889310135498,0.02375078401410845,0.025044678718081404,0.000274658203125,0.0,-5,7,0,0,16,26,True
1,-4,0.6731993307278851,0.0164190925399534,0.011610051675930506,0.04671445989169587,100.0,0.0,0.0,0.00158426339545586,0.004196677081890363,0.0028904702386731112,0.002410784291574643,0.007711586443563218,0.00506118536756893,0.00506118536756893,0.002046082972720494,0.0020567428850476184,0.0020514129288840563,0.002700079450310988,0.009197643439859262,0.005948861445085125,0.008752780993384373,0.016005173366932773,0.012378977180158573,0.016005173366932773,0.000274658203125,0.01586151123046875,-7,7,-2,-1,11,26,True
1,-3,0.6731993307278851,0.0164190925399534,0.012660851129245448,0.05094247974050049,100.0,0.0,0.0,0.0005759421093201436,0.0019075426382009722,0.001241742373760558,0.000539388768495847,0.003094096650059039,0.0018167427092774429,0.0018167427092774429,0.002046082972720494,0.0020567428850476184,0.0020514129288840563,0.001062846944158463,0.004015061796667041,0.002538954370412752,0.0073930616253248945,0.01100007604230254,0.009196568833813716,0.01100007604230254,0.000274658203125,0.0063018798828125,-7,7,-2,-1,18,26,False
1,-2,0.6731993307278851,0.0164190925399534,0.01380675605856582,0.0555531680781664,100.0,0.0,0.0,0.00044150452373919156,0.000863149025532318,0.0006523267746357548,0.00030192607285271127,0.0009971065868460017,0.0006495163298493565,0.0006495163298493565,0.002046082972720494,0.0020567428850476184,0.0020514129288840563,0.000843887677785027,0.0017107205025297745,0.0012773040901574008,0.00723563943859017,0.00879135356167343,0.008013496500131799,0.00879135356167343,0.000274658203125,0.0018157958984375,-7,7,-2,-1,16,26,False
1,-1,0.6731993307278851,0.0164190925399534,0.015056374244888924,0.06058115936329323,100.0,0.0,0.0,0.0004366876146660571,0.0006449941383631375,0.0005408408765145973,0.0003362929236998851,0.0006050432778457473,0.0004706681007728162,0.0004706681007728162,0.002046082972720494,0.0020567428850476184,0.0020514129288840563,0.0009438106247659675,0.0013643518195532933,0.0011540812221596305,0.007326779795208331,0.008459460372112154,0.007893120083660242,0.008459460372112154,0.000274658203125,0.000186920166015625,-7,7,-2,-1,15,26,False
1,0,0.6731993307278851,0.0164190925399534,0.0164190925399534,0.061253001987450775,99.99,0.00010000000000005117,9.918212890625e-05,0.0004372551851676201,0.0006371121811626135,0.0005371836831651168,0.0003415578443003047,0.0006129307965519186,0.0004772443204261117,0.0004772443204261117,0.002046082972720494,0.0020567428850476184,0.0020514129288840563,0.0009594553194302664,0.0013846314413569428,0.0011720433803936046,0.007350709649374657,0.008465916235069693,0.007908312942222176,0.008465916235069693,0.000274658203125,0.0,-7,7,-2,-1,16,26,False
1,1,0.6731993307278851,0.0164190925399534,0.01790514737816563,0.06118766899310144,99.99,0.00010000000000005117,9.918212890625e-05,0.00043873940398400174,0.0006372904628507236,0.0005380149334173627,0.0003406123502490339,0.0006111872568521176,0.00047589980355057575,0.00047589980355057575,0.002046082972720494,0.0020567428850476184,0.0020514129288840563,0.0009684232911822695,0.0013874621152099756,0.0011779427031961226,0.0073578998779467745,0.0084656362882434,0.007911768083095088,0.0084656362882434,0.000274658203125,0.0,-7,7,-2,-1,15,26,False
1,2,0.6731993307278851,0.0164190925399534,0.019525701670400682,0.061190781612751745,99.99,0.00010000000000005117,9.918212890625e-05,0.0004392953584907937,0.0006387751134233765,0.0005390352359570851,0.00034019033562416223,0.0006100692246372586,0.00047512978013071044,0.00047512978013071044,0.002046082972720494,0.0020567428850476184,0.0020514129288840563,0.0009567787101212425,0.0013824689731185016,0.0011696238416198722,0.007347397792595831,0.008466079603913594,0.007906738698254713,0.008466079603913594,0.000274658203125,0.0,-6,7,-2,-1,17,27,False
1,3,0.6731993307278851,0.0164190925399534,0.021292928657286884,0.06119621228275365,99.99,0.00010000000000005117,9.918212890625e-05,0.0004407957592050182,0.0006401497011822047,0.0005404727301936115,0.00033953824200756504,0.000607189484451049,0.000473363863229307,0.000473363863229307,0.002046082972720494,0.0020567428850476184,0.0020514129288840563,0.0009703889857725277,0.0013706140880069472,0.0011705015368897375,0.0073679665478625245,0.00844738500036117,0.007907675774111847,0.00844738500036117,0.000274658203125,0.0,-6,7,-2,-1,15,27,False
1,4,0.6731993307278851,0.0164190925399534,0.02322010335186101,0.0612498789202633,99.99,0.00010000000000005117,9.918212890625e-05,0.00044268413698210724,0.0006411994406989446,0.0005419417888405259,0.00034222601638984684,0.000609367573848659,0.0004757967951192529,0.0004757967951192529,0.002046082972720494,0.0020567428850476184,0.0020514129288840563,0.0009857834265232174,0.0013797000496711808,0.001182741738097199,0.007378995433814121,0.008452030536233661,0.007915512985023892,0.008452030536233661,0.000274658203125,0.0,-6,7,-2,-1,12,27,True
2,-4,0.3925844928411048,0.012308702159862605,0.008703566764844352,0.03501980869910736,100.0,0.0,0.0,0.000489735777489074,0.0003967238932494371,0.0004432298353692556,0.0009466070270870809,0.0006698779629987572,0.000808242495042919,0.000808242495042919,0.0035059785410821885,0.00296478585228002,0.0032353821966811043,0.004676023630513524,0.0009968489169736715,0.0028364362737435976,0.011022401775282038,0.006167568011487423,0.00859498489338473,0.011022401775282038,0.000213623046875,0.002353668212890625,-7,7,-1,-1,17,25,True
2,-3,0.3925844928411048,0.012308702159862605,0.009491306858831105,0.03818942669028851,100.0,0.0,0.0,0.00031581023190130374,0.00022574461475701962,0.0002707774233291617,0.0008306940469070287,0.0005327898817218053,0.000681741964314417,0.000681741964314417,0.0035059785410821885,0.00296478585228002,0.0032353821966811043,0.002876205163750254,0.0008218963362131714,0.0018490507499817127,0.00920629009293095,0.005942891346599272,0.007574590719765111,0.00920629009293095,0.000213623046875,0.000797271728515625,-7,7,-1,-1,15,25,False
2,-2,0.3925844928411048,0.012308702159862605,0.010350343522654118,0.04074938341244069,99.995,4.999999999995453e-05,4.9591064453125e-05,0.00025475857267933993,0.0001669435116473636,0.00021085104216335177,0.0006959643002158867,0.0004294240308044428,0.0005626941655101648,0.0005626941655101648,0.0035059785410821885,0.00296478585228002,0.0032353821966811043,0.0017983667994487897,0.0007499107354098193,0.0012741387674293045,0.008135147901537767,0.005894487947289429,0.007014817924413597,0.008135147901537767,0.000213623046875,0.000263214111328125,-6,7,-1,-1,16,26,False
2,-1,0.3925844928411048,0.012308702159862605,0.011287129647196078,0.0407047662021073,99.995,4.999999999995453e-05,4.9591064453125e-05,0.00023689508018437443,0.0001480852074715459,0.00019249014382796014,0.0006995448190921617,0.000429569162686484,0.0005645569908893229,0.0005645569908893229,0.0035059785410821885,0.00296478585228002,0.0032353821966811043,0.0018093531570084974,0.0007520384829305212,0.0012806958199695093,0.008135112897911132,0.005900185274880793,0.007017649086395962,0.008135112897911132,0.000213623046875,6.866455078125e-05,-6,7,-1,-1,15,26,False
2,0,0.3925844928411048,0.012308702159862605,0.012308702159862605,0.040705943594247486,99.995,4.999999999995453e-05,4.9591064453125e-05,0.00023393211853305396,0.00014450270171000875,0.00018921741012153134,0.0006978604308171785,0.00043015081670393253,0.0005640056237605555,0.0005640056237605555,0.0035059785410821885,0.00296478585228002,0.0032353821966811043,0.0018206518264811107,0.0007586726700628988,0.0012896622482720047,0.008153489459465353,0.0059003517016888605,0.007026920580577106,0.008153489459465353,0.000213623046875,1.52587890625e-05,-6,7,-1,-1,13,26,False
2,1,0.3925844928411048,0.012308702159862605,0.01342273488440373,0.040690967392589386,99.995,4.999999999995453e-05,4.9591064453125e-05,0.00023390203190510014,0.0001451530772927025,0.00018952755459890133,0.0007042017773217583,0.0004376696809388751,0.0005709357291303167,0.0005709357291303167,0.0035059785410821885,0.00296478585228002,0.0032353821966811043,0.0018238038761036882,0.0007675508228632646,0.0012956773494834763,0.008160084174043188,0.005906561262931062,0.007033322718487125,0.008160084174043188,0.000213623046875,0.0,-6,7,-1,-1,16,26,False
2,2,0.3925844928411048,0.012308702159862605,0.01463759618495797,0.040685601427600256,99.995,4.999999999995453e-05,4.9591064453125e-05,0.0002347185683865817,0.00014619120527365452,0.0001904548868301181,0.0006981667596194189,0.0004338920974841769,0.0005660294285517979,0.0005660294285517979,0.0035059785410821885,0.00296478585228002,0.0032353821966811043,0.001820590110564636,0.0007507354711111167,0.0012856627908378764,0.008153737183707826,0.005895679406314169,0.007024708295010998,0.008153737183707826,0.000213623046875,0.0,-6,7,-1,-1,16,26,False
2,3,0.3925844928411048,0.012308702159862605,0.015962411827328143,0.04072300285404824,99.995,4.999999999995453e-05,4.9591064453125e-05,0.0002361256369504202,0.00014732808953036645,0.0001917268632403933,0.0006980146601132342,0.0004295438324502228,0.0005637792462817284,0.0005637792462817284,0.0035059785410821885,0.00296478585228002,0.0032353821966811043,0.0018140117092870812,0.0007570200303392393,0.0012855158698131604,0.00813854569697412,0.005890552425906267,0.007014549061440193,0.00813854569697412,0.000213623046875,0.0,-6,7,-1,-1,17,26,False
2,4,0.3925844928411048,0.012308702159862605,0.017407133529688704,0.04070802037619955,99.995,4.999999999995453e-05,4.9591064453125e-05,0.0002374879320290447,0.00014927862992942143,0.00019338328097923306,0.0007044307998546444,0.00043246495749045376,0.000568447878672549,0.000568447878672549,0.0035059785410821885,0.00296478585228002,0.0032353821966811043,0.0018238023740356603,0.0007623488381894989,0.0012930756061125797,0.008162447408066072,0.005903585039038772,0.007033016223552422,0.008162447408066072,0.000213623046875,0.0,-6,7,-1,-1,18,26,True
3,-4,0.14680306742510457,0.013761605246231738,0.00973092438962283,0.03915355974348796,100.0,0.0,0.0,0.00043400826195743317,0.0002486889277698671,0.00034134859486365014,0.001895869080262693,0.0013463021104089317,0.0016210855953358123,0.0016210855953358123,0.0018862350053186724,0.0016142138260359688,0.0017502244156773206,0.0061902533123627075,0.0035468759459386504,0.004868564629150679,0.008814294728634235,0.005916851640667069,0.007365573184650652,0.008814294728634235,0.00030517578125,6.4849853515625e-05,-5,7,0,0,18,26,True
3,-3,0.14680306742510457,0.013761605246231738,0.010611648292864649,0.04269726194339294,100.0,0.0,0.0,0.0004130767116537219,0.00023960009958854062,0.00032633840562113127,0.0018108704313072339,0.0013635222185733574,0.0015871963249402955,0.0015871963249402955,0.0018862350053186724,0.0016142138260359688,0.0017502244156773206,0.005374279238539568,0.003198207422486602,0.004286243330513085,0.007919270245813483,0.005545658664209609,0.006732464455011546,0.007919270245813483,0.00030517578125,2.288818359375e-05,-5,7,0,0,16,26,False
3,-2,0.14680306742510457,0.013761605246231738,0.01157208451969298,0.033512029017273764,99.99,0.00010000000000005117,9.1552734375e-05,0.0004017110722795083,0.0002351056472161783,0.0003184083597478433,0.002298893631565886,0.001463684431130639,0.0018812890313482625,0.0018812890313482625,0.0018862350053186724,0.0016142138260359688,0.0017502244156773206,0.008580418669251078,0.004418138333911865,0.0064992785015814715,0.011235386357257513,0.006827827748254596,0.009031607052756055,0.011235386357257513,0.00030517578125,1.1444091796875e-05,-5,7,0,0,15,26,False
3,-1,0.14680306742510457,0.013761605246231738,0.01261944765178112,0.050775887795740784,100.0,0.0,0.0,0.00039484208913312526,0.00023401055596968386,0.00031442632255140456,0.0019942653631150526,0.001693708401415962,0.0018439868822655073,0.0018439868822655073,0.0018862350053186724,0.0016142138260359688,0.0017502244156773206,0.004470443091809577,0.0033534024354552098,0.003911922763632393,0.007097872735505324,0.0056570112215954226,0.006377441978550374,0.007097872735505324,0.00030517578125,7.62939453125e-06,-5,7,0,0,17,26,False
3,0,0.14680306742510457,0.013761605246231738,0.013761605246231738,0.055371498274208,100.0,0.0,0.0,0.00039102018000651816,0.00023493963032211631,0.0003129799051643172,0.0019796849997242984,0.0017494718195913798,0.001864578409657839,0.001864578409657839,0.0018862350053186724,0.0016142138260359688,0.0017502244156773206,0.004214116167397336,0.0035596178086729447,0.0038868669880351404,0.0068018627860839806,0.005893744295264976,0.006347803540674478,0.0068018627860839806,0.00030517578125,3.814697265625e-06,-5,7,0,0,20,26,False
3,1,0.14680306742510457,0.013761605246231738,0.015007136934902488,0.033533792256368475,99.99,0.00010000000000005117,9.5367431640625e-05,0.0003913802061631578,0.00023664979039844533,0.0003140149982808016,0.0022940720093635337,0.0014612492030977751,0.0018776606062306544,0.0018776606062306544,0.0018862350053186724,0.0016142138260359688,0.0017502244156773206,0.008582815841866499,0.00442251908379982,0.006502667462833159,0.011238055151468083,0.006827702186312628,0.009032878668890356,0.011238055151468083,0.00030517578125,0.0,-5,7,0,0,14,26,False
3,2,0.14680306742510457,0.013761605246231738,0.016365398872677555,0.03347619374198736,99.99,0.00010000000000005117,9.918212890625e-05,0.0003937202325743592,0.00023940327698727156,0.00031656175478081536,0.0023198383806668876,0.0014756886152440289,0.0018977634979554583,0.0018977634979554583,0.0018862350053186724,0.0016142138260359688,0.0017502244156773206,0.008620383531510692,0.0044337973389512115,0.006527090435230951,0.011276172527048758,0.006850000938337439,0.009063086732693099,0.011276172527048758,0.00030517578125,0.0,-4,7,0,0,11,27,False
3,3,0.14680306742510457,0.013761605246231738,0.017846594018806165,0.03355505880844636,99.99,0.00010000000000005117,9.5367431640625e-05,0.0003962596919470681,0.00024201498890414046,0.0003191373404256043,0.0022902075094317453,0.001471975767785717,0.001881091638608731,0.001881091638608731,0.0018862350053186724,0.0016142138260359688,0.0017502244156773206,0.008546705722299418,0.004412919772097852,0.006479812747198635,0.011214129586072041,0.006821884444125926,0.009018007015098984,0.011214129586072041,0.00030517578125,0.0,-4,7,0,0,18,27,False
3,4,0.14680306742510457,0.013761605246231738,0.01946184877924566,0.03352720373092001,99.99,0.00010000000000005117,9.5367431640625e-05,0.00040010262805134785,0.00024538350324835505,0.00032274306564985145,0.002300889105758418,0.0014739013362041608,0.0018873952209812893,0.0018873952209812893,0.0018862350053186724,0.0016142138260359688,0.0017502244156773206,0.008584938033577235,0.0044329252969010574,0.006508931665239146,0.011239688231132652,0.006849831355465716,0.009044759793299184,0.011239688231132652,0.00030517578125,0.0,-4,7,0,0,19,27,True
4,-4,0.11649970557745987,0.010057491756816287,0.0071117206229726,0.027810626438538724,99.99,0.00010000000000005117,9.918212890625e-05,0.000346614589229762,0.0002504651921266896,0.00029853989067822584,0.0008854536007098315,0.0015558217606533734,0.0012206376806816023,0.0012206376806816023,0.0031249813558763082,0.0018264075330681956,0.002475694444472252,0.0011967708055920586,0.0042627866845984675,0.002729778745095263,0.00336699242470295,0.006179298125029691,0.00477314527486632,0.006179298125029691,0.000244140625,0.000827789306640625,-5,7,0,0,15,26,True
4,-3,0.11649970557745987,0.010057491756816287,0.007755386331906602,0.027824410622162257,99.99,0.00010000000000005117,9.1552734375e-05,0.00022707781000325867,0.00016135276906382803,0.00019421528953354335,0.0008870380511724585,0.0015574172559826064,0.0012222276535775324,0.0012222276535775324,0.0031249813558763082,0.0018264075330681956,0.002475694444472252,0.0011981545518141821,0.0042580581812319005,0.002728106366523041,0.0033665439473650155,0.006176222816933385,0.0047713833821492,0.006176222816933385,0.000244140625,0.000331878662109375,-5,7,0,0,16,26,False
4,-2,0.11649970557745987,0.010057491756816287,0.008457308764750598,0.03402890549652569,100.0,0.0,0.0,0.00018430163178712196,0.00012465487090495975,0.00015447825134604087,0.001080961908633694,0.0012650293312072237,0.0011729956199204587,0.0011729956199204587,0.0031249813558763082,0.0018264075330681956,0.002475694444472252,0.0014988380493080333,0.0017320199960079296,0.0016154290226579814,0.0035932465894392414,0.003826135385787983,0.0037096909876136123,0.003826135385787983,0.000244140625,0.0001220703125,-5,7,0,0,16,26,False
4,-1,0.11649970557745987,0.010057491756816287,0.009222760605498186,0.027804037851905532,99.99,0.00010000000000005117,9.5367431640625e-05,0.00017233037602225614,0.00011391993819615236,0.00014312515710920425,0.0008920656032872629,0.0015633990909150275,0.0012277323471011452,0.0012277323471011452,0.0031249813558763082,0.0018264075330681956,0.002475694444472252,0.0012000767971723674,0.00427708689835674,0.002738581847764554,0.0033705065113934698,0.0061866073181911785,0.004778556914792324,0.0061866073181911785,0.000244140625,3.814697265625e-05,-5,7,0,0,17,26,False
4,0,0.11649970557745987,0.010057491756816287,0.010057491756816287,0.027803708603889008,99.99,0.00010000000000005117,9.918212890625e-05,0.0001709358138103459,0.00011385531759897692,0.0001423955657046614,0.0008843168579507893,0.0015620278795853567,0.001223172368768073,0.001223172368768073,0.0031249813558763082,0.0018264075330681956,0.002475694444472252,0.0012041462386256903,0.004274875231685144,0.002739510735155417,0.00337606331041158,0.00619976891674596,0.00478791611357877,0.00619976891674596,0.000244140625,3.814697265625e-06,-5,7,0,0,18,26,False
4,1,0.11649970557745987,0.010057491756816287,0.010967772532025247,0.027816120665499006,99.99,0.00010000000000005117,9.1552734375e-05,0.00017169787520094384,0.00011532217467512826,0.00014351002493803605,0.0008883190102553126,0.0015624451280326253,0.0012253820691439689,0.0012253820691439689,0.0031249813558763082,0.0018264075330681956,0.002475694444472252,0.0011983760984946947,0.004266823131558615,0.002732599615026655,0.003379513704664647,0.006186761056271597,0.004783137380468122,0.006186761056271597,0.000244140625,0.0,-5,7,0,0,15,26,False
4,2,0.11649970557745987,0.010057491756816287,0.011960440756287145,0.027791254027630156,99.99,0.00010000000000005117,9.5367431640625e-05,0.00017388026732495504,0.00011689748903576798,0.0001453888781803615,0.0008945951005409336,0.0015654769491316616,0.0012300360248362976,0.0012300360248362976,0.0031249813558763082,0.0018264075330681956,0.002475694444472252,0.001207060927362566,0.004287017784226912,0.002747039355794739,0.0033796784516117386,0.006207102754948988,0.004793390603280363,0.006207102754948988,0.000244140625,0.0,-5,7,0,0,16,26,False
4,3,0.11649970557745987,0.010057491756816287,0.013042953130815833,0.027842265933252307,99.99,0.00010000000000005117,9.1552734375e-05,0.00017513126356782723,0.00011920534187767993,0.0001471683027227536,0.0008943454413426287,0.0015652242408012395,0.0012297848410719341,0.0012297848410719341,0.0031249813558763082,0.0018264075330681956,0.002475694444472252,0.0012104290884911155,0.00423936245611247,0.0027248957723017926,0.003385188297162587,0.006157791322406689,0.004771489809784638,0.006157791322406689,0.000244140625,0.0,-5,7,0,0,15,26,False
4,4,0.11649970557745987,0.010057491756816287,0.0142234412459452,0.027810626438538724,99.99,0.00010000000000005117,9.1552734375e-05,0.0001769566294241607,0.00012126286712136864,0.00014910974827276466,0.0009054488605322145,0.0015821465546634935,0.001243797707597854,0.001243797707597854,0.0031249813558763082,0.0018264075330681956,0.002475694444472252,0.0012296088869598876,0.004293547253907698,0.0027615780704337927,0.0034054348376421147,0.006212159413050446,0.00480879712534628,0.006212159413050446,0.000244140625,0.0,-4,7,0,0,16,27,True
5,-4,0.11933438608965535,0.01320703788138844,0.00933878604531738,0.031440355035172694,99.995,4.999999999995453e-05,4.57763671875e-05,0.00015230036722304146,0.0002011836250517557,0.0001767419961373986,0.0020029877494362157,0.003684114393586352,0.0028435510715112836,0.0028435510715112836,0.0014854984652276726,0.0013083587844234638,0.0013969286248255682,0.002231359815336404,0.002126676974320818,0.0021790183948286112,0.0038133156889978616,0.0035076337283051527,0.003660474708651507,0.0038133156889978616,0.000244140625,1.52587890625e-05,-5,7,0,0,18,26,True
5,-3,0.11933438608965535,0.01320703788138844,0.010184018396125002,0.04097664051316038,100.0,0.0,0.0,0.00014937943435676013,0.00018663438479278125,0.0001680069095747707,0.002480551977344407,0.0028028357294491847,0.0026416938533967956,0.0026416938533967956,0.0014854984652276726,0.0013083587844234638,0.0013969286248255682,0.003000422434312685,0.0026640751994495165,0.002832248816881101,0.004625350522895845,0.00407083011783203,0.004348090320363937,0.004625350522895845,0.000244140625,1.52587890625e-05,-5,7,0,0,17,26,False
5,-2,0.11933438608965535,0.01320703788138844,0.01110575081057955,0.03145219018817549,99.995,4.999999999995453e-05,4.57763671875e-05,0.00014920209443280923,0.00017625392287603102,0.00016272800865442012,0.0020073805840508767,0.0036922892496086593,0.0028498349168297682,0.0028498349168297682,0.0014854984652276726,0.0013083587844234638,0.0013969286248255682,0.0022208930477008192,0.0021345364869916664,0.002177714767346243,0.003811417866788923,0.0035085017225532983,0.0036599597946711106,0.003811417866788923,0.000244140625,7.62939453125e-06,-5,7,0,0,17,26,False
5,-1,0.11933438608965535,0.01320703788138844,0.012110907135990454,0.031438058853632427,99.995,4.999999999995453e-05,4.9591064453125e-05,0.00015088459182029706,0.00016903029629295095,0.000159957444056624,0.0020122032751973846,0.0037026684900433944,0.0028574358826203893,0.0028574358826203893,0.0014854984652276726,0.0013083587844234638,0.0013969286248255682,0.0022335868709363596,0.0021529008297098565,0.002193243850323108,0.003810620940494212,0.003532518124333681,0.0036715695324139467,0.003810620940494212,0.000244140625,3.814697265625e-06,-5,7,0,0,15,26,False
5,0,0.11933438608965535,0.01320703788138844,0.01320703788138844,0.031475715483555454,99.995,4.999999999995453e-05,4.9591064453125e-05,0.00015319436904080564,0.00016402445911293243,0.00015860941407686902,0.002001831228696915,0.003678999616782461,0.002840415422739688,0.002840415422739688,0.0014854984652276726,0.0013083587844234638,0.0013969286248255682,0.0022313613105351448,0.002128261889854741,0.0021798116001949426,0.0038304215283097424,0.003506662669117258,0.0036685420987135004,0.0038304215283097424,0.000244140625,3.814697265625e-06,-5,7,0,0,19,26,False
5,1,0.11933438608965535,0.01320703788138844,0.014402376935257075,0.031388165083822195,99.995,4.999999999995453e-05,4.9591064453125e-05,0.00015519302902677675,0.00016378530612797635,0.00015948916757737655,0.0020440101548866935,0.003739254973626006,0.00289163256425635,0.00289163256425635,0.0014854984652276726,0.0013083587844234638,0.0013969286248255682,0.0022631712547294975,0.0021628420951952123,0.002213006674962355,0.003846828588081766,0.003531011710194007,0.0036889201491378865,0.003846828588081766,0.000244140625,0.0,-5,7,0,0,17,26,False
5,2,0.11933438608965535,0.01320703788138844,0.015705903416657594,0.031384712663205624,99.995,4.999999999995453e-05,4.9591064453125e-05,0.00015801129817629036,0.00016676976596316105,0.0001623905320697257,0.002058946942458596,0.003759677694434673,0.0029093123184466343,0.0029093123184466343,0.0014854984652276726,0.0013083587844234638,0.0013969286248255682,0.002267143433765399,0.00218306185856354,0.0022251026461644697,0.0038572328185354013,0.0035636400024924826,0.003710436410513942,0.0038572328185354013,0.000244140625,0.0,-4,7,0,0,16,27,False
5,3,0.11933438608965535,0.01320703788138844,0.017127409124358797,0.03139323707304152,99.995,4.999999999995453e-05,4.9591064453125e-05,0.000161376293354028,0.00017061614494922735,0.0001659962191516277,0.0020565326700701077,0.0037564453762012557,0.0029064890231356817,0.0029064890231356817,0.0014854984652276726,0.0013083587844234638,0.0013969286248255682,0.0022644127111405093,0.002173182911871634,0.0022187978115060713,0.003846073596843833,0.003548002454798663,0.0036970380258212476,0.003846073596843833,0.000244140625,0.0,-4,7,0,0,16,27,False
5,4,0.11933438608965535,0.01320703788138844,0.01867757209063476,0.031440355035172694,99.995,4.999999999995453e-05,4.9591064453125e-05,0.00016563180912810473,0.00017402338487293038,0.00016982759700051754,0.0020282978351753135,0.003722513710682526,0.00287540577292892,0.00287540577292892,0.0014854984652276726,0.0013083587844234638,0.0013969286248255682,0.002236103163095629,0.0021640176188346552,0.0022000603909651424,0.003814619062603906,0.0035246522106723707,0.003669635636638138,0.003814619062603906,0.000244140625,0.0,-4,7,0,0,19,27,True
6,-4,0.46477343341496985,0.020765666778062575,0.014683543794628254,0.029972719023660877,99.995,4.999999999995453e-05,4.57763671875e-05,0.00042509082508739195,0.00018876357466622492,0.00030692719987680843,0.00333579968623076,0.009379894168183916,0.006357846927207338,0.006357846927207338,0.0012138837273697235,0.0010806259295380286,0.0011472548284538761,0.003387573952948925,0.02479362453243359,0.014090599242691258,0.004954302102046944,0.025447075365482606,0.015200688733764775,0.025447075365482606,0.000213623046875,3.814697265625e-06,-7,7,-2,-1,16,26,True
6,-3,0.46477343341496985,0.020765666778062575,0.016012518050971068,0.03003791206197832,99.995,4.999999999995453e-05,4.57763671875e-05,0.0004273100358257373,0.00016681460052416628,0.0002970623181749518,0.0033520394834050016,0.009380197418006149,0.006366118450705575,0.006366118450705575,0.0012138837273697235,0.0010806259295380286,0.0011472548284538761,0.0033879175118639053,0.024730394720144284,0.014059156116004095,0.004950406595881347,0.02538679714550177,0.015168601870691557,0.02538679714550177,0.000213623046875,3.814697265625e-06,-6,7,-2,-1,20,27,False
6,-2,0.46477343341496985,0.020765666778062575,0.01746177475402597,0.030021530900545212,99.995,4.999999999995453e-05,4.57763671875e-05,0.00043084360469105177,0.00014811799257638918,0.00028948079863372046,0.0033539256606426792,0.009383687966104788,0.006368806813373734,0.006368806813373734,0.0012138837273697235,0.0010806259295380286,0.0011472548284538761,0.0033944446506671004,0.024745675659596927,0.014070060155132014,0.004948615173164657,0.025406108528750602,0.01517736185095763,0.025406108528750602,0.000213623046875,3.814697265625e-06,-6,7,-2,-1,18,27,False
6,-1,0.46477343341496985,0.020765666778062575,0.0190422003953243,0.03003994775193755,99.995,4.999999999995453e-05,4.57763671875e-05,0.00043294320435240965,0.0001340689452032771,0.00028350607477784336,0.0033656151883797647,0.009387133977332079,0.006376374582855922,0.006376374582855922,0.0012138837273697235,0.0010806259295380286,0.0011472548284538761,0.003404080274239375,0.024727918545032698,0.014065999409636036,0.00496533454641535,0.025376841259083,0.015171087902749174,0.025376841259083,0.000213623046875,3.814697265625e-06,-6,7,-2,-1,12,27,False
6,0,0.46477343341496985,0.020765666778062575,0.020765666778062575,0.029996748682257268,99.995,4.999999999995453e-05,4.57763671875e-05,0.0004373077669643066,0.00012630488587571668,0.00028180632642001163,0.00339672624659767,0.00941109390636722,0.006403910076482445,0.006403910076482445,0.0012138837273697235,0.0010806259295380286,0.0011472548284538761,0.0034608694392498545,0.024797178311072875,0.014129023875161364,0.005010271684195379,0.02544808125369494,0.015229176468945161,0.02544808125369494,0.000213623046875,3.814697265625e-06,-6,7,-2,-1,15,27,False
6,1,0.46477343341496985,0.020765666778062575,0.022645120195427287,0.030037214867197504,99.995,4.999999999995453e-05,4.57763671875e-05,0.00044213717076729055,0.0001253521264776688,0.0002837446486224797,0.0034090889261189656,0.009419604871737937,0.006414346898928451,0.006414346898928451,0.0012138837273697235,0.0010806259295380286,0.0011472548284538761,0.0034601749371830455,0.024770930366551744,0.014115552651867395,0.005014766501476019,0.02542982612725588,0.01522229631436595,0.02542982612725588,0.000213623046875,0.0,-6,7,-2,-1,14,27,False
6,2,0.46477343341496985,0.020765666778062575,0.024694678680247644,0.030054537648530874,99.995,4.999999999995453e-05,4.57763671875e-05,0.0004461832142655432,0.0001307412614909919,0.00028846223787826756,0.00342037600385275,0.00941431200616763,0.00641734400501019,0.00641734400501019,0.0012138837273697235,0.0010806259295380286,0.0011472548284538761,0.0034819352111330254,0.024738910556373363,0.014110422883753195,0.005035712418614392,0.025384174082315074,0.015209943250464732,0.025384174082315074,0.000213623046875,0.0,-6,7,-2,-1,16,27,False
6,3,0.46477343341496985,0.020765666778062575,0.026929738056493936,0.030018206507905768,99.995,4.999999999995453e-05,4.57763671875e-05,0.00045211172352777106,0.00013674058302058306,0.00029442615327417707,0.0034062490325180105,0.009420765687101929,0.00641350735980997,0.00641350735980997,0.0012138837273697235,0.0010806259295380286,0.0011472548284538761,0.003455200414018918,0.024795066958925093,0.014125133686472006,0.00500643521095031,0.0254427184815349,0.015224576846242604,0.0254427184815349,0.000213623046875,0.0,-6,7,-2,-1,18,27,False
6,4,0.46477343341496985,0.020765666778062575,0.029367087589256508,0.02998512068466421,99.995,4.999999999995453e-05,4.57763671875e-05,0.0004588912848066846,0.00014349771874611376,0.00030119450177639915,0.0034491658225832746,0.00947485986743806,0.006462012845010667,0.006462012845010667,0.0012138837273697235,0.0010806259295380286,0.0011472548284538761,0.00350906719500575,0.02486423429198526,0.014186650743495505,0.005063606168039424,0.025533642711996814,0.01529862444001812,0.025533642711996814,0.000213623046875,0.0,-6,7,-2,-1,17,27,True
7,-4,0.10528400833082811,0.01826035831321036,0.012912023190167194,0.029958454320593,99.995,4.999999999995453e-05,4.9591064453125e-05,0.0005822023918272522,0.0004151018716902489,0.0004986521317587505,0.0030366286321357725,0.0025982427095948817,0.002817435670865327,0.002817435670865327,0.0018148733988494644,0.0016657161390673284,0.0017402947689583964,0.0032442176199432367,0.0022589402049926753,0.002751578912467956,0.0054031410614791145,0.004047465862729723,0.004725303462104419,0.0054031410614791145,0.00030517578125,6.4849853515625e-05,-5,7,0,1,15,26,True
7,-3,0.10528400833082811,0.01826035831321036,0.014080661133230452,0.030009174649780642,99.995,4.999999999995453e-05,4.57763671875e-05,0.000507408284847802,0.00033559042920568925,0.0004214993570267456,0.0030584815587938784,0.002614803840933926,0.0028366426998639024,0.0028366426998639024,0.0018148733988494644,0.0016657161390673284,0.0017402947689583964,0.0032547175606973313,0.0022893532964761674,0.0027720354285867494,0.005404186004835108,0.004074987583649272,0.00473958679424219,0.005404186004835108,0.00030517578125,4.57763671875e-05,-5,7,0,1,16,26,False
7,-2,0.10528400833082811,0.01826035831321036,0.015355069846826958,0.02995743421764771,99.995,4.999999999995453e-05,4.9591064453125e-05,0.00046282612357499887,0.00028349271455580736,0.0003731594190654031,0.003079153257563172,0.00263727446735427,0.002858213862458721,0.002858213862458721,0.0018148733988494644,0.0016657161390673284,0.0017402947689583964,0.0032772453408472864,0.002308405878509795,0.002792825609678541,0.005436273266674514,0.004090384463536061,0.004763328865105288,0.005436273266674514,0.00030517578125,4.1961669921875e-05,-4,7,0,1,18,27,False
7,-1,0.10528400833082811,0.01826035831321036,0.016744822403579933,0.03003201245140827,99.995,4.999999999995453e-05,4.57763671875e-05,0.00044153143570018356,0.0002605413165641787,0.00035103637613218117,0.0030863512047709313,0.0026308855460590082,0.0028586183754149698,0.0028586183754149698,0.0018148733988494644,0.0016657161390673284,0.0017402947689583964,0.00327193843682256,0.0022990749080641676,0.002785506672443364,0.0054281483798559035,0.004077433671638236,0.0047527910257470695,0.0054281483798559035,0.00030517578125,1.9073486328125e-05,-4,7,0,1,16,27,False
7,0,0.10528400833082811,0.01826035831321036,0.01826035831321036,0.030018384818839047,99.995,4.999999999995453e-05,4.57763671875e-05,0.00043378064451282824,0.0002605026448241265,0.0003471416446684774,0.003085263470641686,0.002620086630538594,0.0028526750505901404,0.0028526750505901404,0.0018148733988494644,0.0016657161390673284,0.0017402947689583964,0.0032671264821248227,0.0022959664874920983,0.0027815464848084605,0.005409709039558409,0.004086904324851963,0.0047483066822051855,0.005409709039558409,0.00030517578125,3.814697265625e-06,-4,7,0,1,14,27,False
7,1,0.10528400833082811,0.01826035831321036,0.01991306194179422,0.030069909046716973,99.995,4.999999999995453e-05,4.57763671875e-05,0.00043338544399246784,0.0002647412134646838,0.0003490633287285758,0.003087186712783829,0.002634267269551148,0.0028607269911674884,0.0028607269911674884,0.0018148733988494644,0.0016657161390673284,0.0017402947689583964,0.0032688018368246564,0.0023064896971612303,0.002787645766992943,0.005404797061310648,0.004103186738123464,0.004753991899717056,0.005404797061310648,0.00030517578125,0.0,-4,7,0,1,17,27,False
7,2,0.10528400833082811,0.01826035831321036,0.021715348028568848,0.03005578137783878,99.995,4.999999999995453e-05,4.57763671875e-05,0.0004377060441303839,0.00027078861424257916,0.00035424732918648154,0.003108636116814146,0.0026516279182947976,0.002880132017554472,0.002880132017554472,0.0018148733988494644,0.0016657161390673284,0.0017402947689583964,0.003289867618487422,0.0023264818384711246,0.0028081747284792735,0.005432370740634326,0.0041078360818804244,0.004770103411257375,0.005432370740634326,0.00030517578125,0.0,-4,7,0,1,18,27,False
7,3,0.10528400833082811,0.01826035831321036,0.023680754942671585,0.029979181671882217,99.995,4.999999999995453e-05,4.57763671875e-05,0.00044538291024312385,0.0002775973973354266,0.0003614901537892752,0.0031081567287385334,0.0026751281524236216,0.0028916424405810775,0.0028916424405810775,0.0018148733988494644,0.0016657161390673284,0.0017402947689583964,0.0033021345865290566,0.0023266825985573175,0.0028144085925431873,0.005462442925450101,0.004109085762444649,0.004785764343947375,0.005462442925450101,0.00030517578125,0.0,-4,7,0,1,17,27,False
7,4,0.10528400833082811,0.01826035831321036,0.02582404638033439,0.030049296329619505,99.995,4.999999999995453e-05,4.57763671875e-05,0.0004523835892765642,0.00028496527069514694,0.00036867442998585556,0.003140447184785746,0.0026906065068490097,0.002915526845817378,0.002915526845817378,0.0018148733988494644,0.0016657161390673284,0.0017402947689583964,0.0033191597357768304,0.002354503670032988,0.0028368317029049094,0.005491062170617543,0.004154941259587719,0.004823001715102631,0.005491062170617543,0.00030517578125,0.0,-4,7,0,1,16,27,True
8,-4,0.08892446803295706,0.028123432265258486,0.019886269665004824,0.02816492304506656,99.995,4.999999999995453e-05,4.9591064453125e-05,0.0008271286582644778,0.00038600853551893336,0.0006065685968917056,0.0020489535356523368,0.0015985353354182464,0.0018237444355352916,0.0018237444355352916,0.0028410393769862786,0.002420819825971589,0.002630929601478934,0.003371706707356162,0.0016893545456045096,0.002530530626480336,0.0058194861016966325,0.003936459447481129,0.00487797277458888,0.0058194861016966325,0.000274658203125,3.4332275390625e-05,-4,7,0,1,10,27,True
8,-3,0.08892446803295706,0.028123432265258486,0.0216861308435543,0.028153012742813715,99.995,4.999999999995453e-05,4.9591064453125e-05,0.0006509116090938953,0.0003014768454586911,0.0004761942272762932,0.002076233825806694,0.0016150960563112479,0.001845664941058971,0.001845664941058971,0.0028410393769862786,0.002420819825971589,0.002630929601478934,0.0034183899785141165,0.0016982629163078313,0.002558326447410974,0.005868092737049574,0.003938423829880829,0.004903258283465202,0.005868092737049574,0.000274658203125,2.288818359375e-05,-4,7,0,1,17,27,False
8,-2,0.08892446803295706,0.028123432265258486,0.023648893376486513,0.028114319865666527,99.995,4.999999999995453e-05,4.9591064453125e-05,0.0005141844382472425,0.0002577754375127903,0.00038597993788001643,0.0020311922714907798,0.0016053382505500696,0.0018182652610204248,0.0018182652610204248,0.0028410393769862786,0.002420819825971589,0.002630929601478934,0.003372216502902212,0.0017096146624818226,0.0025409155826920174,0.0058247723167031305,0.003959614232467192,0.0048921932745851614,0.0058247723167031305,0.000274658203125,1.9073486328125e-05,-4,7,0,1,17,27,False
8,-1,0.08892446803295706,0.028123432265258486,0.025789301096034736,0.028200828539952517,99.995,4.999999999995453e-05,4.9591064453125e-05,0.0004154235587814492,0.0002559462584344393,0.00033568490860794425,0.0020911793805228293,0.0016474182706978909,0.0018692988256103602,0.0018692988256103602,0.0028410393769862786,0.002420819825971589,0.002630929601478934,0.0034101485986703347,0.0017230158660504844,0.0025665822323604095,0.005878530328368241,0.003976632334753844,0.004927581331561043,0.005878530328368241,0.000274658203125,1.1444091796875e-05,-4,7,0,1,18,27,False
8,0,0.08892446803295706,0.028123432265258486,0.028123432265258486,0.02811978677601465,99.995,4.999999999995453e-05,4.9591064453125e-05,0.0003550411880015584,0.0002668786145753811,0.0003109599012884697,0.0021099646407693054,0.0016476119876997722,0.0018787883142345387,0.0018787883142345387,0.0028410393769862786,0.002420819825971589,0.002630929601478934,0.003451126298245039,0.00174604352905749,0.0025985849136512646,0.005895704523662076,0.003993013095246976,0.004944358809454526,0.005895704523662076,0.000274658203125,7.62939453125e-06,-4,7,0,1,17,27,False
8,1,0.08892446803295706,0.028123432265258486,0.030668820354351985,0.02822462076885,99.995,4.999999999995453e-05,4.9591064453125e-05,0.0003455258109523582,0.0002816349440957566,0.0003135803775240574,0.002113115996015785,0.001684833671494064,0.0018989748337549246,0.0018989748337549246,0.0028410393769862786,0.002420819825971589,0.002630929601478934,0.003421413539480279,0.0017650782878982302,0.0025932459136892546,0.005854912026208097,0.00400922048480771,0.004932066255507904,0.005854912026208097,0.000274658203125,0.0,-3,7,0,1,16,28,False
8,2,0.08892446803295706,0.028123432265258486,0.033444585748142484,0.028174176787938283,99.995,4.999999999995453e-05,4.9591064453125e-05,0.0003623645963405908,0.00029898854581741875,0.00033067657107900474,0.0021841379598618246,0.0017437668145321825,0.0019639523871970033,0.0019639523871970033,0.0028410393769862786,0.002420819825971589,0.002630929601478934,0.003512905578200869,0.0018505854031434222,0.0026817454906721454,0.005972192803559548,0.004089393671078619,0.005030793237319083,0.005972192803559548,0.000274658203125,0.0,-3,7,0,1,15,28,False
8,3,0.08892446803295706,0.028123432265258486,0.03647157937413565,0.028139815239642967,99.995,4.999999999995453e-05,4.9591064453125e-05,0.00038118608224095953,0.00031685938314727255,0.00034902273269411604,0.002176637508862508,0.0017500625986607663,0.001963350053761637,0.001963350053761637,0.0028410393769862786,0.002420819825971589,0.002630929601478934,0.003522864283677712,0.0018488683474439092,0.0026858663155608104,0.005965092198708334,0.004088844068740353,0.005026968133724344,0.005965092198708334,0.000274658203125,0.0,-3,7,0,1,22,28,False
8,4,0.08892446803295706,0.028123432265258486,0.03977253933000965,0.028181732781900486,99.995,4.999999999995453e-05,4.9591064453125e-05,0.000406122472159613,0.00034012127355994036,0.00037312187285977667,0.00223561086490614,0.0017903156459169465,0.002012963255411543,0.002012963255411543,0.0028410393769862786,0.002420819825971589,0.002630929601478934,0.003566084971743301,0.0018851701324380768,0.0027256275520906887,0.006020592213683266,0.004161941889283702,0.005091267051483484,0.006020592213683266,0.000274658203125,0.0,-3,7,0,1,11,28,True
9,-4,0.09623129536786418,0.011526146463491874,0.008150216325284449,0.03279314414029244,100.0,0.0,0.0,0.00039890013264685123,0.00020555898505765093,0.0003022295588522511,0.002140167730446571,0.0014350676364563119,0.0017876176834514413,0.0017876176834514413,0.003237721623734439,0.0025960468324884435,0.002916884228111441,0.002885143140965954,0.002571169575915731,0.0027281563584408424,0.007060871594911654,0.0058392701589741695,0.006450070876942911,0.007060871594911654,0.00018310546875,0.000263214111328125,-6,7,0,1,16,25,True
9,-3,0.09623129536786418,0.011526146463491874,0.00888787392561731,0.03576141365674996,100.0,0.0,0.0,0.00037388570227511676,0.00013820524877652696,0.00025604547552582184,0.0024743210327241674,0.0017666110425459977,0.0021204660376350827,0.0021204660376350827,0.003237721623734439,0.0025960468324884435,0.002916884228111441,0.0031107770075626457,0.0025923045937211934,0.0028515408006419196,0.007231501705830281,0.005905141168370544,0.0065683214371004125,0.007231501705830281,0.00018310546875,8.0108642578125e-05,-5,7,0,1,13,26,False
9,-2,0.09623129536786418,0.011526146463491874,0.009692295242839596,0.03899813035154827,100.0,0.0,0.0,0.0003583081845206328,0.00011850718916587441,0.0002384076868432536,0.002292815391615115,0.0016697494653509011,0.001981282428483008,0.001981282428483008,0.003237721623734439,0.0025960468324884435,0.002916884228111441,0.002892096148713604,0.0023016914173992504,0.0025968937830564273,0.006899517669243432,0.005552343052616111,0.0062259303609297715,0.006899517669243432,0.00018310546875,3.0517578125e-05,-5,7,0,1,16,26,False
9,-1,0.09623129536786418,0.011526146463491874,0.010569522909591272,0.04252776530715633,100.0,0.0,0.0,0.0003485147522493309,0.00011689369224510947,0.00023270422224722017,0.00229657911564705,0.0017476429030823092,0.0020221110093646797,0.0020221110093646797,0.003237721623734439,0.0025960468324884435,0.002916884228111441,0.0028337971270068377,0.002344691814024094,0.002589244470515466,0.006880612281503193,0.005606489877325707,0.00624355107941445,0.006880612281503193,0.00018310546875,1.1444091796875e-05,-5,7,0,1,16,26,False
9,0,0.09623129536786418,0.011526146463491874,0.011526146463491874,0.031180859997693027,99.995,4.999999999995453e-05,4.9591064453125e-05,0.00034403357971531144,0.00011863938243977776,0.00023133648107754462,0.0025236463897166375,0.0017556446010815222,0.0021396454953990797,0.0021396454953990797,0.003237721623734439,0.0025960468324884435,0.002916884228111441,0.0033236644634381802,0.0031275342022179563,0.003225599332828068,0.007487971798940137,0.006365731542733584,0.00692685167083686,0.007487971798940137,0.00018310546875,3.814697265625e-06,-5,7,0,1,15,26,False
9,1,0.09623129536786418,0.011526146463491874,0.012569351846270203,0.031132842874177228,99.995,4.999999999995453e-05,4.9591064453125e-05,0.00034373147444650694,0.00012079551005903904,0.000232263492252773,0.0025626398928197416,0.0017842703987245975,0.0021734551457721694,0.0021734551457721694,0.003237721623734439,0.0025960468324884435,0.002916884228111441,0.0033584305857470393,0.003167648672754764,0.003263039629250902,0.0075142621508528995,0.0063950682580912795,0.006954665204472089,0.0075142621508528995,0.00018310546875,0.0,-5,7,0,1,9,26,False
9,2,0.09623129536786418,0.011526146463491874,0.013706975382947987,0.031156090509715198,99.995,4.999999999995453e-05,4.9591064453125e-05,0.0003464125841453607,0.00012304512202125574,0.00023472885308330822,0.0025370608836290855,0.0017704639832210878,0.0021537624334250867,0.0021537624334250867,0.003237721623734439,0.0025960468324884435,0.002916884228111441,0.0033286242970959673,0.0031445646097349625,0.0032365944534154647,0.007514718766765255,0.00639389454365441,0.006954306655209833,0.007514718766765255,0.00018310546875,0.0,-5,7,0,1,14,26,False
9,3,0.09623129536786418,0.011526146463491874,0.014947562646557113,0.031151280688233942,99.995,4.999999999995453e-05,4.9591064453125e-05,0.00035006818044850356,0.00012590954271798273,0.00023798886158324313,0.0025711188010713606,0.0017886206887174699,0.0021798697448944153,0.0021798697448944153,0.003237721623734439,0.0025960468324884435,0.002916884228111441,0.0033850118998725396,0.0031655002491866304,0.003275256074529585,0.007535131087967264,0.006381292665085364,0.006958211876526314,0.007535131087967264,0.00018310546875,0.0,-5,7,0,1,16,26,False
9,4,0.09623129536786418,0.011526146463491874,0.016300432650568897,0.031147075186552624,99.995,4.999999999995453e-05,4.9591064453125e-05,0.0003538268431878061,0.00012924166411831608,0.00024153425365306107,0.00256911554899808,0.001793559750803819,0.0021813376499009492,0.0021813376499009492,0.003237721623734439,0.0025960468324884435,0.002916884228111441,0.003363209641041599,0.003171439408008853,0.003267324524525226,0.007546631803166614,0.006416616143627451,0.006981623973397032,0.007546631803166614,0.00018310546875,0.0,-5,7,0,1,17,26,True
10,-4,0.08847024153286855,0.012879267779617237,0.009107017583684759,0.03664318030430748,100.0,0.0,0.0,0.0004442075244703949,0.00038456918782403467,0.0004143883561472148,0.0022987445523722605,0.003152721933895594,0.002725733243133927,0.002725733243133927,0.0009528626750971207,0.000724408026245249,0.0008386353506711849,0.002353767202563249,0.0032221196657813015,0.002787943434172275,0.0032080041553459236,0.0039788583735086485,0.003593431264427286,0.0039788583735086485,0.000457763671875,4.57763671875e-05,-5,7,0,1,13,26,True
10,-3,0.08847024153286855,0.012879267779617237,0.009931273096526697,0.03995968830625943,100.0,0.0,0.0,0.0004343496828987257,0.0003566062842915307,0.0003954779835951282,0.0019944212010473725,0.00250989300416592,0.002252157102606646,0.002252157102606646,0.0009528626750971207,0.000724408026245249,0.0008386353506711849,0.0020890228901454134,0.00241156175363715,0.002250292321891282,0.002943364124247257,0.0031305360834924722,0.0030369501038698646,0.0031305360834924722,0.000457763671875,3.0517578125e-05,-5,7,0,1,16,26,False
10,-2,0.08847024153286855,0.012879267779617237,0.0108301301069728,0.0435763502373499,100.0,0.0,0.0,0.00043185066723706975,0.0003413818389139886,0.0003866162530755292,0.0024733023054757095,0.0028618059891398115,0.0026675541473077605,0.0026675541473077605,0.0009528626750971207,0.000724408026245249,0.0008386353506711849,0.0025518344523875916,0.0027309018399888146,0.002641368146188203,0.0033865226095950076,0.003397033048286374,0.0033917778289406907,0.003397033048286374,0.000457763671875,7.62939453125e-06,-5,7,0,1,15,26,False
10,-1,0.08847024153286855,0.012879267779617237,0.011810340627424655,0.03030853016987041,99.995,4.999999999995453e-05,4.9591064453125e-05,0.00043334425136083184,0.0003319486621623122,0.00038264645676157203,0.0019292795039462895,0.003623619638604881,0.0027764495712755853,0.0027764495712755853,0.0009528626750971207,0.000724408026245249,0.0008386353506711849,0.002213199327099166,0.00496902870876071,0.003591114017929938,0.003045607969941284,0.00575600725596484,0.004400807612953062,0.00575600725596484,0.000457763671875,3.814697265625e-06,-5,7,0,1,17,26,False
10,0,0.08847024153286855,0.012879267779617237,0.012879267779617237,0.030324553692407538,99.995,4.999999999995453e-05,4.9591064453125e-05,0.0004363201454894846,0.00032620014411350803,0.00038126014480149633,0.0019435100291223663,0.0036277536151214534,0.00278563182212191,0.00278563182212191,0.0009528626750971207,0.000724408026245249,0.0008386353506711849,0.00223727752017908,0.004971093218279743,0.003604185369229411,0.003062551126812003,0.005759060608835913,0.004410805867823958,0.005759060608835913,0.000457763671875,3.814697265625e-06,-5,7,0,1,17,26,False
10,1,0.08847024153286855,0.012879267779617237,0.014044941104739101,0.03031635465983649,99.995,4.999999999995453e-05,4.9591064453125e-05,0.0004398224301744835,0.000326368726410667,0.00038309557829257525,0.0019511614286361345,0.0036466581615799566,0.0027989097951080454,0.0027989097951080454,0.0009528626750971207,0.000724408026245249,0.0008386353506711849,0.0022460593688993667,0.004982282987302338,0.0036141711781008524,0.00308257280376886,0.005765520006083457,0.004424046404926159,0.005765520006083457,0.000457763671875,3.814697265625e-06,-5,7,0,1,18,26,False
10,2,0.08847024153286855,0.012879267779617237,0.015316116879546114,0.03029944841409828,99.995,4.999999999995453e-05,4.9591064453125e-05,0.00044322374612274705,0.00032946821652000236,0.0003863459813213747,0.0019548659609470703,0.003654662003890249,0.0028047639824186595,0.0028047639824186595,0.0009528626750971207,0.000724408026245249,0.0008386353506711849,0.0022482075095058307,0.005001281875648648,0.0036247446925772395,0.003081541340136525,0.0057894797214907145,0.00443551053081362,0.0057894797214907145,0.000457763671875,0.0,-4,7,0,1,16,27,False
10,3,0.08847024153286855,0.012879267779617237,0.016702343891549915,0.030280065120102367,99.995,4.999999999995453e-05,4.9591064453125e-05,0.00044529825766578547,0.00033389813883056456,0.00038959819824817504,0.001966145723625598,0.003672592072763802,0.0028193688981947,0.0028193688981947,0.0009528626750971207,0.000724408026245249,0.0008386353506711849,0.0022576796504315873,0.005021529990314432,0.00363960482037301,0.003090522415839537,0.005809098854467945,0.004449810635153741,0.005809098854467945,0.000457763671875,0.0,-5,7,0,1,16,26,False
10,4,0.08847024153286855,0.012879267779617237,0.018214035167369517,0.030311203899333533,99.995,4.999999999995453e-05,4.9591064453125e-05,0.000451216172485018,0.00033865565370672367,0.00039493591309587084,0.0019558645267086817,0.0036433506371238733,0.0027996075819162773,0.0027996075819162773,0.0009528626750971207,0.000724408026245249,0.0008386353506711849,0.0022377372057959827,0.004985107453870421,0.003611422329833202,0.0030648934772886005,0.005769585713369569,0.0044172395953290845,0.005769585713369569,0.000457763671875,0.0,-4,7,0,1,14,27,True
11,-4,0.10553604786790262,0.011616590187941438,0.008214169696158503,0.03305050608414762,100.0,0.0,0.0,0.0003608860992594704,0.00018065811230772575,0.0002707721057835981,0.0017062453831027935,0.0009834805514778275,0.0013448629672903104,0.0013448629672903104,0.0021105723698268903,0.001829982606754132,0.001970277488290511,0.0026341731957512755,0.0011572122967259452,0.0018956927462386104,0.004701877624593547,0.0030785962514190096,0.0038902369380062786,0.004701877624593547,0.000274658203125,0.000225067138671875,-6,7,0,1,13,25,True
11,-3,0.10553604786790262,0.011616590187941438,0.008957615571085476,0.034686759795492496,99.995,4.999999999995453e-05,4.9591064453125e-05,0.0002961547868011855,0.00014790769675279337,0.0002220312417769894,0.0016686134707880177,0.0010574651096733048,0.0013630392902306613,0.0013630392902306613,0.0021105723698268903,0.001829982606754132,0.001970277488290511,0.002410582971804996,0.0012890726429755127,0.0018498278073902543,0.004472802027995173,0.0032199206118955,0.0038463613199453362,0.004472802027995173,0.000274658203125,8.7738037109375e-05,-6,7,0,1,15,25,False
11,-2,0.10553604786790262,0.011616590187941438,0.00976834904651143,0.03930414267940777,100.0,0.0,0.0,0.0002619878642336799,0.0001374124748964874,0.00019970016956508363,0.0014855713587752684,0.0011142081790716275,0.001299889768923448,0.001299889768923448,0.0021105723698268903,0.001829982606754132,0.001970277488290511,0.0019536328876901,0.001456573278562568,0.001705103083126334,0.004061480117712503,0.0034120369398961395,0.0037367585288043213,0.004061480117712503,0.000274658203125,4.57763671875e-05,-6,7,0,1,12,25,False
11,-1,0.10553604786790262,0.011616590187941438,0.01065246017059401,0.034632405925079504,99.995,4.999999999995453e-05,4.9591064453125e-05,0.00024670138128826474,0.00013703610713778052,0.00019186874421302263,0.0016645499338070495,0.001052713595565708,0.0013586317646863788,0.0013586317646863788,0.0021105723698268903,0.001829982606754132,0.001970277488290511,0.0024097990690331687,0.001277277927079377,0.001843538498056273,0.004477072293472056,0.0032064766128097957,0.003841774453140926,0.004477072293472056,0.000274658203125,7.62939453125e-06,-5,7,0,1,15,26,False
11,0,0.10553604786790262,0.011616590187941438,0.011616590187941438,0.03465696087657992,99.995,4.999999999995453e-05,4.9591064453125e-05,0.00024130567299386095,0.00013860224101161172,0.00018995395700273634,0.0016712996400142233,0.0010608821263213511,0.001366090883167787,0.001366090883167787,0.0021105723698268903,0.001829982606754132,0.001970277488290511,0.002417586637542493,0.001283238209129822,0.0018504124233361574,0.004469424516920829,0.0032194437886294384,0.0038444341527751336,0.004469424516920829,0.000274658203125,3.814697265625e-06,-5,7,0,1,16,26,False
11,1,0.10553604786790262,0.011616590187941438,0.012667981427153497,0.03470150790970937,99.995,4.999999999995453e-05,4.9591064453125e-05,0.00024182492382566453,0.00014052301007566644,0.00019117396695066547,0.001679619698472972,0.0010675981109583932,0.0013736089047156827,0.0013736089047156827,0.0021105723698268903,0.001829982606754132,0.001970277488290511,0.0024214002175856875,0.0013047973071377095,0.0018630987623616986,0.0044883598924224145,0.0032389462754275553,0.003863653083924985,0.0044883598924224145,0.000274658203125,0.0,-5,7,0,1,15,26,False
11,2,0.10553604786790262,0.011616590187941438,0.013814531703570755,0.03468776885219711,99.995,4.999999999995453e-05,4.9591064453125e-05,0.0002441879725775397,0.00014284875474689841,0.00019351836366221904,0.0016778451573613653,0.0010682148148923169,0.0013730299861268412,0.0013730299861268412,0.0021105723698268903,0.001829982606754132,0.001970277488290511,0.0024191680372926084,0.001304711315683469,0.0018619396764880387,0.004483970707304109,0.00323764484924894,0.0038608077782765243,0.004483970707304109,0.000274658203125,0.0,-5,7,0,1,12,26,False
11,3,0.10553604786790262,0.011616590187941438,0.015064853645893262,0.034637229998234244,99.995,4.999999999995453e-05,4.9591064453125e-05,0.0002473462201024689,0.00014579160638200327,0.0001965689132422361,0.0016759217005198326,0.001064222214479722,0.0013700719574997774,0.0013700719574997774,0.0021105723698268903,0.001829982606754132,0.001970277488290511,0.002422567473380391,0.0012822178730742466,0.0018523926732273187,0.0044976555556885175,0.0032237662265501414,0.003860710891119329,0.0044976555556885175,0.000274658203125,0.0,-5,7,0,1,18,26,False
11,4,0.10553604786790262,0.011616590187941438,0.016428339392317005,0.034653745720341016,99.995,4.999999999995453e-05,4.9591064453125e-05,0.00025000485772518256,0.00014879087992304222,0.0001993978688241124,0.001690526387536002,0.0010755536848174386,0.0013830400361767204,0.0013830400361767204,0.0021105723698268903,0.001829982606754132,0.001970277488290511,0.002435940173430201,0.0013119501454273393,0.0018739451594287702,0.004499908189162889,0.0032411162138801138,0.0038705122015215013,0.004499908189162889,0.000274658203125,0.0,-5,7,0,1,14,26,True
12,-4,0.13231331532395732,0.010646293274572923,0.007528066168951249,0.030288967877196836,100.0,0.0,0.0,0.00034630690704927055,0.0002748583469286847,0.0003105826269889776,0.0016650564140356405,0.001649465994285577,0.0016572612041606087,0.0016572612041606087,0.0009220949739895962,0.0006316816742007959,0.0007768883240951961,0.0020819629126546052,0.001682711583784755,0.00188233724821968,0.0031586246257135574,0.0022696373726611464,0.002714130999187352,0.0031586246257135574,0.00018310546875,0.000614166259765625,-6,7,0,1,16,25,True
12,-3,0.13231331532395732,0.010646293274572923,0.008209414369257057,0.03303136983597681,100.0,0.0,0.0,0.00028554696072162006,0.00018385200951057335,0.0002346994851160967,0.001325814906188888,0.0011633624217507318,0.00124458866396981,0.00124458866396981,0.0009220949739895962,0.0006316816742007959,0.0007768883240951961,0.0014801065351727042,0.0011527570299066123,0.0013164317825396584,0.0025187391036089707,0.00170451595083671,0.0021116275272228405,0.0025187391036089707,0.00018310546875,0.00023651123046875,-6,7,0,1,16,25,False
12,-2,0.13231331532395732,0.010646293274572923,0.008952429850328101,0.033954164696580975,99.995,4.999999999995453e-05,4.57763671875e-05,0.00026036083712170465,0.00014674147132709198,0.0002035511542243983,0.001368023190588615,0.0011602846856558953,0.0012641539381222553,0.0012641539381222553,0.0009220949739895962,0.0006316816742007959,0.0007768883240951961,0.0014853832706945317,0.00113611566464026,0.0013107494676673959,0.0024997725451009725,0.0016797472794521581,0.002089759912276565,0.0024997725451009725,0.00018310546875,8.0108642578125e-05,-6,7,0,1,12,25,False
12,-1,0.13231331532395732,0.010646293274572923,0.00976269397792607,0.033952425099581116,99.995,4.999999999995453e-05,4.57763671875e-05,0.0002502584082050382,0.00013294786667273788,0.00019160313743888803,0.0013762989936330551,0.0011601069963921642,0.0012682029950126096,0.0012682029950126096,0.0009220949739895962,0.0006316816742007959,0.0007768883240951961,0.0014893249196843517,0.0011434224500348185,0.001316373684859585,0.002502003031479001,0.0016907255761838761,0.0020963643038314386,0.002502003031479001,0.00018310546875,3.0517578125e-05,-6,7,0,1,11,25,False
12,0,0.13231331532395732,0.010646293274572923,0.010646293274572923,0.03393269728439543,99.995,4.999999999995453e-05,4.57763671875e-05,0.0002476661998613215,0.000127609901503075,0.00018763805068219825,0.0013761128937064048,0.001165880288099578,0.0012709965909029914,0.0012709965909029914,0.0009220949739895962,0.0006316816742007959,0.0007768883240951961,0.001488885350658779,0.001141743926385362,0.0013153146385220704,0.0025083357165047093,0.0016799708027041022,0.0020941532596044058,0.0025083357165047093,0.00018310546875,1.1444091796875e-05,-6,7,0,1,14,25,False
12,1,0.13231331532395732,0.010646293274572923,0.0116098651401439,0.033977350750759326,99.995,4.999999999995453e-05,4.57763671875e-05,0.00024914989382646005,0.00012719724447328573,0.00018817356914987288,0.001386470658693899,0.0011697575985773671,0.001278114128635633,0.001278114128635633,0.0009220949739895962,0.0006316816742007959,0.0007768883240951961,0.0015008182106455944,0.00115052550764247,0.0013256718591440322,0.002510496009179025,0.0016956780062252828,0.002103087007702154,0.002510496009179025,0.00018310546875,0.0,-6,7,0,1,17,25,False
12,2,0.13231331532395732,0.010646293274572923,0.012660647710527738,0.03397286113580648,99.995,4.999999999995453e-05,4.57763671875e-05,0.000250259691641724,0.00012872752840702598,0.00018949361002437498,0.0013836597895379177,0.001171521456807531,0.0012775906231727242,0.0012775906231727242,0.0009220949739895962,0.0006316816742007959,0.0007768883240951961,0.0014885886428613574,0.0011520929269692914,0.0013203407849153243,0.0025016680383621753,0.0016913987198481071,0.002096533379105141,0.0025016680383621753,0.00018310546875,0.0,-5,7,0,1,14,26,False
12,3,0.13231331532395732,0.010646293274572923,0.013806534228881189,0.034003720001645706,99.995,4.999999999995453e-05,4.57763671875e-05,0.00025234726304325996,0.00013076393795169192,0.00019155560049747595,0.0013901008531757152,0.0011777569624171669,0.001283928907796441,0.001283928907796441,0.0009220949739895962,0.0006316816742007959,0.0007768883240951961,0.001498547024069004,0.0011610840403372062,0.0013298155322031052,0.0025054773195231964,0.001703680428708159,0.0021045788741156776,0.0025054773195231964,0.00018310546875,0.0,-5,7,0,1,17,26,False
12,4,0.13231331532395732,0.010646293274572923,0.015056132337902497,0.033998971421605184,99.995,4.999999999995453e-05,4.57763671875e-05,0.0002546420033313549,0.00013318996766345436,0.00019391598549740462,0.0013981624283806921,0.0011819066673085933,0.0012900345478446427,0.0012900345478446427,0.0009220949739895962,0.0006316816742007959,0.0007768883240951961,0.0015018885360941106,0.0011619073405187428,0.0013318979383064268,0.002520103975384023,0.0016997052648143444,0.002109904620099184,0.002520103975384023,0.00018310546875,0.0,-5,7,0,1,17,26,True
13,-4,0.15871178672793404,0.013993791653840936,0.009895104972942638,0.03981416129981036,100.0,0.0,0.0,0.0003851726720721615,0.00028633041902152386,0.0003357515455468427,0.0023839539108629873,0.0013964626859064718,0.0018902082983847297,0.0018902082983847297,0.0009482575109222827,0.00045880248993623586,0.0007035300004292592,0.003736392222019012,0.003062334567557574,0.003399363394788293,0.005006693616410376,0.004023985657852931,0.004515339637131653,0.005006693616410376,0.000457763671875,0.000171661376953125,-6,7,-1,0,17,26,True
13,-3,0.15871178672793404,0.013993791653840936,0.010790688488528391,0.04263474933194451,99.995,4.999999999995453e-05,4.9591064453125e-05,0.0003452099968959904,0.0002530231285831573,0.0002991165627395739,0.002140167171872068,0.001389019023339429,0.0017645930976057484,0.0017645930976057484,0.0009482575109222827,0.00045880248993623586,0.0007035300004292592,0.002996044716137541,0.001862731590935907,0.002429388153536724,0.004194647733853721,0.002469057546754767,0.0033318526403042443,0.004194647733853721,0.000457763671875,8.7738037109375e-05,-6,7,-1,0,17,26,False
13,-2,0.15871178672793404,0.013993791653840936,0.011767329237522193,0.04261189423733752,99.995,4.999999999995453e-05,4.9591064453125e-05,0.00032182363711261874,0.00024186743808938882,0.0002818455376010038,0.002140361343415767,0.001386434306517647,0.001763397824966707,0.001763397824966707,0.0009482575109222827,0.00045880248993623586,0.0007035300004292592,0.0029936881113399464,0.0018627160029419504,0.002428202057140948,0.004187216682303213,0.0024648632917846397,0.003326039987043926,0.004187216682303213,0.000457763671875,3.814697265625e-05,-6,7,-1,0,16,26,False
13,-1,0.15871178672793404,0.013993791653840936,0.012832363526335922,0.04262899534461116,99.995,4.999999999995453e-05,4.9591064453125e-05,0.0003091061839789893,0.00024131777726855774,0.0002752119806237735,0.0021413148005021082,0.0013852599804186512,0.0017632873904603798,0.0017632873904603798,0.0009482575109222827,0.00045880248993623586,0.0007035300004292592,0.00299141339241366,0.0018551019877888627,0.002423257690101261,0.00419394316048213,0.0024570030783251763,0.003325473119403653,0.00419394316048213,0.000457763671875,1.1444091796875e-05,-6,7,-1,0,17,26,False
13,0,0.15871178672793404,0.013993791653840936,0.013993791653840936,0.04263069231246156,99.995,4.999999999995453e-05,4.9591064453125e-05,0.0003028518489744563,0.00024291807397872325,0.0002728849614765898,0.002151023644460615,0.0013957340239331996,0.0017733788341969072,0.0017733788341969072,0.0009482575109222827,0.00045880248993623586,0.0007035300004292592,0.002995168555158963,0.0018667066443658156,0.0024309375997623893,0.004185620620467683,0.002472712765074567,0.003329166692771125,0.004185620620467683,0.000457763671875,7.62939453125e-06,-6,7,-1,0,17,26,False
13,1,0.15871178672793404,0.013993791653840936,0.015260338007820087,0.042643975087625685,99.995,4.999999999995453e-05,4.9591064453125e-05,0.0003033742432347812,0.00024411242128168252,0.00027374333225823184,0.00214924761640093,0.001400663558459123,0.0017749555874300264,0.0017749555874300264,0.0009482575109222827,0.00045880248993623586,0.0007035300004292592,0.0029911382888669303,0.0018708149455851357,0.002430976617226033,0.00418353995826247,0.0024756734844974507,0.0033296067213799607,0.00418353995826247,0.000457763671875,3.814697265625e-06,-5,7,-1,0,18,27,False
13,2,0.15871178672793404,0.013993791653840936,0.016641516600613335,0.042572517672748104,99.995,4.999999999995453e-05,4.9591064453125e-05,0.0003050701064841444,0.00024629366349406494,0.0002756818849891047,0.002158939867253728,0.0013947598391244357,0.001776849853189082,0.001776849853189082,0.0009482575109222827,0.00045880248993623586,0.0007035300004292592,0.0030109841198786265,0.0018744166825600912,0.002442700401219359,0.004211936498957332,0.002487006995107351,0.003349471747032342,0.004211936498957332,0.000457763671875,0.0,-5,7,-1,0,13,27,False
13,3,0.15871178672793404,0.013993791653840936,0.018147702536246094,0.04258279798170221,99.995,4.999999999995453e-05,4.9591064453125e-05,0.0003071285998532766,0.00024862171220115995,0.0002778751560272183,0.0021538518212489664,0.0013973696121790315,0.0017756107167139989,0.0017756107167139989,0.0009482575109222827,0.00045880248993623586,0.0007035300004292592,0.00302227120210194,0.0018695762421223091,0.0024459237221121245,0.004218089595351595,0.0024817908312145007,0.0033499402132830475,0.004218089595351595,0.000457763671875,0.0,-5,7,-1,0,15,27,False
13,4,0.15871178672793404,0.013993791653840936,0.019790209945885276,0.042680291284569134,99.995,4.999999999995453e-05,4.9591064453125e-05,0.00031014105489279636,0.00025156530755131973,0.00028085318122205805,0.002163359585129867,0.001418596453423002,0.0017909780192764345,0.0017909780192764345,0.0009482575109222827,0.00045880248993623586,0.0007035300004292592,0.0030050119332206463,0.0018765025529567728,0.0024407572430887097,0.004203972519616674,0.0024776020638505544,0.0033407872917336143,0.004203972519616674,0.000457763671875,0.0,-5,7,-1,0,18,27,True
14,-4,0.6668131670613927,0.018516429540982364,0.013093092891791542,0.05268165722602675,100.0,0.0,0.0,0.00023277435880295495,0.00016749388982990426,0.0002001341243164296,0.0026182210130773517,0.0031310252353679326,0.0028746231242226424,0.0028746231242226424,0.0008045289863853814,0.0006079954304310076,0.0007062622084081945,0.002529217718759718,0.006014212255007586,0.004271714986883652,0.0031058067436642764,0.006198511121506461,0.004652158932585368,0.006198511121506461,0.00018310546875,5.340576171875e-05,-8,7,-2,-1,13,25,True
14,-3,0.6668131670613927,0.018516429540982364,0.014278119043003194,0.057449754574603405,100.0,0.0,0.0,0.00022576503262422096,0.00014473975375397922,0.0001852523931891001,0.0029453013843803405,0.003005968279599021,0.0029756348319896807,0.0029756348319896807,0.0008045289863853814,0.0006079954304310076,0.0007062622084081945,0.0030004651294251914,0.0037352202487836894,0.0033678426891044404,0.0035868746381156526,0.003856909599982406,0.0037218921190490294,0.003856909599982406,0.00018310546875,2.6702880859375e-05,-8,7,-2,-1,16,25,False
14,-2,0.6668131670613927,0.018516429540982364,0.015570399224310052,0.0494784867205367,99.995,4.999999999995453e-05,4.9591064453125e-05,0.0002222776582270926,0.00013264945423532062,0.0001774635562312066,0.002911992571575782,0.003818297455055696,0.003365145013315739,0.003365145013315739,0.0008045289863853814,0.0006079954304310076,0.0007062622084081945,0.002604522160214309,0.009361353242228022,0.005982937701221165,0.0031954865763696868,0.009619597490535457,0.006407542033452572,0.009619597490535457,0.00018310546875,1.1444091796875e-05,-8,7,-2,-1,16,25,False
14,-1,0.6668131670613927,0.018516429540982364,0.01697964075479524,0.04942526750982402,99.995,4.999999999995453e-05,4.9591064453125e-05,0.00022134856672010575,0.0001250722757504195,0.00017321042123526263,0.002922322504697244,0.003844874852466426,0.0033835986785818346,0.0033835986785818346,0.0008045289863853814,0.0006079954304310076,0.0007062622084081945,0.0026228772711618586,0.009434062743416634,0.006028470007289247,0.003224794780725407,0.009698773693219595,0.0064617842369725014,0.009698773693219595,0.00018310546875,7.62939453125e-06,-8,7,-2,-1,14,25,False
14,0,0.6668131670613927,0.018516429540982364,0.018516429540982364,0.04939450034280454,99.995,4.999999999995453e-05,4.9591064453125e-05,0.00022293382289045218,0.00012109564989261498,0.0001720147363915336,0.002926518896699415,0.0038469184240558325,0.0033867186603776236,0.0033867186603776236,0.0008045289863853814,0.0006079954304310076,0.0007062622084081945,0.0026109807494091824,0.0094807987471954,0.006045889748302291,0.0032100262495331163,0.009741146715800248,0.006475586482666682,0.009741146715800248,0.00018310546875,3.814697265625e-06,-7,7,-2,-1,20,26,False
14,1,0.6668131670613927,0.018516429540982364,0.020192309595792678,0.04941323679007152,99.995,4.999999999995453e-05,4.9591064453125e-05,0.00022560308093116704,0.00012138158271549243,0.00017349233182332974,0.0029236600261488797,0.0038464514016511276,0.003385055713900004,0.003385055713900004,0.0008045289863853814,0.0006079954304310076,0.0007062622084081945,0.0026048020653937284,0.009444331622697155,0.0060245668440454415,0.0032061455920916393,0.009699695553402356,0.006452920572746998,0.009699695553402356,0.00018310546875,0.0,-7,7,-2,-1,15,26,False
14,2,0.6668131670613927,0.018516429540982364,0.022019869754582796,0.049377511983947624,99.995,4.999999999995453e-05,4.9591064453125e-05,0.00022888467122885128,0.0001239161063689612,0.00017640038879890624,0.0029397564803706087,0.003862239110986814,0.0034009977956787115,0.0034009977956787115,0.0008045289863853814,0.0006079954304310076,0.0007062622084081945,0.002626187580452601,0.009495055367664148,0.0060606214740583746,0.00322368359126377,0.009760680774651684,0.006492182182957727,0.009760680774651684,0.00018310546875,0.0,-7,7,-2,-1,15,26,False
14,3,0.6668131670613927,0.018516429540982364,0.024012838239654367,0.049497776909836685,99.995,4.999999999995453e-05,4.9591064453125e-05,0.00023186490803837445,0.0001261433572972254,0.00017900413266779992,0.002944130438946503,0.003839606735341118,0.0033918685871438103,0.0033918685871438103,0.0008045289863853814,0.0006079954304310076,0.0007062622084081945,0.0026436806394239992,0.00934518442162095,0.005994432530522474,0.0032353197084499497,0.009595673403953665,0.006415496556201807,0.009595673403953665,0.00018310546875,0.0,-7,7,-2,-1,16,26,False
14,4,0.6668131670613927,0.018516429540982364,0.026186185783583085,0.04944151880661956,99.995,4.999999999995453e-05,4.9591064453125e-05,0.00023529429108685708,0.00012941248338997784,0.00018235338723841745,0.0029450093560522595,0.0038646493504378896,0.0034048293532450745,0.0034048293532450745,0.0008045289863853814,0.0006079954304310076,0.0007062622084081945,0.0026382741787375425,0.009429753306426546,0.006034013742582044,0.0032296824520765717,0.009693265228215418,0.006461473840145995,0.009693265228215418,0.00018310546875,0.0,-7,7,-2,-1,14,26,True
15,-4,0.8713639627291462,0.01805284828106154,0.012765291439270523,0.0513627080745413,100.0,0.0,0.0,0.0001872429829397758,0.00021667469145881247,0.00020195883719929412,0.0020895654697229782,0.0029581538323066535,0.0025238596510148157,0.0025238596510148157,0.0006748503800076315,0.0005499331742131616,0.0006123917771103965,0.0016609706408564928,0.0037318081912622054,0.002696389416059349,0.002123218083963094,0.004277105744209525,0.0032001619140863097,0.004277105744209525,0.0001220703125,8.0108642578125e-05,-8,7,-3,-2,17,26,True
15,-3,0.8713639627291462,0.01805284828106154,0.01392064902425012,0.05601143032591977,100.0,0.0,0.0,0.0001755886754998503,0.00017986467919817848,0.0001777266773490144,0.002098573198584313,0.0025267804941744194,0.0023126768463793664,0.0023126768463793664,0.0006748503800076315,0.0005499331742131616,0.0006123917771103965,0.0015142148888425415,0.0030014647306255485,0.0022578398097340448,0.0019679785310481083,0.0035468208445816173,0.002757399687814863,0.0035468208445816173,0.0001220703125,3.0517578125e-05,-8,7,-3,-2,14,26,False
15,-2,0.8713639627291462,0.01805284828106154,0.01518057540466383,0.053657100457003844,99.995,4.999999999995453e-05,4.9591064453125e-05,0.00017206398836657722,0.00015521266846638902,0.0001636383284164831,0.0020021125528807255,0.002654074894198649,0.002328093723539687,0.002328093723539687,0.0006748503800076315,0.0005499331742131616,0.0006123917771103965,0.001496579683192655,0.003287404415892979,0.0023919920495428172,0.0019493417834224413,0.0038467050444298705,0.002898023413926156,0.0038467050444298705,0.0001220703125,2.288818359375e-05,-8,7,-3,-2,17,26,False
15,-1,0.8713639627291462,0.01805284828106154,0.01655453486509393,0.05357412464215419,99.995,4.999999999995453e-05,4.9591064453125e-05,0.00017257651388572504,0.00014157240977393025,0.00015707446182982763,0.001990915519356809,0.0026515049121552557,0.0023212102157560326,0.0023212102157560326,0.0006748503800076315,0.0005499331742131616,0.0006123917771103965,0.0014874924234791471,0.0032851181918791984,0.002386305307679173,0.0019443725789515844,0.003841297241579725,0.002892834910265655,0.003841297241579725,0.0001220703125,1.1444091796875e-05,-8,7,-3,-2,15,26,False
15,0,0.8713639627291462,0.01805284828106154,0.01805284828106154,0.05358995119653683,99.995,4.999999999995453e-05,4.9591064453125e-05,0.00017485216042044169,0.0001369799097986872,0.00015591603510956443,0.002003431753419536,0.0026646920386024183,0.0023340618960109773,0.0023340618960109773,0.0006748503800076315,0.0005499331742131616,0.0006123917771103965,0.0015047182230741134,0.003293585103839917,0.0023991516634570154,0.001966317630673049,0.003845484374789326,0.0029059010027311875,0.003845484374789326,0.0001220703125,3.814697265625e-06,-8,7,-3,-2,15,26,False
15,1,0.8713639627291462,0.01805284828106154,0.019686770647130314,0.05363482396777218,99.995,4.999999999995453e-05,4.9591064453125e-05,0.00017688767858214087,0.00013647818994735008,0.00015668293426474548,0.0020003501611792224,0.002654588011804628,0.002327469086491925,0.002327469086491925,0.0006748503800076315,0.0005499331742131616,0.0006123917771103965,0.0014946803264289192,0.003289995835547213,0.002392338080988066,0.0019459480616239085,0.0038435339308155792,0.0028947409962197437,0.0038435339308155792,0.0001220703125,0.0,-8,7,-3,-2,17,26,False
15,2,0.8713639627291462,0.01805284828106154,0.021468575621903022,0.05358691710349004,99.995,4.999999999995453e-05,4.9591064453125e-05,0.00018000380966021697,0.0001390578780178807,0.00015953084383904883,0.0020047960297959293,0.0026559735241608036,0.0023303847769783666,0.0023303847769783666,0.0006748503800076315,0.0005499331742131616,0.0006123917771103965,0.0015039923820431636,0.0032853243928646267,0.0023946583874538954,0.0019509156764450765,0.00383824541838358,0.002894580547414328,0.00383824541838358,0.0001220703125,0.0,-8,7,-3,-2,16,26,False
15,3,0.8713639627291462,0.01805284828106154,0.02341164772499409,0.05364401171632488,99.995,4.999999999995453e-05,4.9591064453125e-05,0.0001834051275610211,0.00014256348838224964,0.00016298430797163536,0.0020247952258473493,0.002674157545622173,0.002349476385734761,0.002349476385734761,0.0006748503800076315,0.0005499331742131616,0.0006123917771103965,0.001506478763471364,0.003295562415419147,0.0024010205894452554,0.001964669623967331,0.003854452508699716,0.0029095610663335235,0.003854452508699716,0.0001220703125,0.0,-8,7,-3,-2,16,26,False
15,4,0.8713639627291462,0.01805284828106154,0.025530582878541045,0.05367453250842866,99.995,4.999999999995453e-05,4.9591064453125e-05,0.00018735974031650114,0.00014539179984385,0.0001663757700801756,0.0020292126321654227,0.0026779577744884767,0.00235358520332695,0.00235358520332695,0.0006748503800076315,0.0005499331742131616,0.0006123917771103965,0.0015150569597705663,0.0032886649134567644,0.0024018609366136656,0.001968436006227146,0.0038463640539112237,0.002907400030069185,0.0038463640539112237,0.0001220703125,0.0,-7,7,-3,-2,18,27,True
16,-4,1.0033412542868787,0.024505817568407803,0.01732822978114159,0.06972224738711301,100.0,0.0,0.0,0.00040413852141293075,0.0002814925059415598,0.0003428155136772453,0.0031145596834067433,0.0017346560327605907,0.002424607858083667,0.002424607858083667,0.0021192214241150327,0.0017498730791634188,0.0019345472516392257,0.008181066044139264,0.0016362707737063447,0.004908668408922804,0.009894539084857157,0.003391890260554314,0.0066432146727057355,0.009894539084857157,0.000213623046875,4.9591064453125e-05,-8,7,-3,-2,15,26,True
16,-3,1.0033412542868787,0.024505817568407803,0.018896568569735307,0.07603264991444679,100.0,0.0,0.0,0.0003559230158105865,0.00024568496004504685,0.0003008039879278167,0.0025786224696723384,0.001534838752574773,0.002056730611123556,0.002056730611123556,0.0021192214241150327,0.0017498730791634188,0.0019345472516392257,0.005891430639979204,0.001565516058701036,0.0037284733493401197,0.007636780855966839,0.0033263924180952234,0.005481586637031031,0.007636780855966839,0.000213623046875,1.9073486328125e-05,-8,7,-3,-2,10,26,False
16,-2,1.0033412542868787,0.024505817568407803,0.02060685414613562,0.08291419266673465,100.0,0.0,0.0,0.000324012502475867,0.00022939303700862117,0.0002767027697422441,0.002636289231886005,0.001711911500937919,0.002174100366411962,0.002174100366411962,0.0021192214241150327,0.0017498730791634188,0.0019345472516392257,0.004406069620190776,0.0018338883669319326,0.003119978993561354,0.006225859316856241,0.0036103660297874232,0.004918112673321832,0.006225859316856241,0.000213623046875,1.52587890625e-05,-8,7,-3,-2,15,26,False
16,-1,1.0033412542868787,0.024505817568407803,0.02247193379226602,0.06854065437137546,99.995,4.999999999995453e-05,4.9591064453125e-05,0.0003030214363659823,0.0002274987470518623,0.00026526009170892227,0.0033119653772234405,0.0018233591795825622,0.0025676622784030012,0.0025676622784030012,0.0021192214241150327,0.0017498730791634188,0.0019345472516392257,0.008725508978033926,0.0016916731352807854,0.005208591056657356,0.010428200743569574,0.0034497971819831322,0.0069389989627763535,0.010428200743569574,0.000213623046875,1.1444091796875e-05,-8,7,-3,-2,17,26,False
16,0,1.0033412542868787,0.024505817568407803,0.024505817568407803,0.06856941940345677,99.995,4.999999999995453e-05,4.9591064453125e-05,0.0002932377347994522,0.000231389695456185,0.0002623137151278186,0.0033196720067805393,0.0018264731467613124,0.0025730725767709258,0.0025730725767709258,0.0021192214241150327,0.0017498730791634188,0.0019345472516392257,0.008717976258227312,0.0017047588877021297,0.0052113675729647205,0.010395909397485057,0.0034525879047502743,0.006924248651117666,0.010395909397485057,0.000213623046875,3.814697265625e-06,-7,7,-3,-2,17,27,False
16,1,1.0033412542868787,0.024505817568407803,0.02672378355363283,0.06848532418461381,99.995,4.999999999995453e-05,4.9591064453125e-05,0.0002921772071300111,0.00023709827857074672,0.0002646377428503789,0.003335970653136668,0.0018394643847453249,0.0025877175189409967,0.0025877175189409967,0.0021192214241150327,0.0017498730791634188,0.0019345472516392257,0.008754439330679676,0.001716416317373417,0.005235427824026547,0.010450259392822896,0.0034742759626365596,0.006962267677729728,0.010450259392822896,0.000213623046875,0.0,-7,7,-3,-2,17,27,False
16,2,1.0033412542868787,0.024505817568407803,0.02914249261130924,0.06851271510589527,99.995,4.999999999995453e-05,4.9591064453125e-05,0.00029925056634397317,0.00024224932852678771,0.00027074994743538045,0.003325641869759003,0.0018427068671007336,0.002584174368429868,0.002584174368429868,0.0021192214241150327,0.0017498730791634188,0.0019345472516392257,0.008743681560473168,0.001714505968493649,0.005229093764483409,0.010436588874964178,0.0034737966242961347,0.006955192749630156,0.010436588874964178,0.000213623046875,0.0,-7,7,-3,-2,19,27,False
16,3,1.0033412542868787,0.024505817568407803,0.03178011354177286,0.0684577177463169,99.995,4.999999999995453e-05,4.9591064453125e-05,0.00030575795701478863,0.0002511094385748628,0.00027843369779482574,0.0033622188332936035,0.001864056322722528,0.0026131375780080656,0.0026131375780080656,0.0021192214241150327,0.0017498730791634188,0.0019345472516392257,0.00878486542676718,0.0017256815431606978,0.005255273484963939,0.01046046839509062,0.0034859615671570506,0.006973214981123835,0.01046046839509062,0.000213623046875,0.0,-7,7,-3,-2,13,27,False
16,4,1.0033412542868787,0.024505817568407803,0.03465645956228318,0.06865018937895666,99.995,4.999999999995453e-05,4.57763671875e-05,0.0003131128270480443,0.00025968559257501955,0.0002863992098115319,0.0033341072262904697,0.00185248867710381,0.00259329795169714,0.00259329795169714,0.0021192214241150327,0.0017498730791634188,0.0019345472516392257,0.008702444304226837,0.0017305248893464684,0.005216484596786653,0.010410320551662017,0.0034787813648453425,0.00694455095825368,0.010410320551662017,0.000213623046875,0.0,-7,7,-3,-2,16,27,True
17,-4,0.16040937088893897,0.059822264513133036,0.042300728903171735,0.08190115580376718,99.995,4.999999999995453e-05,4.57763671875e-05,0.0011895306350588558,0.00036378432510467915,0.0007766574800817675,0.0015073143480354482,0.0011417216800028616,0.001324518014019155,0.001324518014019155,0.00320461333149543,0.0012588856255283255,0.0022317494785118776,0.0018564636837003687,0.001283015226525687,0.001569739455113028,0.004381711378696801,0.0028000330006743897,0.0035908721896855955,0.004381711378696801,0.00048828125,1.9073486328125e-05,-4,7,0,1,15,27,True
17,-3,0.16040937088893897,0.059822264513133036,0.04612927196628553,0.08168616882616718,99.995,4.999999999995453e-05,4.57763671875e-05,0.000914448615413867,0.00035696949035896866,0.0006357090528864178,0.0015034499461579625,0.0011372623929221685,0.0013203561695400655,0.0013203561695400655,0.00320461333149543,0.0012588856255283255,0.0022317494785118776,0.0018521962105664041,0.0012781763323826462,0.0015651862714745252,0.0043862255233189365,0.0027894023226065824,0.0035878139229627596,0.0043862255233189365,0.00048828125,1.9073486328125e-05,-4,7,0,1,17,27,False
17,-2,0.16040937088893897,0.059822264513133036,0.050304327781453065,0.08159599624393174,99.995,4.999999999995453e-05,4.57763671875e-05,0.0007219408487153041,0.0003716967967999914,0.0005468188227576477,0.0014919057363240364,0.0011331106852167842,0.0013125082107704102,0.0013125082107704102,0.00320461333149543,0.0012588856255283255,0.0022317494785118776,0.0018417966990015055,0.0012689308343391869,0.0015553637666703463,0.004348182066577813,0.002792126610196938,0.0035701543383873753,0.004348182066577813,0.00048828125,1.52587890625e-05,-4,7,0,1,18,27,False
17,-1,0.16040937088893897,0.059822264513133036,0.054857258432202315,0.07775044502201903,99.99,0.00010000000000005117,9.1552734375e-05,0.0006256120479765092,0.00038829971715522956,0.0005069558825658694,0.0015360566124266355,0.0011527474998121682,0.0013444020561194018,0.0013444020561194018,0.00320461333149543,0.0012588856255283255,0.0022317494785118776,0.001753015149805248,0.0013326406377971764,0.0015428278938012122,0.004290078547853947,0.0028950032884801137,0.0035925409181670302,0.004290078547853947,0.00048828125,3.814697265625e-06,-3,7,0,1,19,28,False
17,0,0.16040937088893897,0.059822264513133036,0.059822264513133036,0.08191074070584878,99.995,4.999999999995453e-05,4.57763671875e-05,0.0005866019930918422,0.00040921506101672427,0.0004979085270542833,0.0015399910128216384,0.0011811453305401744,0.0013605681716809064,0.0013605681716809064,0.00320461333149543,0.0012588856255283255,0.0022317494785118776,0.0019127263326139316,0.0013214836991265976,0.0016171050158702645,0.0044619730457013534,0.0028274898221126816,0.0036447314339070175,0.0044619730457013534,0.00048828125,3.814697265625e-06,-4,7,0,1,17,27,False
17,1,0.16040937088893897,0.059822264513133036,0.06523664203711801,0.0779684202933227,99.99,0.00010000000000005117,7.2479248046875e-05,0.0005862652973835706,0.00043208250212218305,0.0005091738997528768,0.001590008119134552,0.0012073469981903164,0.001398677558662434,0.001398677558662434,0.00320461333149543,0.0012588856255283255,0.0022317494785118776,0.0018336931576011387,0.001383206477693803,0.0016084498176474709,0.00436702362749978,0.002935614770460801,0.0036513191989802907,0.00436702362749978,0.00048828125,0.0,-3,7,0,1,19,28,False
17,2,0.16040937088893897,0.059822264513133036,0.0711410625945926,0.0777430092199435,99.99,0.00010000000000005117,8.392333984375e-05,0.0006103535228030009,0.00045974604538897917,0.0005350497840959901,0.0015876916647235607,0.0011985328853423404,0.0013931122750329506,0.0013931122750329506,0.00320461333149543,0.0012588856255283255,0.0022317494785118776,0.0018269290383539506,0.0013830464312275823,0.0016049877347907664,0.004371637046911535,0.0029603236984509992,0.003665980372681267,0.004371637046911535,0.00048828125,0.0,-3,7,0,1,16,28,False
17,3,0.16040937088893897,0.059822264513133036,0.07757987886942634,0.07757987886942634,99.99,0.00010000000000005117,9.918212890625e-05,0.0006423094221881201,0.0004931760278281806,0.0005677427250081503,0.0016400661357774066,0.0012557974291658909,0.0014479317824716486,0.0014479317824716486,0.00320461333149543,0.0012588856255283255,0.0022317494785118776,0.0018938916454408962,0.0014461355513801996,0.0016700135984105478,0.004413303586754615,0.0030205840703411185,0.003716943828547867,0.004413303586754615,0.00048828125,0.0,-3,7,0,1,15,28,False
17,4,0.16040937088893897,0.059822264513133036,0.08460145780634347,0.08186546664548519,99.995,4.999999999995453e-05,4.57763671875e-05,0.0006773022146246054,0.0005333267116437385,0.0006053144631341719,0.0017255582211683402,0.001380531679223147,0.0015530449501957437,0.0015530449501957437,0.00320461333149543,0.0012588856255283255,0.0022317494785118776,0.0021090889727671076,0.0014950550276483815,0.0018020720002077445,0.004662989065884042,0.0030064304926950515,0.003834709779289547,0.004662989065884042,0.00048828125,0.0,-3,7,0,1,16,28,True
