layer,s10_old,s10_new,log2_ratio,s_act_old,s_act_new,gate_nmse_old,gate_nmse_new,gelu_nmse_old,gelu_nmse_new,fusion_gate_only_nmse_old,fusion_gate_only_nmse_new,fusion_full_nmse_old,fusion_full_nmse_new,relative_fusion_full_improvement,selected_j,boundary_win,classification
0,0.028939161731223927,0.024334837360233678,-0.25000000000000006,0.09436964936238433,0.09447198705155851,0.00047771454742949265,0.00048130862252216897,0.00040948771556837283,0.0004089078303279681,0.0016943904540553693,0.0016882723722699022,0.023735736334646512,0.023719746229302514,0.0006736721843618338,-2,False,NEUTRAL
1,0.0164190925399534,0.015056374244888924,-0.12500000000000003,0.061253001987450775,0.06058115936329323,0.0005371836831651168,0.0005408408765145973,0.0004772443204261117,0.0004706681007728162,0.0011720433803936046,0.0011540812221596305,0.007908312942222176,0.007893120083660242,0.0019211251088484306,-1,False,NEUTRAL
2,0.012308702159862605,0.015962411827328143,0.37499999999999994,0.040705943594247486,0.04072300285404824,0.00018921741012153134,0.0001917268632403933,0.0005640056237605555,0.0005637792462817284,0.0012896622482720047,0.0012855158698131604,0.007026920580577106,0.007014549061440193,0.0017605890083785228,3,False,NEUTRAL
3,0.013761605246231738,0.013761605246231738,0.0,0.055371498274208,0.055371498274208,0.0003129799051643172,0.0003129799051643172,0.001864578409657839,0.001864578409657839,0.0038868669880351404,0.0038868669880351404,0.006347803540674478,0.006347803540674478,0.0,0,False,NEUTRAL
4,0.010057491756816287,0.008457308764750598,-0.2500000000000003,0.027803708603889008,0.03402890549652569,0.0001423955657046614,0.00015447825134604087,0.001223172368768073,0.0011729956199204587,0.002739510735155417,0.0016154290226579814,0.00478791611357877,0.0037096909876136123,0.22519716310552254,-2,False,BENEFICIAL
5,0.01320703788138844,0.01110575081057955,-0.25000000000000006,0.031475715483555454,0.03145219018817549,0.00015860941407686902,0.00016272800865442012,0.002840415422739688,0.0028498349168297682,0.0021798116001949426,0.002177714767346243,0.0036685420987135004,0.0036599597946711106,0.002339431799187885,-2,False,NEUTRAL
6,0.020765666778062575,0.016012518050971068,-0.37500000000000006,0.029996748682257268,0.03003791206197832,0.00028180632642001163,0.0002970623181749518,0.006403910076482445,0.006366118450705575,0.014129023875161364,0.014059156116004095,0.015229176468945161,0.015168601870691557,0.003977536039268137,-3,False,NEUTRAL
7,0.01826035831321036,0.012912023190167194,-0.4999999999999999,0.030018384818839047,0.029958454320593,0.0003471416446684774,0.0004986521317587505,0.0028526750505901404,0.002817435670865327,0.0027815464848084605,0.002751578912467956,0.0047483066822051855,0.004725303462104419,0.004844510188647567,-4,True,NEUTRAL
8,0.028123432265258486,0.019886269665004824,-0.4999999999999999,0.02811978677601465,0.02816492304506656,0.0003109599012884697,0.0006065685968917056,0.0018787883142345387,0.0018237444355352916,0.0025985849136512646,0.002530530626480336,0.004944358809454526,0.00487797277458888,0.0134266216154668,-4,True,BENEFICIAL
9,0.011526146463491874,0.009692295242839596,-0.25000000000000006,0.031180859997693027,0.03899813035154827,0.00023133648107754462,0.0002384076868432536,0.0021396454953990797,0.001981282428483008,0.003225599332828068,0.0025968937830564273,0.00692685167083686,0.0062259303609297715,0.10118901677338903,-2,False,BENEFICIAL
10,0.012879267779617237,0.009931273096526697,-0.37500000000000006,0.030324553692407538,0.03995968830625943,0.00038126014480149633,0.0003954779835951282,0.00278563182212191,0.002252157102606646,0.003604185369229411,0.002250292321891282,0.004410805867823958,0.0030369501038698646,0.31147500142233103,-3,False,BENEFICIAL
11,0.011616590187941438,0.00976834904651143,-0.25000000000000006,0.03465696087657992,0.03930414267940777,0.00018995395700273634,0.00019970016956508363,0.001366090883167787,0.001299889768923448,0.0018504124233361574,0.001705103083126334,0.0038444341527751336,0.0037367585288043213,0.028008185260003957,-2,False,BENEFICIAL
12,0.010646293274572923,0.008952429850328101,-0.25000000000000006,0.03393269728439543,0.033954164696580975,0.00018763805068219825,0.0002035511542243983,0.0012709965909029914,0.0012641539381222553,0.0013153146385220704,0.0013107494676673959,0.0020941532596044058,0.002089759912276565,0.0020979110806200307,-2,False,NEUTRAL
13,0.013993791653840936,0.012832363526335922,-0.12500000000000003,0.04263069231246156,0.04262899534461116,0.0002728849614765898,0.0002752119806237735,0.0017733788341969072,0.0017632873904603798,0.0024309375997623893,0.002423257690101261,0.003329166692771125,0.003325473119403653,0.0011094588250843839,-1,False,NEUTRAL
14,0.018516429540982364,0.014278119043003194,-0.37500000000000006,0.04939450034280454,0.057449754574603405,0.0001720147363915336,0.0001852523931891001,0.0033867186603776236,0.0029756348319896807,0.006045889748302291,0.0033678426891044404,0.006475586482666682,0.0037218921190490294,0.4252424658351047,-3,False,BENEFICIAL
15,0.01805284828106154,0.01392064902425012,-0.37500000000000006,0.05358995119653683,0.05601143032591977,0.00015591603510956443,0.0001777266773490144,0.0023340618960109773,0.0023126768463793664,0.0023991516634570154,0.0022578398097340448,0.0029059010027311875,0.002757399687814863,0.05110336338944499,-3,False,BENEFICIAL
16,0.024505817568407803,0.02060685414613562,-0.2500000000000003,0.06856941940345677,0.08291419266673465,0.0002623137151278186,0.0002767027697422441,0.0025730725767709258,0.002174100366411962,0.0052113675729647205,0.003119978993561354,0.006924248651117666,0.004918112673321832,0.2897261607542093,-2,False,BENEFICIAL
17,0.059822264513133036,0.050304327781453065,-0.25000000000000006,0.08191074070584878,0.08159599624393174,0.0004979085270542833,0.0005468188227576477,0.0013605681716809064,0.0013125082107704102,0.0016171050158702645,0.0015553637666703463,0.0036447314339070175,0.0035701543383873753,0.020461616136061463,-2,False,BENEFICIAL
