layer,old_sx,new_sx,sx_j,old_s10,new_s10,s10_i,old_local_nmse,new_local_nmse,relative_local_nmse_change,prefill_nmse,decode_nmse,clip_rate,effective_shift_min,effective_shift_max,sx_boundary_hit,s10_boundary_hit
0,0.27601292998754307,0.3282365401739341,1,0.05587364292277092,0.039508631800287075,-4,0.006880183095550563,0.007062188147744352,0.026453518702357258,0.007663008327735198,0.006461367967753506,0.0,15,25,False,True
1,0.10382454303004575,0.0873056860493205,-1,0.02405416465274725,0.01700886294173534,-4,0.0035762663280850763,0.0035065187141358686,-0.01950291380747201,0.0033064734984586844,0.0037065639298130525,0.0,15,26,False,True
2,0.06280070737217022,0.052808889704655464,-1,0.009485999398950673,0.0073147054814374736,-3,0.008887107521856053,0.007927480789107686,-0.10797964696481484,0.008751513127276667,0.007103448450938707,7.62939453125e-06,14,26,False,False
3,0.042651044977868584,0.042651044977868584,0,0.011690339346390162,0.008266318226204395,-4,0.015548456352135661,0.015434690544962344,-0.007316855422608656,0.011327107537806342,0.019542273552118346,0.0,16,26,False,True
4,0.038223395864209544,0.038223395864209544,0,0.006105389029873048,0.004707898527598549,-3,0.015751782745885817,0.015710930329320336,-0.0025935106663498866,0.015182261964931817,0.016239598693708855,0.0,13,26,False,False
5,0.02827253072388529,0.02827253072388529,0,0.004182325832027247,0.004973651636706477,2,0.00964902263973972,0.009537349284667894,-0.011573540579322146,0.009875307092665212,0.009199391476670577,7.62939453125e-06,16,26,False,False
6,0.02733908898875332,0.019331655215409946,-2,0.0037679748362536222,0.005328721116110415,4,0.01091670092327502,0.009171491209654272,-0.1598660369910715,0.008221379088685976,0.010121603330622567,7.62939453125e-06,16,26,True,True
7,0.03349633455882586,0.02368548531143907,-2,0.00438090004577272,0.004017303054849113,-1,0.00997040412450443,0.00907948046228971,-0.08935682556989667,0.009917157607675062,0.008241803316904356,7.62939453125e-06,14,25,True,False
8,0.020624144760792735,0.01734276939702429,-1,0.006916211420471847,0.004890499995535488,-4,0.005828242375942717,0.005254751853018437,-0.09839853697428252,0.004604621660646024,0.00590488204539085,0.0,17,26,False,True
9,0.0315673476227179,0.0315673476227179,0,0.002970516748132714,0.004200945072465708,4,0.011161882872995101,0.008958360640877997,-0.1974149215853424,0.012361770565571552,0.005554950716184442,1.52587890625e-05,17,26,False,True
10,0.03457919291093757,0.02907751936117406,-1,0.002565332683342034,0.0036279282727812692,4,0.006785539637941148,0.00547106400017305,-0.19371718505898122,0.005328451721794078,0.005613676278552023,3.0517578125e-05,14,26,False,True
11,0.03465209908748336,0.04120852278461451,1,0.007084301397567827,0.007084301397567827,0,0.00742968031052829,0.007164613739451148,-0.035676712859573106,0.008024274106482071,0.006304953372420226,0.0,17,26,False,False
12,0.04774677847314069,0.04015009485797723,-1,0.007888346198730557,0.0055779030894695025,-4,0.010226875791043236,0.009006064595608031,-0.11937283881988664,0.0085723539953438,0.009439775195872262,0.0,15,25,False,True
13,0.05373425199724336,0.05373425199724336,0,0.00924775857367402,0.00848023200263974,-1,0.013405172004418379,0.01339392089519611,-0.0008393110672925573,0.013295467525645983,0.013492374264746237,7.62939453125e-06,16,25,False,False
14,0.13430402061353605,0.11293576948808344,-1,0.006447202790898175,0.007030724497535491,1,0.018563968861101326,0.01874621171947284,0.00981702025763383,0.018726940974453626,0.018765482464492056,7.62939453125e-06,13,26,False,False
15,0.12424406176432232,0.12424406176432232,0,0.013736828215985496,0.01259672701486671,-1,0.012305695757850836,0.012288573358679715,-0.0013914206484584434,0.011072704665990555,0.013504442051368875,0.0,17,26,False,False
16,0.11704762929063195,0.1391938735466204,1,0.029950542701875964,0.03266129841391674,1,0.010073729697991474,0.009113148841243864,-0.09535503587505753,0.008921747070990171,0.009304550611497557,0.0,11,27,False,False
17,0.10194593584553704,0.08572597200219725,-1,0.10450089373971647,0.07389329060340835,-4,0.012645433647311324,0.010570677238623264,-0.1640715903111156,0.009770986641779247,0.011370367835467283,0.0,15,29,False,True
