layer,output_bits,signed_min,signed_max,s_product,s_h_target,s_h_effective,M_G,S_G,ZP_G,alpha_target,alpha_hw,alpha_relative_error,local_ideal_nmse,local_hw_nmse,incremental_ms_loss,prefill_nmse,decode_nmse,worst_group_nmse,clipping_rate,positive_clipping_rate,negative_clipping_rate,anchor_source,anchor_percentile,anchor_offset,s_act,s_up
0,10,-512,511,0.033141050749640404,0.2712774079017728,0.27127531522423487,64051,19,0,0.12216664485986423,0.12216758728027344,7.714220279129856e-06,0.02507778479335282,0.02507754330256927,5.950827639123877e-11,0.0263130379674297,0.02384204863770884,0.0263130379674297,3.814697265625e-06,0.0,3.814697265625e-06,pre_float,100.0,-1,0.09447198705155851,0.3508029394105316
1,10,-512,511,0.008334272401564041,0.05063435620083608,0.05063454863343849,10787,16,0,0.1645971831557804,0.1645965576171875,3.8004210090556085e-06,0.008124780612262189,0.00812476121200295,1.4443309626863852e-11,0.007585383415488967,0.008664139008516931,0.008664139008516931,3.814697265625e-06,0.0,3.814697265625e-06,fp,100.0,-3,0.06058115936329323,0.13757201891078144
2,10,-512,511,0.006551365578273203,0.05595472500068712,0.05595507626132933,61385,19,0,0.11708333082135158,0.11708259582519531,6.277547376853254e-06,0.008513821717454469,0.008513529123426834,5.537407094799815e-08,0.009833360345793908,0.007193697901059757,0.009833360345793908,3.814697265625e-06,0.0,3.814697265625e-06,fp,100.0,-2,0.04072300285404824,0.16087628905347132
3,10,-512,511,0.005399344373523709,0.032865397206637906,0.03286520378603105,43067,18,0,0.16428660026762706,0.16428756713867188,5.885270273020982e-06,0.007529881573771818,0.007529901739880954,3.463599850033269e-11,0.008003416427837067,0.007056387051924841,0.008003416427837067,7.62939453125e-06,7.62939453125e-06,0.0,fp,100.0,-1,0.055371498274208,0.09751125654547656
4,10,-512,511,0.003411559418208223,0.03628003757763565,0.03627998751046739,49301,19,0,0.09403406517724319,0.09403419494628906,1.3800216509362152e-06,0.006466223888190292,0.006466212697751994,1.904454500546782e-12,0.005831172505047895,0.007101252890456093,0.007101252890456093,3.814697265625e-06,0.0,3.814697265625e-06,fp,100.0,-2,0.03402890549652569,0.10025475014341967
5,10,-512,511,0.002654798148385483,0.014969158245979216,0.01496901414889366,11623,16,0,0.1773511980273556,0.1773529052734375,9.626357762924204e-06,0.004497339360517139,0.004497389169570215,9.266497971867745e-11,0.004608720990764125,0.004386057348376304,0.004608720990764125,7.62939453125e-06,7.62939453125e-06,0.0,fp,100.0,-3,0.03145219018817549,0.08440741749627216
6,10,-512,511,0.0018498465435357896,0.02336728731816635,0.023367120699127625,41505,19,0,0.07916394052713469,0.07916450500488281,7.13049078113799e-06,0.016780230053207033,0.01678032750167464,5.0843173703158456e-11,0.006960299860789943,0.02660035514255934,0.02660035514255934,7.62939453125e-06,0.0,7.62939453125e-06,fp,100.0,-4,0.03003791206197832,0.06158372591673261
7,10,-512,511,0.002317610215403074,0.01368093239353789,0.0136810397294772,5551,15,0,0.169404405250755,0.169403076171875,7.845598100242266e-06,0.00517915819487326,0.005179190750214845,6.15543754079265e-11,0.0059800706242158375,0.004378310876213852,0.0059800706242158375,7.62939453125e-06,0.0,7.62939453125e-06,pre_float,100.0,-1,0.029958454320593,0.07736080742356534
8,10,-512,511,0.0026472035581480125,0.01557100249097821,0.015570905143876693,44567,18,0,0.17000855016764618,0.17000961303710938,6.2518588750030885e-06,0.005397350443170711,0.005397323607897938,3.908525068158764e-11,0.006371361721636056,0.004423285494159819,0.006371361721636056,0.0,0.0,0.0,fp,100.0,2,0.02816492304506656,0.09398937657000642
9,10,-512,511,0.004265754289077176,0.012886569131042087,0.012886534207106197,10847,15,0,0.331023272812119,0.331024169921875,2.7101108280412734e-06,0.00659693818121254,0.006596933006024172,7.344660890635302e-12,0.007287998543816772,0.005905867468231571,0.007287998543816772,3.814697265625e-06,0.0,3.814697265625e-06,fp,100.0,-2,0.03899813035154827,0.1093835589199681
10,10,-512,511,0.0014992207748140743,0.018941772938205488,0.01894169365461892,41497,19,0,0.07914891492496731,0.07914924621582031,4.185665126486142e-06,0.004076975635628659,0.004077004050372816,1.751964588837607e-11,0.004022834547361844,0.004131173553383788,0.004131173553383788,3.814697265625e-06,3.814697265625e-06,0.0,fp,100.0,-2,0.03995968830625943,0.037518330056123865
11,10,-512,511,0.0036802624957357464,0.025182331730909294,0.02518229050878733,38311,18,0,0.14614462771207637,0.14614486694335938,1.6369488687401676e-06,0.004703142461332499,0.004703146103096557,2.6795928263536608e-12,0.0051397390766311805,0.004266553129561934,0.0051397390766311805,3.814697265625e-06,3.814697265625e-06,0.0,pre_float,100.0,-2,0.03930414267940777,0.09363548585080599
12,10,-512,511,0.0013936418377487674,0.023995663167368418,0.023995720585537793,15225,18,0,0.05807890484327076,0.058078765869140625,2.3928503905066187e-06,0.002898363723290623,0.0028983631715242125,5.725760393475643e-12,0.0033692954741752195,0.002427430868873206,0.0033692954741752195,1.1444091796875e-05,7.62939453125e-06,3.814697265625e-06,fp,100.0,-1,0.033954164696580975,0.04104479819199029
13,10,-512,511,0.0027152903138346826,0.08109108488457281,0.08109106138018046,35111,20,0,0.03348444921781104,0.033484458923339844,2.8985182766830664e-07,0.0075532910436270145,0.007553294204963596,8.401403330721504e-14,0.0086218602910555,0.006484728118871692,0.0086218602910555,3.814697265625e-06,0.0,3.814697265625e-06,fp,100.0,-2,0.04262899534461116,0.06369585517754711
14,10,-512,511,0.0036916446793258703,0.08550734263387122,0.08550661596317298,45271,20,0,0.04317342307236588,0.043173789978027344,8.498414889390144e-06,0.007144058692194974,0.0071440652268641705,2.2249641318719918e-07,0.007718389364612078,0.006569741089116263,0.007718389364612078,3.814697265625e-06,3.814697265625e-06,0.0,fp,100.0,-2,0.057449754574603405,0.06425866753759504
15,10,-512,511,0.004142264256386844,0.07652288686505537,0.07652224035702491,56761,20,0,0.05413105054036367,0.054131507873535156,8.448629149451969e-06,0.00442029163627063,0.004420278131954131,7.137812840438576e-11,0.003908819580149613,0.0049317366837586495,0.0049317366837586495,3.814697265625e-06,0.0,3.814697265625e-06,pre_float,100.0,-1,0.05601143032591977,0.07395390962672801
16,10,-512,511,0.012642702718703394,0.07555504660855616,0.07555473980375658,43865,18,0,0.16733101607631967,0.16733169555664062,4.06069560136536e-06,0.006051258454812292,0.00605129648081495,1.6489114851752573e-11,0.007621770046539054,0.004480822915090847,0.007621770046539054,7.62939453125e-06,0.0,7.62939453125e-06,fp,100.0,-2,0.08291419266673465,0.1524793562125061
17,10,-512,511,0.012767161449956316,0.1390201492751333,0.13901990783348972,48149,19,0,0.09183676982455949,0.09183692932128906,1.7367415021065178e-06,0.0053602171087193074,0.0053602082880222866,3.0162605685360184e-12,0.006333466432400307,0.004386950143644266,0.006333466432400307,3.814697265625e-06,0.0,3.814697265625e-06,fp,100.0,-2,0.08159599624393174,0.15646798908844506
