policy,threshold,s_X,s_10,input_clipping_fraction,zero_after_quant_fraction,int10_clip_rate,ratio_max_relative_error,bad_ratio_channels,input_only_mse,input_only_mae,input_only_nmse,input_only_max_absolute_error,input_only_reference_energy,int8_pair_mse,int8_pair_mae,int8_pair_nmse,int8_pair_max_absolute_error,int8_pair_reference_energy,final_local_total_mse,final_local_total_mae,final_local_total_nmse,final_local_total_max_absolute_error,final_local_total_reference_energy,requantization_only_mse,requantization_only_mae,requantization_only_nmse,requantization_only_max_absolute_error,requantization_only_reference_energy,layer,module,module_name,split
absmax,237.61618041992188,1.870993546613558,0.028220451285919337,0.0,0.8815282058793851,3.638459388971684e-06,1.3313339938230949e-05,0,0.09394317187133427,0.22808375824643437,0.03932986727198409,5.867819848329045,2.3885962091271273,0.0941332595791665,0.22835076891625272,0.039409448620688355,5.804390671551021,2.3885962091271273,0.09427629373636412,0.2284585142117458,0.03946933072074824,18.029615970962304,2.3885962091271273,9.828622933047615e-05,0.007062495543316459,4.558839529845405e-05,14.392430155818861,2.155948431328293,0,down_proj,model.layers.0.mlp.down_proj,calibration
percentile_99,6.274074554443359,0.049402161846010706,0.028220451285919337,0.009999997074964021,0.3481513266079765,1.4696522237807195e-06,1.3546768819599874e-05,0,0.4418508425474042,0.4904345886093461,0.18498348145200785,11.06016439487025,2.3885962091271273,0.441969879794479,0.49053593124670025,0.18503331710301488,11.08364394091419,2.3885962091271273,0.4420628425635666,0.490592085820285,0.18507223651883425,18.029615970962304,2.3885962091271273,7.093024975535115e-05,0.007057313817539167,5.511104609662738e-05,7.101037267005044,1.2870423404953633,0,down_proj,model.layers.0.mlp.down_proj,calibration
percentile_99.5,8.096605954170172,0.06375280278874151,0.028220451285919337,0.005000001212819796,0.3840871646881438,2.0831963560386896e-06,1.3715017163605511e-05,0,0.3618636035036058,0.43826011086953476,0.15149634840785534,9.852830603486693,2.3885962091271273,0.362000902892738,0.43838859109151246,0.15155382961317904,9.908562833620213,2.3885962091271273,0.36210781635651296,0.4384551783129164,0.15159858957024772,18.029615970962304,2.3885962091271273,7.503626043819147e-05,0.0070581803311885625,5.1344148095754256e-05,8.121053137342091,1.4614374416779223,0,down_proj,model.layers.0.mlp.down_proj,calibration
percentile_99.9,13.370501440049338,0.10527953889802628,0.028220451285919337,0.0010000002425639592,0.4646799033961922,3.2246738114023553e-06,1.3136993065461382e-05,0,0.2519767705717373,0.35327571748030967,0.1054915726688765,8.690495346495933,2.3885962091271273,0.2521377849322096,0.35347034579890474,0.1055589822879059,8.756345378731183,2.3885962091271273,0.2522660222489752,0.3535646183599252,0.10561266960277126,18.029615970962304,2.3885962091271273,8.445957135722649e-05,0.007061545634624847,4.9396619757936844e-05,9.273270592231121,1.709824918610061,0,down_proj,model.layers.0.mlp.down_proj,calibration
percentile_99.95,16.78148785686517,0.13213769966035566,0.028220451285919337,0.0005000010130612417,0.5052541975407782,3.7240701981239588e-06,1.36562336008077e-05,0,0.2134022985428967,0.3191721865519395,0.08934214067972628,8.218020325124506,2.3885962091271273,0.21357155134500713,0.3194110974506115,0.08941299937131413,8.284079715853888,2.3885962091271273,0.21370816845673382,0.31951603614206425,0.08947019493714675,18.029615970962304,2.3885962091271273,8.863468380119643e-05,0.007061333153549852,4.956250468213614e-05,9.745536255108416,1.7883414966544882,0,down_proj,model.layers.0.mlp.down_proj,calibration
percentile_99.99,41.68604060208963,0.3282365401739341,0.028220451285919337,0.00010000055932395312,0.6783935514770947,6.135441322579703e-06,1.4202424246796938e-05,0,0.08482664938234305,0.17980062479388909,0.03551318094628541,6.139335714685306,2.3885962091271273,0.08501770237903834,0.18037125693681494,0.03559316641890956,6.203585942969493,2.3885962091271273,0.0851811214434825,0.18058637788360274,0.03566158278154956,18.029615970962304,2.3885962091271273,0.00010835603115103224,0.007067633002091196,5.250413439300821e-05,11.826030027992811,2.063761880920784,0,down_proj,model.layers.0.mlp.down_proj,calibration
activation_mse_search_64_rows,237.61618041992188,1.870993546613558,0.028220451285919337,0.0,0.8815282058793851,3.638459388971684e-06,1.3313339938230949e-05,0,0.09394317187133427,0.22808375824643437,0.03932986727198409,5.867819848329045,2.3885962091271273,0.0941332595791665,0.22835076891625272,0.039409448620688355,5.804390671551021,2.3885962091271273,0.09427629373636412,0.2284585142117458,0.03946933072074824,18.029615970962304,2.3885962091271273,9.828622933047615e-05,0.007062495543316459,4.558839529845405e-05,14.392430155818861,2.155948431328293,0,down_proj,model.layers.0.mlp.down_proj,calibration
absmax,237.61618041992188,1.870993546613558,0.028220451285919337,0.0,0.8820337104251923,6.981637042697959e-06,1.3313339938230949e-05,0,0.09316445129290521,0.22699386040486735,0.03902123337710743,5.903328587079358,2.387532203109755,0.09335245064567148,0.22725952470812272,0.03909997549942159,5.882386487023453,2.387532203109755,0.09355180737408884,0.22737403231368297,0.039183474573552486,11.425936297637868,2.387532203109755,0.00011919853048129548,0.007068122950145627,5.526598485266805e-05,7.504892974266827,2.1568154588950743,0,down_proj,model.layers.0.mlp.down_proj,validation
percentile_99,6.274074554443359,0.049402161846010706,0.028220451285919337,0.010061730671747116,0.35212668247822887,2.311162607237945e-06,1.3546768819599874e-05,0,0.44410481042331373,0.49038680959053194,0.18600997709889242,11.031471257253525,2.387532203109755,0.44421828601487806,0.4904840592144848,0.18605750550140635,11.059591222933998,2.387532203109755,0.4443294733492819,0.490542212654394,0.1861040754845291,11.425936297637868,2.387532203109755,7.347289403226471e-05,0.007058551692170843,5.72495628468879e-05,4.328082562563758,1.2833791277806887,0,down_proj,model.layers.0.mlp.down_proj,validation
percentile_99.5,8.096605954170172,0.06375280278874151,0.028220451285919337,0.005045334176779287,0.3880088903203117,3.225997805936298e-06,1.3715017163605511e-05,0,0.3633090787880303,0.438156036176695,0.15216928940888047,9.830060354223765,2.387532203109755,0.36344233966316086,0.43828187546686864,0.1522251047293846,9.827882298937547,2.387532203109755,0.3635745668995679,0.4383499939224514,0.152280487118043,11.425936297637868,2.387532203109755,8.013349387694836e-05,0.007060909570872797,5.492862111702573e-05,5.1315525923659315,1.4588659290431396,0,down_proj,model.layers.0.mlp.down_proj,validation
percentile_99.9,13.370501440049338,0.10527953889802628,0.028220451285919337,0.0010113563308136524,0.4683259859227086,5.151966645301252e-06,1.3136993065461382e-05,0,0.2524057062379725,0.35301822770826047,0.10571824158401492,6.6334133189916535,2.387532203109755,0.252565218628145,0.3532102905550054,0.10578505215518325,6.701638708674608,2.387532203109755,0.2527301507835412,0.3533030003844059,0.10585413275446537,11.425936297637868,2.387532203109755,9.623147668408032e-05,0.007066003048361088,5.631272321230015e-05,6.287954555036347,1.7088762751054611,0,down_proj,model.layers.0.mlp.down_proj,validation
percentile_99.95,16.78148785686517,0.13213769966035566,0.028220451285919337,0.0005061205363746179,0.508649574206809,6.0186526230154815e-06,1.36562336008077e-05,0,0.2134607203000629,0.31874120144149143,0.08940642560633562,5.906045779313846,2.387532203109755,0.2136281054130944,0.3189783436215097,0.08947653360857051,5.981775994030777,2.387532203109755,0.21380685738969735,0.31908795252056626,0.0895514025365666,11.425936297637868,2.387532203109755,0.00010311078484137064,0.007064978526494008,5.766550762420431e-05,6.647762937167887,1.7880842307558442,0,down_proj,model.layers.0.mlp.down_proj,validation
percentile_99.99,41.68604060208963,0.3282365401739341,0.028220451285919337,9.880220145942215e-05,0.6806000360733964,1.025578406961838e-05,1.4202424246796938e-05,0,0.08433877553038717,0.17927925226095828,0.03532466511678297,5.170197787456825,2.387532203109755,0.0845293028513155,0.17984800095830045,0.03540446605964782,5.1651130136448495,2.387532203109755,0.08475189871808284,0.18007116183631974,0.03549769867300374,11.425936297637868,2.387532203109755,0.00013221606086079497,0.007075041344805965,6.407084239113523e-05,8.201281130514705,2.063591735748557,0,down_proj,model.layers.0.mlp.down_proj,validation
activation_mse_search_64_rows,237.61618041992188,1.870993546613558,0.028220451285919337,0.0,0.8820337104251923,6.981637042697959e-06,1.3313339938230949e-05,0,0.09316445129290521,0.22699386040486735,0.03902123337710743,5.903328587079358,2.387532203109755,0.09335245064567148,0.22725952470812272,0.03909997549942159,5.882386487023453,2.387532203109755,0.09355180737408884,0.22737403231368297,0.039183474573552486,11.425936297637868,2.387532203109755,0.00011919853048129548,0.007068122950145627,5.526598485266805e-05,7.504892974266827,2.1568154588950743,0,down_proj,model.layers.0.mlp.down_proj,validation
absmax,82.98802185058594,0.6534489909494956,0.00936830448450864,0.0,0.8915688342010845,4.737131439759212e-06,1.3747750896399255e-05,0,0.016522807670643673,0.09944153378389851,0.03969237748348632,2.001339803894341,0.41627155434359775,0.016608365599239228,0.09970190976070724,0.03989791141368837,1.9945406645137027,0.41627155434359775,0.016623543112751316,0.09972932011732673,0.03993437202060162,5.464604987546587,0.41627155434359775,1.2402881020774272e-05,0.0023446107724269414,3.361597646473981e-05,4.787203591583915,0.3689579279002589,1,down_proj,model.layers.1.mlp.down_proj,calibration
percentile_99,4.144743618965151,0.03263577652728465,0.00936830448450864,0.010000000642081069,0.23393686171434389,9.987927734432075e-07,1.4156715520736461e-05,0,0.04599122328708169,0.13814720726544205,0.1104837042242856,6.281321548740079,0.41627155434359775,0.04604657455494387,0.13832082384170938,0.11061667335773856,6.279688460101774,0.41627155434359775,0.04605438787796897,0.13836635175053064,0.11063544313180447,6.281320487836199,0.41627155434359775,7.36294209267744e-06,0.0023423832597598117,2.5272896660558792e-05,0.7652994493598344,0.29133748266252923,1,down_proj,model.layers.1.mlp.down_proj,calibration
percentile_99.5,5.257313807010405,0.041396171708743344,0.00936830448450864,0.005000001212819796,0.2749212441196789,4.523104416878525e-06,1.4998485355611929e-05,0,0.031204349221807433,0.10934278001210572,0.07496152186284345,5.572485833192266,0.41627155434359775,0.03126807925949349,0.10961142581396639,0.07511461913077126,5.568938897838635,0.41627155434359775,0.03127776693005634,0.1096707991601475,0.07513789160870485,5.569329347013542,0.41627155434359775,7.890126414156865e-06,0.0023429019364745196,2.375215584876244e-05,1.4570908924780186,0.3321856956646723,1,down_proj,model.layers.1.mlp.down_proj,calibration
percentile_99.9,7.812349103927772,0.061514559873447026,0.00936830448450864,0.0010000002425639592,0.3563895727290078,1.1985513281318488e-05,1.3607230575530622e-05,0,0.01686092087155415,0.07435868538684841,0.04050461938995921,4.244317830768326,0.41627155434359775,0.016932177997366786,0.07484957752042946,0.040675798816151326,4.240615832893876,0.41627155434359775,0.016946240408938405,0.07493398045237819,0.04070958063819726,5.464604987546587,0.41627155434359775,1.049529299873477e-05,0.002347098790591943,2.7955853112246915e-05,2.4815186500134603,0.3754238139896717,1,down_proj,model.layers.1.mlp.down_proj,calibration
percentile_99.95,9.017458504200022,0.07100361026929151,0.00936830448450864,0.0005000010130612417,0.39002450973257924,1.4282736660237866e-05,1.3808269426734809e-05,0,0.013719553777076123,0.06565369737770126,0.032958182306523316,3.737944063369743,0.41627155434359775,0.013791640235043716,0.06620729960752103,0.0331313540191119,3.7860054823933442,0.41627155434359775,0.013806763886694438,0.06629576136231463,0.03316768523486017,5.464604987546587,0.41627155434359775,1.1609282248803326e-05,0.0023481330423040683,3.0254682626077e-05,2.875236327960658,0.38371852689001923,1,down_proj,model.layers.1.mlp.down_proj,calibration
percentile_99.99,13.18571696481581,0.10382454303004575,0.00936830448450864,0.00010000055932395312,0.48889559316647674,1.7521678939832266e-05,1.3931808422260396e-05,0,0.007905120294848592,0.04955317411908939,0.018990296628156263,2.5942284925576553,0.41627155434359775,0.007977217661534516,0.05018646720051305,0.019163494546518983,2.639393511911484,0.41627155434359775,0.00799479675810827,0.050273211358588706,0.019205724423603604,5.464604987546587,0.41627155434359775,1.3911672897245155e-05,0.0023495707294327963,3.515023362304136e-05,3.591088875100664,0.3957775372544296,1,down_proj,model.layers.1.mlp.down_proj,calibration
activation_mse_search_64_rows,13.18571696481581,0.10382454303004575,0.00936830448450864,0.00010000055932395312,0.48889559316647674,1.7521678939832266e-05,1.3931808422260396e-05,0,0.007905120294848592,0.04955317411908939,0.018990296628156263,2.5942284925576553,0.41627155434359775,0.007977217661534516,0.05018646720051305,0.019163494546518983,2.639393511911484,0.41627155434359775,0.00799479675810827,0.050273211358588706,0.019205724423603604,5.464604987546587,0.41627155434359775,1.3911672897245155e-05,0.0023495707294327963,3.515023362304136e-05,3.591088875100664,0.3957775372544296,1,down_proj,model.layers.1.mlp.down_proj,calibration
absmax,82.98802185058594,0.6534489909494956,0.00936830448450864,6.018652623015482e-09,0.8920540628601562,7.944621462380437e-06,1.3747750896399255e-05,0,0.016452517120717235,0.09920414454981875,0.03968695960074187,1.9680058080170564,0.4145572572510616,0.016538165866857094,0.09946280229829833,0.03989356253590165,1.963774510555144,0.4145572572510616,0.016558035649335327,0.09949235477378374,0.039941492664082236,3.633865885939641,0.4145572572510616,1.5215858564406441e-05,0.0023471162683480875,4.143667099175465e-05,3.1189681999893484,0.367207553122069,1,down_proj,model.layers.1.mlp.down_proj,validation
percentile_99,4.144743618965151,0.03263577652728465,0.00936830448450864,0.010031872136084335,0.23602336450578099,1.348178187555468e-06,1.4156715520736461e-05,0,0.045081402018013875,0.13607934150459097,0.10874589994383324,5.619847072656561,0.4145572572510616,0.045137126315441777,0.1362596556076655,0.10888031876404014,5.638119024522789,0.4145572572510616,0.04514503072293737,0.1363091611072111,0.10889938587083262,5.640982367267329,0.4145572572510616,7.369398466731128e-06,0.0023422811132629536,2.5371574416227337e-05,0.5038906323583481,0.2904588554826836,1,down_proj,model.layers.1.mlp.down_proj,validation
percentile_99.5,5.257313807010405,0.041396171708743344,0.00936830448450864,0.00503518070980426,0.27718833033331586,5.6816080761266145e-06,1.4998485355611929e-05,0,0.030303765474031227,0.10724835847821367,0.0730991074067215,5.113786133955374,0.4145572572510616,0.030367835858197592,0.10752447099809496,0.07325365875770065,5.131541850278479,0.4145572572510616,0.03037809212237285,0.10758712285336587,0.07327839904145125,5.135093925103862,0.4145572572510616,8.041385895462477e-06,0.0023442140431734404,2.4261189822866644e-05,1.1675257769830703,0.33145059884422134,1,down_proj,model.layers.1.mlp.down_proj,validation
percentile_99.9,7.812349103927772,0.061514559873447026,0.00936830448450864,0.001012012363949561,0.3589013139826108,1.4107721748348289e-05,1.3607230575530622e-05,0,0.01606439377858143,0.07240275333683471,0.03875072380858747,3.7477123744227634,0.4145572572510616,0.01613580578321335,0.07289818612295461,0.038922984704719055,3.7613442133103034,0.4145572572510616,0.01615207641210777,0.07298512009361277,0.03896223291135355,3.7594118066131545,0.4145572572510616,1.171158854386529e-05,0.002348234922568686,3.122707053851151e-05,1.9471309158287298,0.3750460207089135,1,down_proj,model.layers.1.mlp.down_proj,validation
percentile_99.95,9.017458504200022,0.07100361026929151,0.00936830448450864,0.0005084316989818558,0.39262433019618687,1.637073513460211e-05,1.3808269426734809e-05,0,0.012997685931822366,0.06383833049838572,0.031353174270811975,3.2519489448676815,0.4145572572510616,0.013070235279026971,0.06439722209644244,0.03152817867837122,3.2826570840401104,0.4145572572510616,0.013088280953072079,0.06448901961585554,0.03157170867025887,3.633865885939641,0.4145572572510616,1.3328216534109577e-05,0.002350294669711993,3.476323389066023e-05,2.086656354666414,0.38339978886977033,1,down_proj,model.layers.1.mlp.down_proj,validation
percentile_99.99,13.18571696481581,0.10382454303004575,0.00936830448450864,9.767671341891825e-05,0.49154802417745724,1.950043449857016e-05,1.3931808422260396e-05,0,0.007430785188896253,0.04820947656033087,0.017924629370065684,2.302478224087487,0.4145572572510616,0.007503337905596637,0.048848763306247926,0.018099641905563152,2.3008142741833737,0.4145572572510616,0.007525468026180534,0.04893979291376748,0.018153024448497368,3.633865885939641,0.4145572572510616,1.6646374744822047e-05,0.0023519587846526635,4.2117407683198964e-05,2.7802585391869226,0.39523740088738757,1,down_proj,model.layers.1.mlp.down_proj,validation
activation_mse_search_64_rows,13.18571696481581,0.10382454303004575,0.00936830448450864,9.767671341891825e-05,0.49154802417745724,1.950043449857016e-05,1.3931808422260396e-05,0,0.007430785188896253,0.04820947656033087,0.017924629370065684,2.302478224087487,0.4145572572510616,0.007503337905596637,0.048848763306247926,0.018099641905563152,2.3008142741833737,0.4145572572510616,0.007525468026180534,0.04893979291376748,0.018153024448497368,3.633865885939641,0.4145572572510616,1.6646374744822047e-05,0.0023519587846526635,4.2117407683198964e-05,2.7802585391869226,0.39523740088738757,1,down_proj,model.layers.1.mlp.down_proj,validation
absmax,110.20211791992188,0.8677332119678888,0.007314705481437474,0.0,0.941978782987557,2.454176529031881e-06,1.3719632172612972e-05,0,0.02859866465298247,0.13005954484924848,0.16280182652173866,2.4103071866977768,0.17566550243319132,0.02861501907753143,0.13009730856303692,0.16289492632973984,2.42563349468015,0.17566550243319132,0.028621529041926913,0.13010957786942184,0.16293198519619517,2.4267246844371657,0.17566550243319132,5.140730276896339e-06,0.0018297079649707395,3.8631626583375324e-05,1.6019205004348067,0.1330705106553446,2,down_proj,model.layers.2.mlp.down_proj,calibration
percentile_99,2.1944010257720947,0.017278748234425944,0.007314705481437474,0.009999998858522544,0.17476252060937544,4.851279185295579e-06,1.4406571570168725e-05,0,0.041043333506956575,0.12358983657853505,0.23364481322999706,3.596662935452629,0.17566550243319132,0.04105743247520268,0.12364750774716082,0.23372507354321062,3.599336728870217,0.17566550243319132,0.041063063152666814,0.12368199455806843,0.23375712694804046,3.599999514764923,0.17566550243319132,4.789042638158893e-06,0.001829770945286863,4.8087056011499125e-05,0.9318069385165306,0.09959109655233797,2,down_proj,model.layers.2.mlp.down_proj,calibration
percentile_99.5,2.981706155538518,0.02347800122471274,0.007314705481437474,0.005000001212819796,0.20848602734569052,1.4140051978317407e-05,1.4639228150430653e-05,0,0.031827231490859385,0.10432052467583283,0.18118088668527188,3.2413323026612453,0.17566550243319132,0.031843854672563995,0.10441398993891969,0.181275516430295,3.2434996985608273,0.17566550243319132,0.031853286630589804,0.10446730824495647,0.1813292091468225,3.241578946174487,0.17566550243319132,6.321660449494598e-06,0.0018322703916492955,5.439540348046222e-05,1.4566704317790404,0.11621681327844578,2,down_proj,model.layers.2.mlp.down_proj,calibration
percentile_99.9,5.002252193451568,0.03938781254686274,0.007314705481437474,0.0010000002425639592,0.2813500397976115,2.8451325574939366e-05,1.3238594284806879e-05,0,0.020027239643293407,0.07701039937254751,0.11400781238143283,3.006293881785618,0.17566550243319132,0.020046851045738622,0.07717121117482241,0.11411945298344958,3.0055192170420506,0.17566550243319132,0.02006036634346729,0.07724916178003931,0.11419639067207633,3.0072667680206715,0.17566550243319132,1.1118542339422572e-05,0.001838934418775235,8.062856116188505e-05,2.2726534699840886,0.1378983102166352,2,down_proj,model.layers.2.mlp.down_proj,calibration
percentile_99.95,6.150887339115343,0.048432183772561754,0.007314705481437474,0.0005000010130612417,0.31710702976322563,3.034903184448146e-05,1.3172523317625543e-05,0,0.01639158547150351,0.06816476995782365,0.09331135165675185,2.882015768412809,0.17566550243319132,0.01641173752145532,0.06834270144587148,0.09342606996895701,2.8809466771560572,0.17566550243319132,0.016425931196254993,0.0684216473545528,0.09350686941223456,2.8829167748362345,0.17566550243319132,1.2275228551468543e-05,0.0018400980643966433,8.538346232255312e-05,2.326094201578353,0.14376587945211697,2,down_proj,model.layers.2.mlp.down_proj,calibration
percentile_99.99,11.279328735728086,0.08881361209234713,0.007314705481437474,0.00010000055932395312,0.44778669875702237,3.228954351859969e-05,1.458108317473436e-05,0,0.008210058279689816,0.04788401106710341,0.04673688439659486,2.673169477818029,0.17566550243319132,0.008231418049914419,0.048083712881628306,0.046858477822331525,2.6712255980204525,0.17566550243319132,0.008246298436331774,0.04815345082195561,0.04694318646581156,2.6707903158745476,0.17566550243319132,1.3621030575985944e-05,0.0018411425684062399,8.687959853732178e-05,2.3454373437054516,0.15678054232875646,2,down_proj,model.layers.2.mlp.down_proj,calibration
activation_mse_search_64_rows,11.279328735728086,0.08881361209234713,0.007314705481437474,0.00010000055932395312,0.44778669875702237,3.228954351859969e-05,1.458108317473436e-05,0,0.008210058279689816,0.04788401106710341,0.04673688439659486,2.673169477818029,0.17566550243319132,0.008231418049914419,0.048083712881628306,0.046858477822331525,2.6712255980204525,0.17566550243319132,0.008246298436331774,0.04815345082195561,0.04694318646581156,2.6707903158745476,0.17566550243319132,1.3621030575985944e-05,0.0018411425684062399,8.687959853732178e-05,2.3454373437054516,0.15678054232875646,2,down_proj,model.layers.2.mlp.down_proj,calibration
absmax,110.20211791992188,0.8677332119678888,0.007314705481437474,0.0,0.94258780780834,2.0704165023173257e-06,1.3719632172612972e-05,0,0.02841767106026906,0.12960955295980217,0.16565788151475366,2.2548535249395556,0.17154433462761717,0.02843418097112073,0.12964829440006437,0.16575412433668948,2.266017642812443,0.17154433462761717,0.0284408600437682,0.1296601419359049,0.16579305930158922,2.632811057219534,0.17154433462761717,5.3818720004180575e-06,0.0018293805604792138,4.166361279785441e-05,1.824535657897386,0.1291743955698247,2,down_proj,model.layers.2.mlp.down_proj,validation
percentile_99,2.1944010257720947,0.017278748234425944,0.007314705481437474,0.009770758910687433,0.1748886296481332,2.888953259047431e-06,1.4406571570168725e-05,0,0.03923557709498923,0.12001442270721598,0.2287197486303499,3.414304946004609,0.17154433462761717,0.03924905670436976,0.12007152834134227,0.22879832662250446,3.40989447073101,0.17154433462761717,0.03925447030045084,0.1201065124877478,0.22882988462232318,3.4117858216880013,0.17154433462761717,4.670774610724092e-06,0.001829293722866569,4.750238439691424e-05,0.7199811313646527,0.09832716125777269,2,down_proj,model.layers.2.mlp.down_proj,validation
percentile_99.5,2.981706155538518,0.02347800122471274,0.007314705481437474,0.0048734294205607185,0.2087514591621419,1.064097783749137e-05,1.4639228150430653e-05,0,0.030329330096868685,0.10096443720234151,0.17680170063736936,3.2799713457752535,0.17154433462761717,0.030345351193804142,0.10105775369595364,0.17689509396901293,3.275033498834531,0.17154433462761717,0.03035339947133705,0.10111052527049741,0.1769420105725276,3.2728064175406897,0.17154433462761717,5.8061674592632276e-06,0.0018313896608339153,5.069718580264551e-05,1.471052436065491,0.11452642523128466,2,down_proj,model.layers.2.mlp.down_proj,validation
percentile_99.9,5.002252193451568,0.03938781254686274,0.007314705481437474,0.0009706642204294449,0.28198478720548087,2.1907895547776353e-05,1.3238594284806879e-05,0,0.018994905037966213,0.07415225382729419,0.11072883916102347,3.00177900884184,0.17154433462761717,0.019014149101932425,0.07431607856318165,0.11084102044645029,2.9965494842002265,0.17154433462761717,0.019026214666601555,0.07439251631220031,0.11091135541085072,2.994847609246065,0.17154433462761717,9.587574600197165e-06,0.0018363301936503715,7.072170813015425e-05,2.41130317088307,0.1355676333856708,2,down_proj,model.layers.2.mlp.down_proj,validation
percentile_99.95,6.150887339115343,0.048432183772561754,0.007314705481437474,0.00048281631341830195,0.3179410545680899,2.4267207375998423e-05,1.3172523317625543e-05,0,0.015528586853111401,0.06561219355860433,0.09052229493221299,2.8606635633844695,0.17154433462761717,0.015548349457696143,0.06579207897356125,0.09063749899667622,2.855128757222968,0.17154433462761717,0.01556087432014574,0.06586971360293223,0.09071051139010085,2.855868205098753,0.17154433462761717,1.0631334094705245e-05,0.0018373703594531483,7.52761330834676e-05,2.5402805755119533,0.14123114006025017,2,down_proj,model.layers.2.mlp.down_proj,validation
percentile_99.99,11.279328735728086,0.08881361209234713,0.007314705481437474,9.410765241347008e-05,0.4493044134827834,2.6530220762252244e-05,1.458108317473436e-05,0,0.00774915564543026,0.04651672735712845,0.04517290333284321,2.410545936535378,0.17154433462761717,0.007770011605265572,0.04671686276155356,0.045294480998935106,2.4025510621407173,0.17154433462761717,0.007783356792423906,0.046785704800634605,0.04537227539061411,2.632811057219534,0.17154433462761717,1.1983148608810643e-05,0.0018380170484884706,7.800175867269379e-05,2.7126508195041983,0.15362664653618388,2,down_proj,model.layers.2.mlp.down_proj,validation
activation_mse_search_64_rows,11.279328735728086,0.08881361209234713,0.007314705481437474,9.410765241347008e-05,0.4493044134827834,2.6530220762252244e-05,1.458108317473436e-05,0,0.00774915564543026,0.04651672735712845,0.04517290333284321,2.410545936535378,0.17154433462761717,0.007770011605265572,0.04671686276155356,0.045294480998935106,2.4025510621407173,0.17154433462761717,0.007783356792423906,0.046785704800634605,0.04537227539061411,2.632811057219534,0.17154433462761717,1.1983148608810643e-05,0.0018380170484884706,7.800175867269379e-05,2.7126508195041983,0.15362664653618388,2,down_proj,model.layers.2.mlp.down_proj,validation
absmax,86.29258728027344,0.6794691911832554,0.005114523464045695,0.0,0.9592100664956277,6.848864732181993e-07,1.3433470396298926e-05,0,0.022038019341011374,0.11663636238547592,0.34139640144558264,1.6187109360335976,0.06455258241649672,0.0220455221581423,0.11665537723241431,0.3415126294391045,1.6069416540880452,0.06455258241649672,0.022048100024243164,0.11666209502563606,0.34155256379965776,1.654716641593748,0.06455258241649672,2.3048531848944564e-06,0.0012787567156893973,5.222742707534993e-05,1.1200806386260074,0.04413108808843258,3,down_proj,model.layers.3.mlp.down_proj,calibration
percentile_99,1.0058367252349854,0.007919974214448703,0.005114523464045695,0.009999998858522544,0.049823373842656005,0.0,1.3937177470292182e-05,0,0.021603058607380005,0.09589139866433112,0.3346583172768506,2.6460887453910553,0.06455258241649672,0.021606545583175818,0.0959039162463941,0.33471233488025665,2.647201691610973,0.06455258241649672,0.021608709806263927,0.09591663917878564,0.3347458613947212,2.6470106966794185,0.06455258241649672,2.180278389759916e-06,0.0012787955081766567,5.6885543205189815e-05,0.0025676316475858885,0.03832746014036486,3,down_proj,model.layers.3.mlp.down_proj,calibration
percentile_99.5,1.4764569622278145,0.011625645371872556,0.005114523464045695,0.005000001212819796,0.07005697313738275,1.2841621372841237e-07,1.3424313755905645e-05,0,0.018263140680236104,0.08499644574790599,0.28291882364056853,2.6141184462834905,0.06455258241649672,0.01826761169115646,0.08501704801498743,0.28298808517516544,2.6151304561819324,0.06455258241649672,0.018269747555335232,0.08503410226089905,0.2830211723747602,2.6163235558951445,0.06455258241649672,2.1801212435790658e-06,0.0012785192829749908,5.159098200435817e-05,0.11990170078427731,0.04225779698077658,3,down_proj,model.layers.3.mlp.down_proj,calibration
percentile_99.9,2.707823103427927,0.021321441759275014,0.005114523464045695,0.0010000002425639592,0.1196018318316056,1.1414774553636656e-06,1.3808329570149775e-05,0,0.013757575305638974,0.06797445771190334,0.2131219974574272,2.5328958703835536,0.06455258241649672,0.013763483427940112,0.06801938939413157,0.21321352163941915,2.5331920080145927,0.06455258241649672,0.013765976553945139,0.06804780462822553,0.21325214327021527,2.5344911804704133,0.06455258241649672,2.354810080517519e-06,0.0012788579652413176,4.9444911933651866e-05,1.0799995828820088,0.04762492212904219,3,down_proj,model.layers.3.mlp.down_proj,calibration
percentile_99.95,3.384392018199037,0.026648756048811315,0.005114523464045695,0.0005000010130612417,0.14527303020657545,1.5267260965489027e-06,1.4678471828923133e-05,0,0.012312473685043668,0.06197566774071839,0.19073557128362312,2.5107037271824155,0.06455258241649672,0.01231883218378397,0.062034252698748085,0.1908340723582862,2.5108668341491716,0.06455258241649672,0.01232137069419611,0.062066876525088424,0.1908733970501438,2.5089185631501847,0.06455258241649672,2.4816199911822195e-06,0.001279125318130384,5.066559239127835e-05,1.3988452764003863,0.04898038045262072,3,down_proj,model.layers.3.mlp.down_proj,calibration
percentile_99.99,6.441557621047764,0.050720926149982394,0.005114523464045695,0.00010000055932395312,0.25148694917434655,1.8406323967739107e-06,1.2910648840706388e-05,0,0.008444511050544282,0.046672185141031934,0.1308160066480353,2.4054051384740474,0.06455258241649672,0.008451673872992551,0.046762710308438926,0.13092696769994264,2.4051094480791693,0.06455258241649672,0.008454320693336298,0.046802350209679794,0.13096797024770546,2.406628093869271,0.06455258241649672,2.64704614114712e-06,0.0012793597109528188,5.082265305207482e-05,1.6263535362314232,0.05208398188962815,3,down_proj,model.layers.3.mlp.down_proj,calibration
activation_mse_search_64_rows,6.441557621047764,0.050720926149982394,0.005114523464045695,0.00010000055932395312,0.25148694917434655,1.8406323967739107e-06,1.2910648840706388e-05,0,0.008444511050544282,0.046672185141031934,0.1308160066480353,2.4054051384740474,0.06455258241649672,0.008451673872992551,0.046762710308438926,0.13092696769994264,2.4051094480791693,0.06455258241649672,0.008454320693336298,0.046802350209679794,0.13096797024770546,2.406628093869271,0.06455258241649672,2.64704614114712e-06,0.0012793597109528188,5.082265305207482e-05,1.6263535362314232,0.05208398188962815,3,down_proj,model.layers.3.mlp.down_proj,calibration
absmax,86.29258728027344,0.6794691911832554,0.005114523464045695,0.0,0.9601087074592003,3.8519376787299083e-07,1.3433470396298926e-05,0,0.021819979026562727,0.11602286333976111,0.3468484893025911,1.6382475841885176,0.06290925202077773,0.02182725117197484,0.11604139304218526,0.34696408669373013,1.6404936470557918,0.06290925202077773,0.02182938029398615,0.11604706179896503,0.34699793103208926,1.6427767636549333,0.06290925202077773,2.2393210646020702e-06,0.0012787875673855326,5.259893599114365e-05,0.7323738758651155,0.04257350500358251,3,down_proj,model.layers.3.mlp.down_proj,validation
percentile_99,1.0058367252349854,0.007919974214448703,0.005114523464045695,0.009766919010313948,0.05027780776404262,0.0,1.3937177470292182e-05,0,0.020686382522537242,0.09338249001401723,0.32882893784375195,2.3514661979135187,0.06290925202077773,0.020689899822731662,0.09339549729993947,0.32888484854180405,2.352690226750027,0.06290925202077773,0.020691949839653112,0.09340843970363395,0.32891743543253316,2.354883330483409,0.06290925202077773,2.1803696904889005e-06,0.0012787901906828052,5.778274954158136e-05,0.0025661554631115635,0.03773392072524816,3,down_proj,model.layers.3.mlp.down_proj,validation
percentile_99.5,1.4764569622278145,0.011625645371872556,0.005114523464045695,0.00485025760796211,0.07069744700311545,1.4444766295237157e-07,1.3424313755905645e-05,0,0.017476759328676286,0.08262314360060849,0.2778090466391819,2.323247289784476,0.06290925202077773,0.017481313159005515,0.08264467173903416,0.277881433930128,2.324767955483529,0.06290925202077773,0.017483573684631822,0.08266246646535662,0.27791736704892517,2.324196189699135,0.06290925202077773,2.1820312223347025e-06,0.0012785958825490855,5.249305216454642e-05,0.15372838004222622,0.04156800057072004,3,down_proj,model.layers.3.mlp.down_proj,validation
percentile_99.9,2.707823103427927,0.021321441759275014,0.005114523464045695,0.0009658854102467706,0.12073029560540134,1.2037305246030963e-06,1.3808329570149775e-05,0,0.013168639745000259,0.06583042128346143,0.20932755233921568,2.2673109680531884,0.06290925202077773,0.013174659235818162,0.06587554793627608,0.20942323764184675,2.2655022628200734,0.06290925202077773,0.01317709316447117,0.06590431066747232,0.2094619271600786,2.2665100826914983,0.06290925202077773,2.3139925788563094e-06,0.0012790874763556487,4.9495969602849426e-05,0.90047324497933,0.04675113140369909,3,down_proj,model.layers.3.mlp.down_proj,validation
percentile_99.95,3.384392018199037,0.026648756048811315,0.005114523464045695,0.0004812334077784489,0.14665802516547924,2.022267281333202e-06,1.4678471828923133e-05,0,0.011790733506116098,0.05991299484472946,0.1874244745784268,2.2439280611989787,0.06290925202077773,0.011797205956141732,0.05997257366365549,0.18752736008123796,2.2422817016927543,0.06290925202077773,0.011799785781231632,0.0600061421836488,0.18756836875654456,2.2409374653712697,0.06290925202077773,2.4065346158991022e-06,0.0012792890104039948,5.008053170376961e-05,1.061846431387064,0.04805329604194198,3,down_proj,model.layers.3.mlp.down_proj,validation
percentile_99.99,6.441557621047764,0.050720926149982394,0.005114523464045695,9.554009173774775e-05,0.25396665921637723,2.5037594911744403e-06,1.2910648840706388e-05,0,0.00812502686935254,0.04499617404144132,0.12915472062311278,2.163806716456108,0.06290925202077773,0.008132187226972898,0.04508822237393573,0.12926854104523436,2.1617502553179015,0.06290925202077773,0.008134835651948015,0.0451288998815063,0.12931064017835142,2.164219613410584,0.06290925202077773,2.5435557265507834e-06,0.0012791511136755957,4.985058714552265e-05,1.224098266357562,0.05102358612398478,3,down_proj,model.layers.3.mlp.down_proj,validation
activation_mse_search_64_rows,6.441557621047764,0.050720926149982394,0.005114523464045695,9.554009173774775e-05,0.25396665921637723,2.5037594911744403e-06,1.2910648840706388e-05,0,0.00812502686935254,0.04499617404144132,0.12915472062311278,2.163806716456108,0.06290925202077773,0.008132187226972898,0.04508822237393573,0.12926854104523436,2.1617502553179015,0.06290925202077773,0.008134835651948015,0.0451288998815063,0.12931064017835142,2.164219613410584,0.06290925202077773,2.5435557265507834e-06,0.0012791511136755957,4.985058714552265e-05,1.224098266357562,0.05102358612398478,3,down_proj,model.layers.3.mlp.down_proj,validation
