layer,group,rows,min_k,max_k,median_k,distinct_k,zero_fraction,nonzero_fraction,at_bounds_fraction,activation_clip_rate,activation_zero_rate,int10_clip_rate,shift_rejected_candidate_fraction,shift_restricted_row_fraction,shift_changed_choice_fraction,k_bound_rejected_candidate_fraction
0,bos,32,-2,-2,-2.0,1,0.0,1.0,0.0,0.0001220703125,0.60650634765625,0.0,0.0,0.0,0.0,0.0
0,non_bos,10109,-2,3,1.0,6,0.329409437135226,0.6705905628647739,0.0,2.6843634848897024e-05,0.7551761121162145,1.251012402314769e-05,0.0,0.0,0.0,0.0
0,all,10141,-2,3,1.0,6,0.32836998323636724,0.6716300167636328,0.0,2.7144123329799823e-05,0.7547069835822712,1.2470648234888078e-05,0.0,0.0,0.0,0.0
1,bos,32,-3,-3,-3.0,1,0.0,1.0,0.0,0.0001220703125,0.41815185546875,0.0,0.0,0.0,0.0,0.0
1,non_bos,10109,-2,3,0.0,6,0.4289247205460481,0.571075279453952,0.0,4.698541754253635e-05,0.5379538144092672,0.00012756462372638243,0.0,0.0,0.0,0.0
1,all,10141,-3,3,0.0,7,0.4275712454393058,0.5724287545606942,0.0,4.722234848017947e-05,0.5375757784477153,0.0001271620926190711,0.0,0.0,0.0,0.0
2,bos,32,-3,-3,-3.0,1,0.0,1.0,0.0,6.103515625e-05,0.3477783203125,0.0,0.0,0.0,0.0,0.0
2,non_bos,10109,-2,3,0.0,6,0.2794539519240281,0.7205460480759719,0.0,4.749258473266396e-05,0.4631386840953142,3.980054901572856e-05,0.0,0.0,0.0,0.0
2,all,10141,-3,3,0.0,7,0.27857213292574695,0.7214278670742531,0.0,4.753531841657627e-05,0.4627746636199124,3.967495809091806e-05,0.0,0.0,0.0,0.0
3,bos,32,-2,-2,-2.0,1,0.0,1.0,0.0,0.0001220703125,0.3455810546875,0.0,0.0,0.0,0.0,0.0
3,non_bos,10109,-2,4,0.0,7,0.4117123355425858,0.5882876644574142,0.0,4.3749207853150657e-05,0.378838627707983,2.246026127707983e-05,0.0,0.0,0.0,0.0
3,all,10141,-2,4,0.0,7,0.4104131742431713,0.5895868257568286,0.0,4.3996350674243174e-05,0.3787336831919929,2.2389387757617592e-05,0.0,0.0,0.0,0.0
4,bos,32,-1,-1,-1.0,1,0.0,1.0,0.0,6.103515625e-05,0.3978271484375,0.0,0.0,0.0,0.0,0.0
4,non_bos,10109,-2,3,0.0,6,0.5122168364823425,0.4877831635176575,0.0,4.8271448631788504e-05,0.30191589168299904,1.2075409288752596e-06,0.0,0.0,0.0,0.0
4,all,10141,-2,3,0.0,6,0.5106005324918647,0.48939946750813534,0.0,4.831172460494527e-05,0.3022185403582918,1.2037305246030963e-06,0.0,0.0,0.0,0.0
5,bos,32,0,0,0.0,1,1.0,0.0,0.0,0.0,0.56878662109375,0.0,0.0,0.0,0.0,0.0
5,non_bos,10109,-2,4,0.0,7,0.5032149569690375,0.4967850430309625,0.0,5.0463135417697104e-05,0.28728163071350404,2.415081857750519e-06,0.0,0.0,0.0,0.0
5,all,10141,-2,4,0.0,7,0.5047825658219111,0.49521743417808894,0.0,5.03038986231634e-05,0.28816992177870154,2.4074610492061927e-06,0.0,0.0,0.0,0.0
6,bos,32,0,0,0.0,1,1.0,0.0,0.0,0.0,0.5023193359375,0.0,0.0,0.0,0.0,0.0
6,non_bos,10109,-1,3,0.0,5,0.5859135423879711,0.4140864576120289,0.0,4.972049774643882e-05,0.30038822561617434,6.955435750321495e-06,0.0,0.0,0.0,0.0
6,all,10141,-1,3,0.0,5,0.5872201952470171,0.4127798047529829,0.0,4.9563604350532495e-05,0.3010254207182631,6.933487821713835e-06,0.0,0.0,0.0,0.0
7,bos,32,4,4,4.0,1,0.0,1.0,0.0,0.0,0.986572265625,0.0,0.0,0.0,0.0,0.0
7,non_bos,10109,-1,3,0.0,5,0.6431892373132851,0.35681076268671486,0.0,5.139897963757543e-05,0.25815684237127806,0.0,0.0,0.0,0.0,0.0
7,all,10141,-1,4,0.0,6,0.6411596489498077,0.3588403510501923,0.0,5.123678977973079e-05,0.2604553625905976,0.0,0.0,0.0,0.0,0.0
8,bos,32,5,5,5.0,1,0.0,1.0,0.0,0.0,0.9937744140625,0.00048828125,0.0,0.0,0.0,0.0
8,non_bos,10109,-1,3,0.0,5,0.6346819665644475,0.36531803343555247,0.0,5.325859266804333e-05,0.22623291981657742,0.0,0.0,0.0,0.0,0.0
8,all,10141,-1,5,0.0,6,0.632679222956316,0.36732077704368404,0.0,5.3090534787619565e-05,0.2286549026403492,1.5407750714919633e-06,0.0,0.0,0.0,0.0
9,bos,32,0,0,0.0,1,1.0,0.0,0.0,6.103515625e-05,0.37255859375,0.0,0.0,0.0,0.0,0.0
9,non_bos,10109,-1,3,0.0,5,0.6831536254822436,0.31684637451775644,0.0,5.2938594321891384e-05,0.24038554101118126,1.3186346943317836e-05,0.0,0.0,0.0,0.0
9,all,10141,-1,3,0.0,5,0.6841534365447195,0.3158465634552805,0.0,5.296414308253624e-05,0.24080261405009676,1.3144737328665812e-05,0.0,0.0,0.0,0.0
10,bos,32,0,0,0.0,1,1.0,0.0,0.0,0.0,0.395751953125,0.0,0.0,0.0,0.0,0.0
10,non_bos,10109,-1,3,0.0,5,0.6760312592739144,0.3239687407260856,0.0,5.1809543553393015e-05,0.24877117012454866,4.3471473439509346e-07,0.0,0.0,0.0,0.0
10,all,10141,-1,3,0.0,5,0.6770535450152845,0.3229464549847155,0.0,5.1646058158095845e-05,0.2492349690650885,4.333429888571147e-07,0.0,0.0,0.0,0.0
11,bos,32,-2,-2,-2.0,1,0.0,1.0,0.0,0.00030517578125,0.2000732421875,0.0,0.0,0.0,0.0,0.0
11,non_bos,10109,-1,3,0.0,5,0.656642595706796,0.34335740429320405,0.0,5.19423730555693e-05,0.3035590167757382,1.1978806014442575e-05,0.0,0.0,0.0,0.0
11,all,10141,-2,3,0.0,6,0.6545705551720737,0.34542944482792626,0.0,5.2741452935484666e-05,0.3032324666537755,1.1941006804062716e-05,0.0,0.0,0.0,0.0
12,bos,32,-2,-2,-2.0,1,0.0,1.0,0.0,6.103515625e-05,0.204345703125,0.0,0.0,0.0,0.0,0.0
12,non_bos,10109,-1,4,0.0,6,0.5222079335245821,0.47779206647541794,0.0,4.6454099533831236e-05,0.3767969597693732,3.236209689385696e-06,0.0,0.0,0.0,0.0
12,all,10141,-2,4,0.0,7,0.5205601025539888,0.47943989744601123,0.0,4.650011016541761e-05,0.3762527885621333,3.225997805936298e-06,0.0,0.0,0.0,0.0
13,bos,32,-2,-2,-2.0,1,0.0,1.0,0.0,0.0,0.26568603515625,0.0,0.0,0.0,0.0,0.0
13,non_bos,10109,-1,3,0.0,5,0.49896132159461865,0.5010386784053813,0.0,4.528278483282224e-05,0.46523857965751436,8.8391995993669e-06,0.0,0.0,0.0,0.0
13,all,10141,-2,3,0.0,6,0.4973868454787496,0.5026131545212504,0.0,4.513989467261611e-05,0.4646088901373447,8.811307440094666e-06,0.0,0.0,0.0,0.0
14,bos,32,-2,-2,-2.0,1,0.0,1.0,0.0,0.0001220703125,0.27996826171875,0.0,0.0,0.0,0.0,0.0
14,non_bos,10109,-2,3,1.0,6,0.34118112572954795,0.658818874270452,0.0,3.914243920949154e-05,0.6318796082176927,1.5456523889603325e-06,0.0,0.0,0.0,0.0
14,all,10141,-2,3,1.0,6,0.34010452618085,0.65989547381915,0.0,3.940411872288236e-05,0.6307691493785283,1.5407750714919633e-06,0.0,0.0,0.0,0.0
15,bos,32,-1,-1,-1.0,1,0.0,1.0,0.0,6.103515625e-05,0.375732421875,0.0,0.0,0.0,0.0,0.0
15,non_bos,10109,-1,3,0.0,5,0.5127114452468098,0.4872885547531902,0.0,4.2239781692056584e-05,0.6067422770029336,4.202242432485904e-06,0.0,0.0,0.0,0.0
15,all,10141,-1,3,0.0,5,0.5110935805147422,0.4889064194852578,0.0,4.2299090634552803e-05,0.6060133237079831,4.188982225618776e-06,0.0,0.0,0.0,0.0
16,bos,32,1,1,1.0,1,0.0,1.0,0.0,0.0,0.70587158203125,0.0,0.0,0.0,0.0,0.0
16,non_bos,10109,-1,3,0.0,5,0.570877435948165,0.429122564051835,0.0,3.873187529367395e-05,0.5713531527348,4.3471473439509346e-07,0.0,0.0,0.0,0.0
16,all,10141,-1,3,0.0,5,0.5690760280051277,0.4309239719948723,0.0,3.860965657664431e-05,0.5717776266266733,4.333429888571147e-07,0.0,0.0,0.0,0.0
17,bos,32,7,7,7.0,1,0.0,1.0,1.0,6.103515625e-05,0.97344970703125,0.00341796875,0.0,0.0,0.0,0.3333333333333333
17,non_bos,10109,-1,3,0.0,5,0.5160747848451874,0.48392521515481257,0.0,4.764352734877337e-05,0.5426669130694184,0.0,0.05783625152504369,0.17153031951726186,0.0011870610347215352,0.0
17,all,10141,-1,7,0.0,6,0.5144463070703087,0.4855536929296913,0.003155507346415541,4.7685784732151664e-05,0.5440262513404743,1.0785425500443743e-05,0.057714454937316965,0.1709890543338921,0.0011833152549058279,0.0010518357821385136
all,bos,576,-3,7,-1.0,8,0.2222222222222222,0.7777777777777778,0.05555555555555555,6.442599826388889e-05,0.4967074924045139,0.00021701388888888888,0.0,0.0,0.0,0.018518518518518517
all,non_bos,181962,-2,4,0.0,7,0.517031028456491,0.48296897154350904,0.0,4.6353806551127435e-05,0.416470887049584,1.4265083506446402e-05,0.0032131250847246494,0.009529462195403435,6.594783526230752e-05,0.0
all,all,182538,-3,7,0.0,10,0.5161007571026307,0.4838992428973693,0.00017530596368975227,4.641083348484288e-05,0.41672407424723296,1.4904858851307672e-05,0.0032031732233711117,0.009499391907438452,6.57397363836571e-05,5.843532122991742e-05
