w_BOS,split,bos_median,bos_max,non_bos_median,non_bos_max,mean_worst,max_worst,mean_balanced,changed_ops_vs_50,best_global,in_two_percent_plateau
0.0,calibration,0.004997663247479703,0.6984603120215368,0.04444465959176298,0.13921721950906088,0.11837722787467013,0.6984603120215368,0.064304574375965,16,False,False
0.05,calibration,0.003480945386262902,0.309226278867097,0.04444467754999791,0.1392183034494614,0.06158173192259492,0.309226278867097,0.035554668798275374,11,False,False
0.1,calibration,0.0033776421853250757,0.21755348778610953,0.04445490628734715,0.1392183034494614,0.05605268939743384,0.21755348778610953,0.03291156200699564,10,False,False
0.15,calibration,0.0033030068135777822,0.13138063133377692,0.04445490628734715,0.1392183034494614,0.05126641363919734,0.1392183034494614,0.030848974994026432,10,False,False
0.2,calibration,0.0033030068135777822,0.10573057684182471,0.04445490628734715,0.1392183034494614,0.049842150890356984,0.1392183034494614,0.030294863140000718,10,False,True
0.25,calibration,0.0033030068135777822,0.08262691619142007,0.04445490628734715,0.1392183034494614,0.04938023828550178,0.1392183034494614,0.029779426881605228,9,True,True
0.3,calibration,0.0033030068135777822,0.06358178224217767,0.04445490628734715,0.1392183034494614,0.04982866789935182,0.1392183034494614,0.029474610189940183,9,False,True
0.35,calibration,0.003258821380475817,0.06358178224217767,0.04447693266494821,0.1392183034494614,0.049840492363901596,0.1392183034494614,0.029468508412630535,5,False,True
0.4,calibration,0.003258821380475817,0.04870695721911285,0.04447693266494821,0.1392183034494614,0.05034874127551321,0.1392183034494614,0.029308938104902187,4,False,True
0.45,calibration,0.003224462555034949,0.04870695721911285,0.044501277507989365,0.1392183034494614,0.05035144625807334,0.1392183034494614,0.029308381772546646,3,False,True
0.5,calibration,0.003224462555034949,0.03948793946262312,0.044501277507989365,0.1392183034494614,0.0509405619357891,0.1392183034494614,0.029249982265821498,0,False,False
0.55,calibration,0.0031414628954723285,0.03948793946262312,0.044501277507989365,0.1392183034494614,0.050951667397965174,0.1392183034494614,0.029250923904711613,1,False,False
0.6,calibration,0.0030954553837005,0.03948793946262312,0.04462614208316136,0.1392183034494614,0.0517003292966449,0.1392183034494614,0.029333580654088667,9,False,False
0.65,calibration,0.0030954553837005,0.03948793946262312,0.04462614208316136,0.1392183034494614,0.051722851820313304,0.1392183034494614,0.029337482523507485,10,False,False
0.7,calibration,0.0030954553837005,0.03948793946262312,0.04462614208316136,0.1511507532859034,0.05254077268604059,0.1511507532859034,0.029534329669742794,11,False,False
0.75,calibration,0.003061420724730429,0.03948793946262312,0.0447277440510267,0.16743958760362182,0.053510154000733584,0.16743958760362182,0.02982902460939668,11,False,False
0.8,calibration,0.003061420724730429,0.03948793946262312,0.0447277440510267,0.16743958760362182,0.05351318860200755,0.16743958760362182,0.029830112665187918,11,False,False
0.85,calibration,0.0030291812385406847,0.03948793946262312,0.04488808217214339,0.18591658027870542,0.05458625320722642,0.18591658027870542,0.030235342655996394,12,False,False
0.9,calibration,0.003011660916013915,0.03948793946262312,0.04541018295411256,0.18591658027870542,0.054659069017159605,0.18591658027870542,0.030266497084427642,12,False,False
0.95,calibration,0.002954758472076607,0.03948793946262312,0.04588715719735277,0.20660090579244325,0.05606144542415452,0.20660090579244325,0.030893945800627973,13,False,False
1.0,calibration,0.002923270107212983,0.03939746774166303,0.0484480349700404,0.20660090579244325,0.05880073531304249,0.20660090579244325,0.032322194066147274,15,False,False
