layer,s_10,bos_nmse,non_bos_nmse,feasible,on_frontier,selected_global,selected_per_op
0,0.009877157950071767,0.0029262553748729183,0.04113847472679377,True,True,False,False
0,0.010771117121309386,0.0029868739436811928,0.039146269414326466,True,False,False,False
0,0.011745986510231036,0.0029775875253962264,0.03764432754701903,True,True,False,False
0,0.01280908911718875,0.0030335660895131813,0.036502808574623305,True,False,False,False
0,0.01396841073069273,0.0030139662221752954,0.03563764016520294,True,False,False,False
0,0.015232659914864784,0.0029885938020956806,0.03498237250005009,True,True,False,False
0,0.016611333426220152,0.0030694969430329136,0.03448395839307299,True,True,False,False
0,0.018114787551173944,0.003100468178518176,0.034109380206062946,True,True,False,False
0,0.019754315900143534,0.0031574172202973876,0.03384929509352586,True,False,False,False
0,0.021542234242618773,0.003102398689970297,0.03366925874635558,True,True,False,False
0,0.023491973020462072,0.0033520830549839523,0.03355226896807585,True,False,False,False
0,0.0256181782343775,0.0032683980090955386,0.033469360427186214,True,True,False,False
0,0.02793682146138546,0.0033567688752994696,0.03342231357693093,True,True,True,False
0,0.030465319829729567,0.0035060396187940558,0.033402420772855386,True,True,False,False
0,0.033222666852440304,0.003729002888853825,0.03339435700777712,True,True,False,True
0,0.03622957510234789,0.003855289000387622,0.03339515992809736,True,False,False,False
0,0.03950863180028707,0.004032668400747386,0.03340049417670194,True,False,False,False
0,0.043084468485237545,0.004150192697344011,0.03340663992122616,True,False,False,False
0,0.046983946040924145,0.0043806619409026745,0.03341852726233675,True,False,False,False
0,0.051236356468755,0.004741479743855899,0.03344218071291746,True,False,False,False
0,0.05587364292277092,0.005115058867809159,0.03344984583428061,True,False,False,False
0,0.060930639659459135,0.005657470178753396,0.033469193969431425,True,False,False,False
0,0.06644533370488061,0.005845079782368986,0.033488801520577864,True,False,False,False
0,0.07245915020469577,0.006459094281156588,0.03352747391422688,True,False,False,False
0,0.07901726360057414,0.007062566876558615,0.033552898311385894,True,False,False,False
0,0.08616893697047509,0.00791976849263185,0.03361204474006838,True,False,False,False
0,0.09396789208184829,0.009168518928485456,0.033656740971959226,True,False,False,False
0,0.10247271293751,0.010965774957463025,0.03371067137570677,True,False,False,False
0,0.11174728584554185,0.011581202512943398,0.03376086135917066,True,False,False,False
0,0.12186127931891827,0.01357622424233065,0.03386268471370499,True,False,False,False
0,0.13289066740976122,0.015300071657033804,0.033934182771348846,True,False,False,False
0,0.14491830040939155,0.017681870090197664,0.03407554525749701,True,False,False,False
0,0.15803452720114827,0.02088805094941736,0.03420756429611558,True,False,False,False
1,0.003278906569578024,0.0034104177857326927,0.031409780938091346,True,True,False,False
1,0.003575672968811749,0.003461737506324892,0.02688740947562263,True,True,False,False
1,0.0038992990219713507,0.003554790019176168,0.023579385553727725,True,False,False,False
1,0.004252215735433835,0.003497775179237506,0.021208606070341852,True,True,False,False
1,0.004637074140451482,0.003725538521392026,0.019540188395125488,True,False,False,False
1,0.005056765207104443,0.003767680785555091,0.01840387970574107,True,False,False,False
1,0.005514441560620029,0.0036783756950371027,0.0176549585880314,True,True,False,False
1,0.006013541163186813,0.0038456521734637644,0.01717247354716487,True,True,False,False
1,0.006557813139156048,0.004038373876315972,0.016875479849558117,True,True,False,False
1,0.007151345937623498,0.004181488936444457,0.01669269521740482,True,True,False,False
1,0.007798598043942701,0.004292699181189806,0.016592933674181954,True,True,True,False
1,0.00850443147086767,0.004460719882237292,0.016538038141258007,True,True,False,False
1,0.009274148280902964,0.004771564422394167,0.016510255329039852,True,True,False,False
1,0.010113530414208887,0.004889081768613979,0.01650179657713138,True,True,False,False
1,0.011028883121240058,0.005342290766930075,0.016500308730993025,True,True,False,True
1,0.012027082326373626,0.005598023534189437,0.01650739601215455,True,False,False,False
1,0.013115626278312096,0.006554884487624485,0.016508573290645676,True,False,False,False
1,0.014302691875246996,0.007121713167763302,0.01651524706833344,True,False,False,False
1,0.015597196087885403,0.0072499718553074915,0.01652367559999775,True,False,False,False
1,0.01700886294173534,0.008186593327774402,0.01653125955216095,True,False,False,False
1,0.018548296561805927,0.008768870959972997,0.01654905920588464,True,False,False,False
1,0.020227060828417773,0.01073397431974844,0.016554675861919287,True,False,False,False
1,0.022057766242480115,0.012021918267247541,0.016571439756598468,True,False,False,False
1,0.02405416465274725,0.013142533075495485,0.016589748080512626,True,False,False,False
1,0.02623125255662419,0.014598305366562793,0.01661217782681948,True,False,False,False
1,0.02860538375049399,0.017962730025743348,0.01663523435023462,True,False,False,False
1,0.031194392175770806,0.021166485693596703,0.016668373478466145,True,False,False,False
1,0.03401772588347068,0.02390642857473708,0.0167053221473731,True,False,False,False
1,0.037096593123611854,0.027809907212553435,0.016744897101502856,True,False,False,False
1,0.04045412165683555,0.03153253417719423,0.016798646467559082,True,False,False,False
1,0.04411553248496023,0.03702879662783736,0.016850783983671774,True,False,False,False
1,0.0481083293054945,0.04445134714170621,0.016945102941039895,True,False,False,False
1,0.05246250511324838,0.05294193423400443,0.01702381321168133,True,False,False,False
2,0.0018286763703593686,0.014293634600333982,0.07856123127948592,True,False,False,False
2,0.0019941857224191283,0.008517329895438762,0.07064687572168371,True,False,False,False
2,0.0021746749506687123,0.0044406418697389835,0.06440539643515905,True,False,False,False
2,0.0023714998497376683,0.0027111089072647723,0.05958386088974764,True,True,False,False
2,0.0025861389241534243,0.0027223514592569194,0.055874059602940805,True,True,False,False
2,0.002820204494535919,0.002745211841110841,0.0530429549586998,True,True,False,False
2,0.003075454808988734,0.002747836380447471,0.050892775739688624,True,True,False,False
2,0.0033538072506647675,0.0027991167381760614,0.04925646726521197,True,True,False,False
2,0.003657352740718737,0.002816834889410567,0.047984926390070556,True,False,False,False
2,0.003988371444838257,0.0028392855837741995,0.04699022723124109,True,False,False,False
2,0.004349349901337425,0.002813021193007202,0.04621647348261505,True,True,False,False
2,0.0047429996994753365,0.0029800198466509143,0.045616176346908684,True,False,False,False
2,0.005172277848306849,0.0029559637871110723,0.045172271918676725,True,True,False,False
2,0.005640408989071838,0.003020442759490561,0.044851595676443326,True,True,False,False
2,0.006150909617977468,0.003088512077430703,0.04464839174071267,True,True,False,False
2,0.006707614501329535,0.0031805271009743593,0.04453329682427931,True,True,False,False
2,0.007314705481437474,0.0032492447518560953,0.04448460713819701,True,True,True,False
2,0.007976742889676513,0.003455851153731748,0.044464149663498535,True,True,False,False
2,0.00869869980267485,0.0035925278154864916,0.044464113747028675,True,True,False,True
2,0.009485999398950673,0.0036768048952539635,0.04447904585621063,True,False,False,False
2,0.010344555696613697,0.003949730181482322,0.04447683814546801,True,False,False,False
2,0.011280817978143676,0.0040893890820464405,0.044488290055322836,True,False,False,False
2,0.012301819235954936,0.004575801996458321,0.04450585217390711,True,False,False,False
2,0.01341522900265907,0.004812708716709062,0.044523276977378096,True,False,False,False
2,0.014629410962874949,0.00520060595842675,0.04454282295491741,True,False,False,False
2,0.015953485779353026,0.00563164664906779,0.04456015168222917,True,False,False,False
2,0.0173973996053497,0.006010562306701244,0.04458316052180251,True,False,False,False
2,0.018971998797901346,0.0067434332058052115,0.04460253206807392,True,False,False,False
2,0.020689111393227395,0.007893048630958048,0.04463444843373867,True,False,False,False
2,0.02256163595628735,0.008780355965681238,0.044675309251688326,True,False,False,False
2,0.024603638471909873,0.009892894955831174,0.04472922518151948,True,False,False,False
2,0.02683045800531814,0.011001560909393169,0.04477449405373692,True,False,False,False
2,0.029258821925749898,0.012745150191798612,0.04483617971125991,True,False,False,False
3,0.00146129241829877,0.008131235218333198,0.1436420356744323,True,False,False,False
3,0.001593550681839923,0.005600941466530985,0.1422234018053365,True,False,False,False
3,0.0017377793409404298,0.0036134884554392716,0.14125925057650304,True,False,False,False
3,0.001895061808961474,0.0024777047431546106,0.14057925704789292,True,False,False,False
3,0.002066579556551099,0.0022931520870953983,0.14011038869637774,True,True,False,False
3,0.002253620986586912,0.002296621166830465,0.1398000164167656,True,True,False,False
3,0.0024575911123697345,0.002300988557011692,0.13957530820314668,True,True,False,False
3,0.0026800221117686076,0.0023295021744614113,0.1394383629887039,True,True,False,False
3,0.00292258483659754,0.0023473527549267193,0.1393368722061355,True,True,False,False
3,0.003187101363679846,0.0023525861789825695,0.1392843070667355,True,True,False,False
3,0.0034755586818808596,0.002375574167393645,0.13924438788384674,True,True,False,False
3,0.003790123617922948,0.00242249631164522,0.13922116767797627,True,False,False,False
3,0.004133159113102198,0.002387121426035749,0.1392183034494614,True,True,True,False
3,0.004507241973173824,0.002479641949447143,0.13921721950906088,True,True,False,True
3,0.004915182224739469,0.002567947567830011,0.13923151589901667,True,False,False,False
3,0.005360044223537215,0.0026068197844067937,0.1392339457733412,True,False,False,False
3,0.00584516967319508,0.0026670120308725947,0.1392374398431889,True,False,False,False
3,0.006374202727359692,0.002681596290702596,0.13923719201293921,True,False,False,False
3,0.006951117363761719,0.002910632191870635,0.13926764816642628,True,False,False,False
3,0.007580247235845896,0.002984347086112728,0.13927824657270133,True,False,False,False
3,0.008266318226204395,0.003167955851249052,0.13929221670587638,True,False,False,False
3,0.009014483946347648,0.00323125699759264,0.13930480020946656,True,False,False,False
3,0.009830364449478938,0.0035722783716473907,0.13932720770920842,True,False,False,False
3,0.01072008844707443,0.003629308012528981,0.13930956112813936,True,False,False,False
3,0.01169033934639016,0.0040256753446658656,0.13937643527564597,True,False,False,False
3,0.012748405454719385,0.004476801906043387,0.13942732820332937,True,False,False,False
3,0.013902234727523438,0.004902004985042144,0.13946448909890424,True,False,False,False
3,0.015160494471691792,0.005113458232368138,0.13949087133983948,True,False,False,False
3,0.01653263645240879,0.005734969366114507,0.13955626372568675,True,False,False,False
3,0.018028967892695296,0.0064788105724011644,0.13961150569083441,True,False,False,False
3,0.019660728898957876,0.007486938127341068,0.1396509574210123,True,False,False,False
3,0.02144017689414886,0.008648464313634243,0.13979236355866217,True,False,False,False
3,0.02338067869278032,0.009678987895204666,0.13989203485556143,True,False,False,False
4,0.0008322467435007743,0.1057280098365838,0.06197100429121859,True,False,False,False
4,0.0009075715092730737,0.09146008427391678,0.058561946896897435,True,False,False,False
4,0.0009897137488089655,0.07819021002375696,0.05607111887827381,True,False,False,False
4,0.0010792904962012972,0.06590885601556681,0.05426066265913785,True,False,False,False
4,0.0011769746318996376,0.054484633330387645,0.05292083825428225,True,False,False,False
4,0.0012834999372374,0.044144303754347546,0.051910878193189666,True,False,False,False
4,0.0013996666064327575,0.035136447000744156,0.05111734865540584,True,False,False,False
4,0.001526347257468262,0.027148784141628197,0.05046617690996455,True,False,False,False
4,0.0016644934870015486,0.02054336409193469,0.04992650241909895,True,False,False,False
4,0.0018151430185461474,0.015128668205218304,0.049462994161043314,True,False,False,False
4,0.001979427497617931,0.010656073048683181,0.04907516442655197,True,False,False,False
4,0.0021585809924025944,0.0068616193051144565,0.04875962930722192,True,False,False,False
4,0.002353949263799275,0.004201512703737523,0.04851782394056968,True,False,False,False
4,0.0025669998744748,0.002938256727479684,0.04831595734919945,True,False,False,False
4,0.002799333212865515,0.0029202848395530473,0.048160779264090736,True,True,False,False
4,0.003052694514936524,0.0030019487322123783,0.04804329183009797,True,False,False,False
4,0.0033289869740030973,0.002920923142057533,0.04796374085670099,True,True,False,False
4,0.003630286037092295,0.0030781005972874875,0.04791056231932091,True,False,False,False
4,0.003958854995235862,0.003015776443097601,0.04787481967621967,True,False,False,False
4,0.004317161984805189,0.0030479886625568425,0.047858957079636326,True,False,False,False
4,0.00470789852759855,0.0029931395661591926,0.04785532912827642,True,True,True,True
4,0.0051339997489496,0.003183381132398055,0.04786361928663022,True,False,False,False
4,0.00559866642573103,0.0032384231796045502,0.04787920372313349,True,False,False,False
4,0.006105389029873048,0.0033114531766164075,0.04789108620562496,True,False,False,False
4,0.006657973948006195,0.0034285637992828165,0.04792615250698551,True,False,False,False
4,0.00726057207418459,0.0034966230603277813,0.04795217335054027,True,False,False,False
4,0.007917709990471724,0.0035984924680558176,0.04796420488703717,True,False,False,False
4,0.008634323969610377,0.0036876147641640333,0.04800909960070195,True,False,False,False
4,0.0094157970551971,0.004005680965125196,0.048055851536750495,True,False,False,False
4,0.0102679994978992,0.004299137728619227,0.048092117490755946,True,False,False,False
4,0.01119733285146206,0.0045718223759098385,0.04815900316864648,True,False,False,False
4,0.012210778059746095,0.004685316320641327,0.04824277091537181,True,False,False,False
4,0.01331594789601239,0.005091880006560408,0.048320383797202104,True,False,False,False
5,0.0020911629160136236,0.008355275367483844,0.06001939852016576,True,True,False,False
5,0.0022804293301756855,0.008386883148597566,0.059264275509342774,True,False,False,False
5,0.0024868258183532387,0.008408781738236833,0.058580508222848764,True,False,False,False
5,0.002711902784705814,0.008383330439817918,0.05795368266226479,True,True,False,False
5,0.002957350956958136,0.008393716462146933,0.05741191707992687,True,True,False,False
5,0.003225014086767847,0.008443613001020462,0.05694174611152847,True,False,False,False
5,0.0035169027995747212,0.008488004426690843,0.05651931134660741,True,False,False,False
5,0.0038352096979683264,0.008500011598766746,0.056180606300064946,True,False,False,False
5,0.004182325832027247,0.00843071232992879,0.05586296208257473,True,True,False,False
5,0.004560858660351371,0.008669831636423516,0.055593648558095864,True,False,False,False
5,0.004973651636706477,0.008626868555073752,0.05538862171241648,True,True,False,False
5,0.005423805569411628,0.008803991357149522,0.05523114582188807,True,True,False,False
5,0.005914701913916272,0.008960907204483677,0.05510579203717834,True,False,False,False
5,0.006450028173535694,0.008931192179019812,0.05503001033345992,True,False,False,False
5,0.0070338055991494425,0.00891409591834826,0.05498201929658442,True,True,True,True
5,0.007670419395936653,0.009110147819153435,0.05498328779624285,True,False,False,False
5,0.008364651664054494,0.009391837819500889,0.05503580101838325,True,False,False,False
5,0.009121717320702742,0.009387977401874952,0.05508795086945027,True,False,False,False
5,0.009947303273412955,0.009723635972193554,0.05515264842009992,True,False,False,False
5,0.010847611138823257,0.009893201430125238,0.05521868814917555,True,False,False,False
5,0.011829403827832544,0.010357969005430814,0.05533307798116209,True,False,False,False
5,0.012900056347071387,0.010689609469826592,0.05542936734035134,True,False,False,False
5,0.014067611198298885,0.011158089670706365,0.055579703019828924,True,False,False,False
5,0.015340838791873306,0.011281409627936353,0.05569747254012887,True,False,False,False
5,0.01672930332810899,0.01198927367601976,0.05586706441373304,True,False,False,False
5,0.018243434641405484,0.012860311218497901,0.05613496860122191,True,False,False,False
5,0.01989460654682591,0.013472454774514728,0.05641370097324762,True,False,False,False
5,0.021695222277646514,0.015433882739721176,0.05669339678684401,True,False,False,False
5,0.02365880765566509,0.01625092213712656,0.0570582143277562,True,False,False,False
5,0.025800112694142775,0.01713324832252931,0.0575196351158803,True,False,False,False
5,0.02813522239659777,0.019054956261189297,0.05803776931073786,True,False,False,False
5,0.03068167758374661,0.02248523050217922,0.05864515047812354,True,False,False,False
5,0.03345860665621798,0.024346405515865862,0.05933395259241745,True,False,False,False
6,0.0013321802790276038,0.01618842164466013,0.05999850177278176,True,False,False,False
6,0.0014527528955837626,0.011412395037820452,0.058837305038592407,True,False,False,False
6,0.0015842382662859366,0.0079177261864543,0.05773329494634272,True,False,False,False
6,0.0017276240797690155,0.006152194848569699,0.05669518553689443,True,False,False,False
6,0.0018839874181268115,0.005973572779394982,0.05573057494550913,True,True,False,False
6,0.002054502847711342,0.006014554830929272,0.05487214473830337,True,False,False,False
6,0.0022404512422120105,0.005982444013176476,0.054090894871843216,True,True,False,False
6,0.0024432294042916794,0.006049681906186182,0.05343102059054474,True,False,False,False
6,0.0026643605580552077,0.006074405412448105,0.052893697682374057,True,False,False,False
6,0.0029055057911675252,0.006033717729261736,0.05247531270856131,True,False,False,False
6,0.0031684765325718733,0.006118641644047346,0.05217672424824416,True,False,False,False
6,0.003455248159538031,0.006034836618726104,0.0519582390841159,True,False,False,False
6,0.003767974836253623,0.006013303644316209,0.0518253799077317,True,True,False,False
6,0.004109005695422684,0.006199294967591511,0.05176515261458867,True,False,False,False
6,0.004480902484424021,0.006221550179614477,0.05173950815112052,True,True,False,True
6,0.004886458808583359,0.006152694631663345,0.051752833163946445,True,True,True,False
6,0.005328721116110415,0.006211478304146433,0.0517883925887713,True,False,False,False
6,0.0058110115823350504,0.00636921566524944,0.05179858122763694,True,False,False,False
6,0.0063369530651437465,0.006423502957978557,0.05184241604556198,True,False,False,False
6,0.006910496319076062,0.006371769338319547,0.0518786193142044,True,False,False,False
6,0.007535949672507246,0.006649037465985668,0.05195173083573057,True,False,False,False
6,0.008218011390845367,0.0067219579788152595,0.05197531049188846,True,False,False,False
6,0.008961804968848042,0.006828285199002589,0.052045861289610085,True,False,False,False
6,0.009772917617166718,0.006953201443162271,0.05214254129132236,True,False,False,False
6,0.01065744223222083,0.00722358837015801,0.05220872269043742,True,False,False,False
6,0.011622023164670101,0.007216173898649167,0.05240826011504982,True,False,False,False
6,0.012673906130287493,0.0074854938028531175,0.05249226075074183,True,False,False,False
6,0.013820992638152124,0.008140207030955074,0.052682690868856984,True,False,False,False
6,0.015071899345014492,0.008441448735242359,0.05287089397421239,True,False,False,False
6,0.016436022781690734,0.008477285730710243,0.0530744293219484,True,False,False,False
6,0.017923609937696084,0.009439919450668681,0.05336032014944283,True,False,False,False
6,0.019545835234333436,0.010151801945645699,0.05369793309472242,True,False,False,False
6,0.02131488446444166,0.011167200988682839,0.054104386829032944,True,False,False,False
7,0.00219045002288636,0.6304876250931759,0.030872296301053807,True,False,False,False
7,0.002388702687974366,0.6090088863598069,0.030360180503739162,True,False,False,False
7,0.0026048987522743323,0.5862195983672935,0.029945103554383318,True,False,False,False
7,0.002840662232165241,0.5621084373166954,0.029618049428492263,True,False,False,False
7,0.003097764130066347,0.5368333906931523,0.029364603842942944,True,False,False,False
7,0.003378135737810416,0.5102615931449225,0.029200632305327878,True,False,False,False
7,0.003683883144075114,0.4826926586234641,0.02908840391026716,True,False,False,False
7,0.004017303054849113,0.45386949717818936,0.029014455472238222,True,False,False,False
7,0.00438090004577272,0.4234530974843342,0.02896959846336552,True,False,False,False
7,0.004777405375948732,0.3918704314909113,0.028968435657779946,True,True,False,False
7,0.0052097975045486645,0.3593737852104526,0.028980089572225712,True,True,False,False
7,0.005681324464330482,0.3263472031019282,0.0290065929597707,True,True,False,False
7,0.006195528260132694,0.2930188935956772,0.029048438252378392,True,True,False,False
7,0.006756271475620832,0.26000947929958484,0.029079226959596163,True,True,False,False
7,0.007367766288150228,0.22805789136310414,0.02915792112818405,True,True,False,False
7,0.008034606109698226,0.19793615909290904,0.029228940749502323,True,True,False,False
7,0.00876180009154544,0.17042881242356686,0.029317769586112704,True,True,False,False
7,0.009554810751897465,0.14718996078109042,0.029396549387031193,True,True,False,False
7,0.010419595009097329,0.12448554998431388,0.029506886728929704,True,True,False,False
7,0.011362648928660964,0.10267907594142522,0.029642826058456022,True,True,False,False
7,0.012391056520265387,0.08261268800295295,0.02981450755260809,True,True,False,False
7,0.013512542951241664,0.06512022389532737,0.03002462852059453,True,True,False,False
7,0.014735532576300456,0.05102342823109937,0.030183153293755375,True,True,False,False
7,0.016069212219396452,0.042268188913199965,0.030503733978836912,True,True,False,False
7,0.01752360018309088,0.03948793946262312,0.03077726267512146,True,True,True,False
7,0.01910962150379493,0.03981296864149002,0.03118350995221718,True,False,False,False
7,0.020839190018194658,0.040135356178144524,0.03160543459797623,True,False,False,False
7,0.022725297857321927,0.039739410030561355,0.03210131181735932,True,False,False,False
7,0.024782113040530775,0.03996589893910634,0.03276410003752763,True,False,False,False
7,0.02702508590248333,0.03939746774166303,0.03354438653267136,True,True,False,True
7,0.029471065152600912,0.040504106720872915,0.03443973746402646,True,False,False,False
7,0.032138424438792904,0.04031005288346083,0.035521730111900296,True,False,False,False
7,0.03504720036618176,0.04094295619040713,0.03677076453160771,True,False,False,False
8,0.0034581057102359234,0.6984603120215368,0.019909706840473565,True,True,False,False
8,0.0037710910173861575,0.6766725693813347,0.019930438945196582,True,True,False,False
8,0.004112403915044098,0.6533371403726326,0.01994607473554692,True,True,False,False
8,0.004484608269198468,0.628402317062575,0.01996847087909332,True,True,False,False
8,0.004890499995535488,0.6018334559279748,0.02000981403931882,True,True,False,False
8,0.005333128061730857,0.5734701722604676,0.020024678065802604,True,True,False,False
8,0.005815817390611577,0.5435275155804248,0.02006731785429995,True,True,False,False
8,0.006342193836231006,0.5118096286199219,0.020119117644281478,True,True,False,False
8,0.006916211420471847,0.47838056514861577,0.02018554452168066,True,True,False,False
8,0.007542182034772315,0.4434313708445473,0.02024169651284923,True,True,False,False
8,0.008224807830088197,0.4069647106748626,0.020310322038151734,True,True,False,False
8,0.008969216538396937,0.36926166044731523,0.020399854555551183,True,True,False,False
8,0.009780999991070976,0.3304535050157901,0.02052332643083145,True,True,False,False
8,0.010666256123461714,0.2910651715383279,0.020648484017418492,True,True,False,False
8,0.011631634781223154,0.2515863562580017,0.020789245018449247,True,True,False,False
8,0.012684387672462012,0.212428371902441,0.02095870400580151,True,True,False,False
8,0.013832422840943694,0.17464183275037667,0.021175872579824923,True,True,False,False
8,0.01508436406954463,0.1390342495791953,0.021441198584421447,True,True,False,False
8,0.016449615660176393,0.10715156765190303,0.02176469810014029,True,True,False,False
8,0.017938433076793873,0.08032513144418818,0.022156503135894623,True,True,False,False
8,0.01956199998214195,0.05870014581443572,0.022577684872843135,True,True,False,False
8,0.021332512246923428,0.04254330026226583,0.02309839346443038,True,True,False,False
8,0.023263269562446308,0.02954874318628738,0.023727622803498414,True,True,False,False
8,0.025368775344924023,0.021136578610151353,0.024422319226127167,True,True,False,True
8,0.027664845681887387,0.018280450716421332,0.025299216324109735,True,True,True,False
8,0.03016872813908926,0.018204533842986176,0.026341186492402382,True,True,False,False
8,0.03289923132035279,0.018100519000721262,0.027590603896105445,True,True,False,False
8,0.03587686615358775,0.018433043238326143,0.029036050927984086,True,False,False,False
8,0.0391239999642839,0.018562669334877654,0.030857699950340853,True,False,False,False
8,0.042665024493846855,0.01841079635573285,0.03288544884619949,True,False,False,False
8,0.046526539124892616,0.01859687067918158,0.03538615294225169,True,False,False,False
8,0.050737550689848046,0.018695276907040582,0.03840291537491885,True,False,False,False
8,0.055329691363774774,0.019001191939956582,0.04180530540905584,True,False,False,False
9,0.001050236268116427,0.006814629403279027,0.023355190554703864,True,False,False,False
9,0.0011452907715064665,0.006058924404752914,0.022118059322610257,True,False,False,False
9,0.0012489484424779605,0.005967312918435705,0.02093371026790275,True,False,False,False
9,0.0013619879342224455,0.005958391363937171,0.019801656625351015,True,False,False,False
9,0.0014852583740663573,0.005976751580958873,0.01873677281557868,True,False,False,False
9,0.0016196857419251904,0.006006732131882638,0.017752268841590983,True,False,False,False
9,0.0017662798260570849,0.005948998376143975,0.016845532320327095,True,True,False,False
9,0.0019261418083658974,0.006029174216346922,0.01604456838054204,True,False,False,False
9,0.002100472536232854,0.006018232365662105,0.01533884800047732,True,False,False,False
9,0.002290581543012933,0.006036734163445041,0.014756042858539488,True,False,False,False
9,0.002497896884955921,0.0060311384369649635,0.014284592650660613,True,False,False,False
9,0.002723975868444891,0.0060992715886299415,0.013913173486695287,True,False,False,False
9,0.0029705167481327145,0.00607075196551129,0.01363363837781412,True,False,False,False
9,0.0032393714838503808,0.005989988572479128,0.013440637667594771,True,True,False,False
9,0.0035325596521141697,0.006191067660697048,0.013328646093011636,True,False,False,False
9,0.0038522836167317947,0.006111668681651745,0.013260076852418663,True,True,True,False
9,0.004200945072465708,0.006158206180871092,0.013258533559467107,True,True,False,True
9,0.004581163086025866,0.006213146671907376,0.013273144018928925,True,False,False,False
9,0.004995793769911842,0.00625947082694938,0.013293843237766917,True,False,False,False
9,0.005447951736889782,0.006390111642091651,0.013321146307336,True,False,False,False
9,0.005941033496265429,0.006486522529707499,0.0133623198163965,True,False,False,False
9,0.0064787429677007615,0.006625332818041663,0.013384153716094594,True,False,False,False
9,0.0070651193042283395,0.006570523910233289,0.013436157886382393,True,False,False,False
9,0.0077045672334635894,0.006763664535480714,0.013506631945729233,True,False,False,False
9,0.008401890144931416,0.006958726926854735,0.013567709575014556,True,False,False,False
9,0.009162326172051732,0.007189583214452627,0.013648670989357395,True,False,False,False
9,0.009991587539823684,0.00717094444671136,0.013741315172343834,True,False,False,False
9,0.010895903473779564,0.007635651900840698,0.013850946499183347,True,False,False,False
9,0.011882066992530858,0.007507066096657674,0.013985928322657555,True,False,False,False
9,0.012957485935401523,0.008254138015941987,0.014163922515931225,True,False,False,False
9,0.014130238608456679,0.008714165158676734,0.01435193335901888,True,False,False,False
9,0.015409134466927179,0.009209809668975052,0.014560495135317998,True,False,False,False
9,0.016803780289862832,0.009874864354171703,0.014840199704782554,True,False,False,False
10,0.0011762102213948669,0.22368842156804392,0.01919963978519483,True,False,False,False
10,0.001282666341671017,0.20935243414389731,0.018533865980185926,True,False,False,False
10,0.0013987575640217013,0.19437308579466706,0.017922118958300225,True,False,False,False
10,0.0015253559396896845,0.17886655616527045,0.01736374425289966,True,False,False,False
10,0.0016634124472984816,0.16299591904110863,0.016867075152479382,True,False,False,False
10,0.0018139641363906344,0.14681129980722907,0.016436562631323513,True,False,False,False
10,0.001978141917511443,0.13057732132271688,0.01606836449913641,True,False,False,False
10,0.0021571790573555088,0.11451621837219772,0.015766005619698303,True,False,False,False
10,0.0023524204427897337,0.09898783109511239,0.01553168072140028,True,False,False,False
10,0.002565332683342034,0.0842482429799684,0.015349187645317683,True,False,False,False
10,0.0027975151280434027,0.0697110378891285,0.015222511315127805,True,False,False,False
10,0.003050711879379369,0.055556505615910974,0.015133983034254582,True,False,False,False
10,0.0033268248945969633,0.04195907257864936,0.015079364979918948,True,False,False,False
10,0.003627928272781269,0.029677537287271114,0.015043615475600684,True,False,False,False
10,0.003956283835022886,0.01895563605978541,0.015026681676341035,True,True,False,False
10,0.0043143581147110175,0.010525213483780283,0.015030893524247317,True,True,False,False
10,0.0047048408855794675,0.005386412260081405,0.015035409072575683,True,True,False,False
10,0.005130665366684068,0.0041243502704934355,0.015055778787177327,True,True,True,True
10,0.005595030256086805,0.004127278014919979,0.015084331631733967,True,False,False,False
10,0.006101423758758738,0.004328941873524434,0.015113179764599118,True,False,False,False
10,0.0066536497891939266,0.004256948964712089,0.015161902519171468,True,False,False,False
10,0.007255856545562538,0.004387586333241091,0.015193584573959987,True,False,False,False
10,0.007912567670045771,0.004370727359580375,0.015263315764660921,True,False,False,False
10,0.008628716229422035,0.00454618535631149,0.015320419707657604,True,False,False,False
10,0.009409681771158935,0.0046112347003684296,0.015388142946220986,True,False,False,False
10,0.010261330733368136,0.00492123570332964,0.015488405096791981,True,False,False,False
10,0.01119006051217361,0.005165213550180412,0.015603360871689101,True,False,False,False
10,0.012202847517517476,0.004946533893157566,0.01573109076134181,True,False,False,False
10,0.013307299578387853,0.005569766439382273,0.015892249837931194,True,False,False,False
10,0.014511713091125075,0.005863664839547867,0.016095283999543256,True,False,False,False
10,0.015825135340091542,0.005983278230803648,0.01627820231077172,True,False,False,False
10,0.01725743245884407,0.00666735558200749,0.016554785311721824,True,False,False,False
10,0.01881936354231787,0.007237683005335088,0.01685003973675417,True,False,False,False
11,0.0017710753493919563,0.036881415352683904,0.021727902261219085,True,False,False,False
11,0.0019313713636447513,0.029754471441180055,0.021109628613612454,True,False,False,False
11,0.0021061754067028446,0.02289255557121719,0.02055177693867756,True,False,False,False
11,0.002296800567358846,0.016481801104777424,0.020049106351560254,True,False,False,False
11,0.002504678779094773,0.01079690732850778,0.019614064729719643,True,False,False,False
11,0.002731371576445426,0.0061644182924681205,0.019249231773002775,True,False,False,False
11,0.002978581824895832,0.00293450087352718,0.018959538247583674,True,False,False,False
11,0.0032481665124250996,0.001617658857862945,0.01873476561528236,True,False,False,False
11,0.0035421506987839127,0.0016012647917049104,0.018576824619686804,True,True,False,False
11,0.0038627427272895027,0.0016203797810761113,0.018476808164496553,True,True,False,False
11,0.004212350813405689,0.0016611952833663292,0.018425228641947844,True,True,False,False
11,0.004593601134717692,0.0017271346484419702,0.018395161175423093,True,False,False,False
11,0.005009357558189546,0.0017166046673621445,0.0183791055744476,True,True,True,True
11,0.005462743152890852,0.0017789367018952499,0.018382595317335684,True,False,False,False
11,0.005957163649791664,0.0018986277233298931,0.018383967548664913,True,False,False,False
11,0.006496333024850199,0.001912160309693841,0.018402991323978875,True,False,False,False
11,0.007084301397567825,0.0020456337175421384,0.018414132011521624,True,False,False,False
11,0.007725485454579005,0.0021470808421318204,0.018447549761321923,True,False,False,False
11,0.008424701626811379,0.00218332933039121,0.018474215578589137,True,False,False,False
11,0.009187202269435384,0.0023619276756554485,0.018528591709388895,True,False,False,False
11,0.010018715116379091,0.0025299992789640908,0.01857434689563177,True,False,False,False
11,0.010925486305781704,0.0027472517262892827,0.018640856198959135,True,False,False,False
11,0.011914327299583327,0.0029500423729920864,0.018706349001913678,True,False,False,False
11,0.012992666049700398,0.0031886954784499763,0.018806479962046024,True,False,False,False
11,0.01416860279513565,0.0036075758143304104,0.018917855486032073,True,False,False,False
11,0.01545097090915801,0.003761599787102225,0.01902787471994907,True,False,False,False
11,0.016849403253622757,0.004473340389520351,0.01917341085890347,True,False,False,False
11,0.018374404538870768,0.004985091661530429,0.019332915033472654,True,False,False,False
11,0.020037430232758183,0.005524954086067781,0.019546578313248415,True,False,False,False
11,0.021850972611563407,0.006308635407420647,0.01976427682918361,True,False,False,False
11,0.023828654599166655,0.007255873382001633,0.020088709367546163,True,False,False,False
11,0.025985332099400796,0.008351957201640333,0.020401025633744244,True,False,False,False
11,0.0283372055902713,0.009661582993863682,0.020808889604824805,True,False,False,False
12,0.0013944757723673754,0.0022751484034680843,0.05026142643996352,True,False,False,False
12,0.0015206866127809805,0.0013943248163109207,0.04947376306401933,True,False,False,False
12,0.0016583205101981977,0.0010749517895466752,0.04873529067599007,True,True,False,False
12,0.0018084113396085299,0.0010817351917801702,0.048054572845694254,True,True,False,False
12,0.0019720865496826393,0.0010931624159472412,0.04743799288075268,True,False,False,False
12,0.002150575631914066,0.0010929070766508028,0.0468752521281813,True,True,False,False
12,0.0023452193562837616,0.0011385377068862464,0.04637755936336562,True,False,False,False
12,0.00255747984282368,0.0011123133104926006,0.04593473017539809,True,True,False,False
12,0.002788951544734751,0.0011168033250655795,0.045557840912090496,True,True,False,False
12,0.003041373225561961,0.0011637194050125807,0.04523728856181131,True,True,False,False
12,0.0033166410203963955,0.0011674339802300628,0.04496384896699647,True,True,False,False
12,0.0036168226792170598,0.0011952895495606435,0.04476386278317412,True,False,False,False
12,0.003944173099365279,0.0011829843784678905,0.04460389242561006,True,True,False,False
12,0.004301151263828132,0.0012472414396211455,0.044515396029404165,True,True,False,False
12,0.004690438712567523,0.0012728409958283038,0.04446925819169941,True,True,False,False
12,0.00511495968564736,0.0013681026146576392,0.04443920673642061,True,True,False,False
12,0.005577903089469502,0.001372174085489189,0.04442520543649729,True,True,True,True
12,0.006082746451123922,0.0014960728866676221,0.04444133842089258,True,False,False,False
12,0.006633282040792791,0.0015149507883184482,0.04445932114588679,True,False,False,False
12,0.0072336453584341195,0.0015866413439316017,0.04448090529981608,True,False,False,False
12,0.007888346198730557,0.0016937210354471698,0.04449293830002079,True,False,False,False
12,0.008602302527656263,0.0019435989146612536,0.044542790100258356,True,False,False,False
12,0.009380877425135046,0.0021215954141680896,0.0445571527012447,True,False,False,False
12,0.01022991937129472,0.0021929218642342007,0.044624806408187424,True,False,False,False
12,0.011155806178939003,0.0024372283413895694,0.044689469109735265,True,False,False,False
12,0.012165492902247844,0.002692417744726828,0.0447514540707376,True,False,False,False
12,0.013266564081585582,0.0030985564839875893,0.044811129873466235,True,False,False,False
12,0.014467290716868239,0.003348187358958237,0.04489131256350368,True,False,False,False
12,0.015776692397461115,0.003973145233018073,0.045028253446802335,True,False,False,False
12,0.017204605055312527,0.004407466823798989,0.04510727819828594,True,False,False,False
12,0.018761754850270092,0.005031615262832465,0.04526898364070975,True,False,False,False
12,0.02045983874258944,0.005743406564203337,0.045424217223317166,True,False,False,False
12,0.022311612357878007,0.006786487245340659,0.04566270957223201,True,False,False,False
13,0.002311939643418505,0.11567380520017845,0.06641010814756965,True,False,False,False
13,0.0025211880586032383,0.10332623539732919,0.06508328615354239,True,False,False,False
13,0.00274937507341014,0.09100965472829861,0.06382197544215198,True,False,False,False
13,0.002998214777550868,0.07846465186342894,0.06262706799233318,True,False,False,False
13,0.003269576399110467,0.06586238273173373,0.06152719194140947,True,False,False,False
13,0.003565498345769793,0.05343755481685019,0.06051972693682981,True,False,False,False
13,0.0038882035168671435,0.04133488323980779,0.0596046800283573,True,False,False,False
13,0.00424011600131987,0.030008661205347426,0.05880934976912381,True,False,False,False
13,0.00462387928683701,0.01973301940065041,0.058103725995534095,True,False,False,False
13,0.005042376117206477,0.011158559702286424,0.05749644333092972,True,False,False,False
13,0.00549875014682028,0.004801260571652916,0.05700754111510587,True,False,False,False
13,0.005996429555101736,0.0015033217430402799,0.05660878820300615,True,False,False,False
13,0.006539152798220934,0.0013005776923324382,0.05632009053090704,True,True,False,False
13,0.007130996691539586,0.0013040048684037273,0.05612015587656802,True,True,False,False
13,0.007776407033734287,0.0013326207315259029,0.05599367949154684,True,True,False,False
13,0.00848023200263974,0.0014380301333571698,0.05594448547889358,True,True,True,False
13,0.00924775857367402,0.0014944273157797361,0.05592784422404738,True,True,False,True
13,0.010084752234412953,0.0015110678395870462,0.055940866750399616,True,False,False,False
13,0.01099750029364056,0.0016308808973368907,0.055967430005088345,True,False,False,False
13,0.011992859110203471,0.0017454861364771,0.05600878699688416,True,False,False,False
13,0.013078305596441868,0.001898986876726099,0.05602420868774598,True,False,False,False
13,0.014261993383079171,0.0020596086201216213,0.05605925424088756,True,False,False,False
13,0.015552814067468574,0.0022120552081789473,0.05612342279617257,True,False,False,False
13,0.01696046400527948,0.002436770155859484,0.0561822918831174,True,False,False,False
13,0.01849551714734804,0.00278421070553017,0.05624628654084458,True,False,False,False
13,0.020169504468825906,0.003125438758109362,0.056375734322700294,True,False,False,False
13,0.02199500058728112,0.0033928299824037946,0.05643188373286972,True,False,False,False
13,0.023985718220406942,0.0038425470353203005,0.05653998691185781,True,False,False,False
13,0.026156611192883737,0.004363682764499493,0.056657726580196605,True,False,False,False
13,0.028523986766158343,0.005152851985199775,0.05687099706385074,True,False,False,False
13,0.031105628134937148,0.005809448698192978,0.05706685718306371,True,False,False,False
13,0.03392092801055896,0.006867040921009402,0.05724018077346814,True,False,False,False
13,0.03699103429469608,0.008175963211625673,0.05760890241851277,True,False,False,False
14,0.0017576811243838724,0.018392365190991248,0.10717136018899236,True,False,False,False
14,0.0019167648577003776,0.015474000455962119,0.10489909916055631,True,False,False,False
14,0.002090246899023284,0.012795057965687045,0.10321126902554086,True,False,False,False
14,0.002279430406564467,0.010202704528373538,0.10191276877275775,True,False,False,False
14,0.0024857364844308636,0.007760984712358785,0.10087794357518136,True,False,False,False
14,0.0027107148576400093,0.0055400693053095865,0.10002543898500668,True,False,False,False
14,0.002956055513307033,0.003680982905615598,0.0992971437532666,True,False,False,False
14,0.003223601395449087,0.002281374850249121,0.09868470256960711,True,False,False,False
14,0.003515362248767745,0.001555409225798672,0.09817731251625723,True,False,False,False
14,0.003833529715400755,0.0014736214563451544,0.09777752610749016,True,True,False,False
14,0.004180493798046568,0.001485162112576999,0.09746479800481639,True,True,False,False
14,0.004558860813128934,0.0014889056252016877,0.09723417781744302,True,True,False,False
14,0.004971472968861727,0.0015308119616616147,0.0970727260519852,True,True,False,False
14,0.0054214297152800186,0.0015350881863701862,0.09696769480258402,True,True,False,False
14,0.005912111026614066,0.0015505410008171633,0.09691307197965253,True,True,False,False
14,0.006447202790898174,0.0015775903289411838,0.09687862205198307,True,True,False,False
14,0.00703072449753549,0.001584993452708873,0.09686803953728125,True,True,False,False
14,0.00766705943080151,0.001603179916873671,0.0968564685444094,True,True,True,True
14,0.008360987596093135,0.0016381928300925287,0.09687538038952448,True,False,False,False
14,0.009117721626257867,0.0017387226131315872,0.09687916584940164,True,False,False,False
14,0.009942945937723454,0.0017518829279959483,0.09689275983707649,True,False,False,False
14,0.010842859430560037,0.0017917773059510935,0.09690945996259594,True,False,False,False
14,0.011824222053228133,0.0018957411073508494,0.09691533987020508,True,False,False,False
14,0.012894405581796348,0.0020029046609907927,0.09695297618476903,True,False,False,False
14,0.01406144899507098,0.0020776832040168636,0.09696600472669183,True,False,False,False
14,0.01533411886160302,0.0021978787594524323,0.09700299998033253,True,False,False,False
14,0.01672197519218627,0.0022582634512315486,0.09702202092944859,True,False,False,False
14,0.018235443252515735,0.0024613616597846263,0.09705231523978573,True,False,False,False
14,0.01988589187544691,0.002729324099600392,0.0970992103311147,True,False,False,False
14,0.021685718861120074,0.002878118983984254,0.09713096854840415,True,False,False,False
14,0.023648444106456265,0.0030887878516593307,0.09722451039127249,True,False,False,False
14,0.025788811163592697,0.0032853665764750457,0.09730313034360136,True,False,False,False
14,0.02812289799014196,0.0038341594130155863,0.09739875283919093,True,False,False,False
15,0.002887812400944571,0.13703442449151382,0.07249591694407992,True,False,False,False
15,0.003149181753716678,0.12805060094874912,0.07008381561005787,True,False,False,False
15,0.0034342070539963745,0.11891645159280724,0.06783219937608405,True,False,False,False
15,0.00374502934795662,0.10968607668829038,0.06576172322479808,True,False,False,False
15,0.004083983463005023,0.10048543094689373,0.06386912217117238,True,False,False,False
15,0.004453615546484014,0.09130562974334086,0.062157699146514055,True,False,False,False
15,0.0048567021917590245,0.08229650858373094,0.06065405626755458,True,False,False,False
15,0.005296271295365521,0.07366649527036273,0.05931059988044469,True,False,False,False
15,0.005775624801889142,0.06549923074861276,0.058177467392455384,True,False,False,False
15,0.006298363507433356,0.0578314081292392,0.0572757534090984,True,False,False,False
15,0.006868414107992749,0.05040944264440081,0.05657525454371429,True,False,False,False
15,0.00749005869591324,0.04293375028759685,0.05604551540038463,True,False,False,False
15,0.008167966926010045,0.03545724174206338,0.05567482280625812,True,False,False,False
15,0.008907231092968027,0.02816528696723517,0.05543292282126721,True,False,False,False
15,0.009713404383518049,0.02121039469382294,0.05529402505186738,True,False,False,False
15,0.010592542590731042,0.014802906659541993,0.055219622994748675,True,False,False,False
15,0.011551249603778284,0.009245219649829781,0.055179339867412545,True,False,False,False
15,0.012596727014866712,0.004841308136308469,0.055173578876788816,True,True,False,True
15,0.013736828215985498,0.0020389867969881725,0.05517945911193898,True,True,False,False
15,0.01498011739182648,0.0013010578131753638,0.05520887907986469,True,True,True,False
15,0.01633593385202009,0.001341273427487803,0.05523402057373544,True,False,False,False
15,0.017814462185936054,0.001360367868502193,0.055268966136788535,True,False,False,False
15,0.019426808767036098,0.0014162748532808686,0.055289050696141866,True,False,False,False
15,0.021185085181462084,0.0014468414418383048,0.0553430445232542,True,False,False,False
15,0.023102499207556568,0.0014251560395268355,0.055377946215656865,True,False,False,False
15,0.025193454029733425,0.0015278219059559044,0.05540760838333389,True,False,False,False
15,0.027473656431970996,0.0016039502496030557,0.05548742604997874,True,False,False,False
15,0.02996023478365296,0.0017283947100657053,0.05555706547581306,True,False,False,False
15,0.03267186770404018,0.0017583924582618303,0.05563064692231849,True,False,False,False
15,0.03562892437187211,0.0019337881895112234,0.055740920155434956,True,False,False,False
15,0.038853617534072196,0.001967692177119982,0.055857485037795314,True,False,False,False
15,0.04237017036292417,0.002117672392066338,0.05602329670478177,True,False,False,False
15,0.046204998415113135,0.0023638089153754332,0.05617365104459538,True,False,False,False
16,0.008165324603479185,0.08806528060792095,0.06692191790504096,True,False,False,False
16,0.00890434961981593,0.08115711884026178,0.06344117624362484,True,False,False,False
16,0.009710262114764218,0.07458740555768624,0.060175812622986484,True,False,False,False
16,0.010589115922356878,0.06813045396704646,0.05711449394021614,True,False,False,False
16,0.011547512795418978,0.06173435229071044,0.05422259213268298,True,False,False,False
16,0.0125926519964554,0.0553770134150064,0.05154301726189777,True,False,False,False
16,0.013732384376897208,0.04920907288678985,0.04906937288006183,True,False,False,False
16,0.014975271350937982,0.04339713849671716,0.04688372877923613,True,False,False,False
16,0.01633064920695837,0.037913554677046594,0.04499291816044002,True,False,False,False
16,0.01780869923963186,0.032533049377512016,0.04341475422847961,True,False,False,False
16,0.019420524229528436,0.027190537393818413,0.04217908921765902,True,False,False,False
16,0.021178231844713756,0.02191789378924522,0.04129598855495738,True,False,False,False
16,0.023095025590837957,0.01690951912859079,0.04069773639395235,True,False,False,False
16,0.0251853039929108,0.01232018506086442,0.04033743560979343,True,False,False,False
16,0.027464768753794416,0.008289344197828324,0.040170963280289435,True,False,False,False
16,0.029950542701875964,0.005154018358650938,0.040103851518233286,True,True,False,True
16,0.03266129841391674,0.003116071495166135,0.0401250815074959,True,True,False,False
16,0.03561739847926372,0.002517619096838659,0.04015107810233379,True,True,True,False
16,0.03884104845905687,0.0025468089724660125,0.04021009710596072,True,False,False,False
16,0.04235646368942751,0.002577815358949062,0.04028524611890305,True,False,False,False
16,0.04619005118167591,0.0025967605786328864,0.04039478165981287,True,False,False,False
16,0.0503706079858216,0.002617142984595373,0.040473788143030424,True,False,False,False
16,0.05492953750758883,0.0025921916683131468,0.040605372580948984,True,False,False,False
16,0.05990108540375193,0.002697782601344869,0.04073813858256961,True,False,False,False
16,0.06532259682783348,0.002712330964058246,0.040914498550138484,True,False,False,False
16,0.07123479695852744,0.0027603338314507527,0.04114686747214304,True,False,False,False
16,0.07768209691811374,0.0028188795468604075,0.041400342669308136,True,False,False,False
16,0.08471292737885502,0.0029588468368713975,0.04166571801535576,True,False,False,False
16,0.09238010236335183,0.0029336878820111515,0.04205564713658364,True,False,False,False
16,0.1007412159716432,0.0030880123421621686,0.0425377138449518,True,False,False,False
16,0.10985907501517767,0.003318653492889788,0.04298630572666199,True,False,False,False
16,0.11980217080750385,0.003289791997805206,0.04365763515379067,True,False,False,False
16,0.13064519365566696,0.003551614343121375,0.04433151181734336,True,False,False,False
17,0.20900178747943293,0.309226278867097,0.06465758386990804,True,True,False,False
17,0.22791806538718246,0.27834776435785274,0.06665099770303401,True,True,False,False
17,0.24854641271882827,0.24779182932620733,0.0690152961329011,True,True,False,False
17,0.27104178499609277,0.21755348778610953,0.0719809886220519,True,True,False,False
17,0.2955731624136334,0.18785899850058868,0.0754661066439857,True,True,False,False
17,0.3223248191803913,0.15889064441621673,0.07939921431388423,True,True,False,False
17,0.35149770774614764,0.13138063133377692,0.08403009054691221,True,True,False,False
17,0.38331096831128686,0.10573057684182471,0.08978764882906397,True,True,False,False
17,0.41800357495886586,0.08262691619142007,0.09646771606867827,True,True,True,True
17,0.4558361307743649,0.06358178224217767,0.10453944911797905,True,True,False,False
17,0.49709282543765654,0.04870695721911285,0.11367635853411628,True,True,False,False
17,0.5420835699921855,0.03616711240686495,0.12413455612227683,True,True,False,False
17,0.5911463248272668,0.026476003335865528,0.1364941813200864,True,True,False,False
17,0.6446496383607826,0.018874460264298645,0.1511507532859034,True,True,False,False
17,0.7029954154922953,0.012466116448876588,0.16743958760362182,True,True,False,False
17,0.7666219366225737,0.007903040670885817,0.18591658027870542,True,True,False,False
17,0.8360071499177317,0.005608336785166245,0.20660090579244325,True,True,False,False
17,0.9116722615487298,0.005628457805306427,0.2303670723494839,True,False,False,False
17,0.9941856508753131,0.005664945069933772,0.25689293144305264,True,False,False,False
17,1.084167139984371,0.005708528351730757,0.2867587721654871,True,False,False,False
17,1.1822926496545336,0.005745233300532271,0.319725983903863,True,False,False,False
17,1.2892992767215652,0.005775067580163652,0.3567283837667538,True,False,False,False
17,1.4059908309845905,0.005817860851315356,0.39843073977696425,True,False,False,False
17,1.5332438732451474,0.006054760204555789,0.4431284658907475,True,False,False,False
17,1.6720142998354635,0.00610564422759493,0.4908959242803558,True,False,False,False
17,1.8233445230974596,0.006022165320586144,0.5414994334490049,True,False,False,False
17,1.9883713017506262,0.0062118858107410415,0.5942533965478188,True,False,False,False
17,2.168334279968742,0.006484630325323278,0.6464941653757482,True,False,False,False
17,2.3645852993090672,0.006747656091977203,0.6964370563072622,True,False,False,False
17,2.5785985534431304,0.006650628689817307,0.7440669611142336,True,False,False,False
17,2.811981661969181,0.006884453178100782,0.7874966588737451,True,False,False,False
17,3.066487746490295,0.00746969310833498,0.8259027869902061,True,False,False,False
17,3.344028599670927,0.007550126129640366,0.8580633936549092,True,False,False,False
