layer,w_from,w_to,s_10,bos_nmse,non_bos_nmse
0,0.0,0.0,0.033222666852440304,0.003729002888853825,0.03339435700777712
0,0.05,0.1,0.030465319829729567,0.0035060396187940558,0.033402420772855386
0,0.15,0.3,0.02793682146138546,0.0033567688752994696,0.03342231357693093
0,0.35,0.5,0.0256181782343775,0.0032683980090955386,0.033469360427186214
0,0.55,0.9,0.021542234242618773,0.003102398689970297,0.03366925874635558
0,0.95,0.95,0.015232659914864784,0.0029885938020956806,0.03498237250005009
0,1.0,1.0,0.009877157950071767,0.0029262553748729183,0.04113847472679377
1,0.0,0.0,0.011028883121240058,0.005342290766930075,0.016500308730993025
1,0.05,0.05,0.010113530414208887,0.004889081768613979,0.01650179657713138
1,0.1,0.2,0.00850443147086767,0.004460719882237292,0.016538038141258007
1,0.25,0.45,0.007798598043942701,0.004292699181189806,0.016592933674181954
1,0.5,0.55,0.007151345937623498,0.004181488936444457,0.01669269521740482
1,0.6,0.6,0.006557813139156048,0.004038373876315972,0.016875479849558117
1,0.65,0.7,0.006013541163186813,0.0038456521734637644,0.01717247354716487
1,0.75,0.95,0.005514441560620029,0.0036783756950371027,0.0176549585880314
1,1.0,1.0,0.003278906569578024,0.0034104177857326927,0.031409780938091346
2,0.0,0.0,0.00869869980267485,0.0035925278154864916,0.044464113747028675
2,0.05,0.05,0.007976742889676513,0.003455851153731748,0.044464149663498535
2,0.1,0.4,0.007314705481437474,0.0032492447518560953,0.04448460713819701
2,0.45,0.55,0.006707614501329535,0.0031805271009743593,0.04453329682427931
2,0.6,0.7,0.006150909617977468,0.003088512077430703,0.04464839174071267
2,0.75,0.8,0.005640408989071838,0.003020442759490561,0.044851595676443326
2,0.85,0.85,0.005172277848306849,0.0029559637871110723,0.045172271918676725
2,0.9,0.95,0.004349349901337425,0.002813021193007202,0.04621647348261505
2,1.0,1.0,0.0023714998497376683,0.0027111089072647723,0.05958386088974764
3,0.0,0.0,0.004507241973173824,0.002479641949447143,0.13921721950906088
3,0.05,0.65,0.004133159113102198,0.002387121426035749,0.1392183034494614
3,0.7,0.8,0.003187101363679846,0.0023525861789825695,0.1392843070667355
3,0.85,0.95,0.0024575911123697345,0.002300988557011692,0.13957530820314668
3,1.0,1.0,0.002066579556551099,0.0022931520870953983,0.14011038869637774
4,0.0,0.6,0.00470789852759855,0.0029931395661591926,0.04785532912827642
4,0.65,0.95,0.0033289869740030973,0.002920923142057533,0.04796374085670099
4,1.0,1.0,0.002799333212865515,0.0029202848395530473,0.048160779264090736
5,0.0,0.55,0.0070338055991494425,0.00891409591834826,0.05498201929658442
5,0.6,0.7,0.004973651636706477,0.008626868555073752,0.05538862171241648
5,0.75,0.95,0.004182325832027247,0.00843071232992879,0.05586296208257473
5,1.0,1.0,0.0020911629160136236,0.008355275367483844,0.06001939852016576
6,0.0,0.15,0.004480902484424021,0.006221550179614477,0.05173950815112052
6,0.2,0.3,0.004886458808583359,0.006152694631663345,0.051752833163946445
6,0.35,0.95,0.003767974836253623,0.006013303644316209,0.0518253799077317
6,1.0,1.0,0.0018839874181268115,0.005973572779394982,0.05573057494550913
7,0.0,0.0,0.004777405375948732,0.3918704314909113,0.028968435657779946
7,0.05,0.05,0.016069212219396452,0.042268188913199965,0.030503733978836912
7,0.1,0.95,0.01752360018309088,0.03948793946262312,0.03077726267512146
7,1.0,1.0,0.02702508590248333,0.03939746774166303,0.03354438653267136
8,0.0,0.0,0.0034581057102359234,0.6984603120215368,0.019909706840473565
8,0.05,0.05,0.023263269562446308,0.02954874318628738,0.023727622803498414
8,0.1,0.2,0.025368775344924023,0.021136578610151353,0.024422319226127167
8,0.25,0.9,0.027664845681887387,0.018280450716421332,0.025299216324109735
8,0.95,1.0,0.03289923132035279,0.018100519000721262,0.027590603896105445
9,0.0,0.0,0.004200945072465708,0.006158206180871092,0.013258533559467107
9,0.05,0.55,0.0038522836167317947,0.006111668681651745,0.013260076852418663
9,0.6,0.95,0.0032393714838503808,0.005989988572479128,0.013440637667594771
9,1.0,1.0,0.0017662798260570849,0.005948998376143975,0.016845532320327095
10,0.0,0.0,0.003956283835022886,0.01895563605978541,0.015026681676341035
10,0.05,1.0,0.005130665366684068,0.0041243502704934355,0.015055778787177327
11,0.0,0.45,0.005009357558189546,0.0017166046673621445,0.0183791055744476
11,0.5,0.55,0.004212350813405689,0.0016611952833663292,0.018425228641947844
11,0.6,0.8,0.0038627427272895027,0.0016203797810761113,0.018476808164496553
11,0.85,1.0,0.0035421506987839127,0.0016012647917049104,0.018576824619686804
12,0.0,0.3,0.005577903089469502,0.001372174085489189,0.04442520543649729
12,0.35,0.55,0.004690438712567523,0.0012728409958283038,0.04446925819169941
12,0.6,0.9,0.003944173099365279,0.0011829843784678905,0.04460389242561006
12,0.95,0.95,0.002788951544734751,0.0011168033250655795,0.045557840912090496
12,1.0,1.0,0.0016583205101981977,0.0010749517895466752,0.04873529067599007
13,0.0,0.2,0.00924775857367402,0.0014944273157797361,0.05592784422404738
13,0.25,0.3,0.00848023200263974,0.0014380301333571698,0.05594448547889358
13,0.35,0.8,0.007776407033734287,0.0013326207315259029,0.05599367949154684
13,0.85,0.95,0.007130996691539586,0.0013040048684037273,0.05612015587656802
13,1.0,1.0,0.006539152798220934,0.0013005776923324382,0.05632009053090704
14,0.0,0.35,0.00766705943080151,0.001603179916873671,0.0968564685444094
14,0.4,0.55,0.00703072449753549,0.001584993452708873,0.09686803953728125
14,0.6,0.75,0.005912111026614066,0.0015505410008171633,0.09691307197965253
14,0.8,0.85,0.0054214297152800186,0.0015350881863701862,0.09696769480258402
14,0.9,0.95,0.004558860813128934,0.0014889056252016877,0.09723417781744302
14,1.0,1.0,0.003833529715400755,0.0014736214563451544,0.09777752610749016
15,0.0,0.0,0.012596727014866712,0.004841308136308469,0.055173578876788816
15,0.05,1.0,0.01498011739182648,0.0013010578131753638,0.05520887907986469
16,0.0,0.0,0.029950542701875964,0.005154018358650938,0.040103851518233286
16,0.05,1.0,0.03561739847926372,0.002517619096838659,0.04015107810233379
17,0.0,0.05,0.20900178747943293,0.309226278867097,0.06465758386990804
17,0.1,0.1,0.27104178499609277,0.21755348778610953,0.0719809886220519
17,0.15,0.15,0.35149770774614764,0.13138063133377692,0.08403009054691221
17,0.2,0.2,0.38331096831128686,0.10573057684182471,0.08978764882906397
17,0.25,0.25,0.41800357495886586,0.08262691619142007,0.09646771606867827
17,0.3,0.35,0.4558361307743649,0.06358178224217767,0.10453944911797905
17,0.4,0.45,0.49709282543765654,0.04870695721911285,0.11367635853411628
17,0.5,0.55,0.5420835699921855,0.03616711240686495,0.12413455612227683
17,0.6,0.65,0.5911463248272668,0.026476003335865528,0.1364941813200864
17,0.7,0.7,0.6446496383607826,0.018874460264298645,0.1511507532859034
17,0.75,0.8,0.7029954154922953,0.012466116448876588,0.16743958760362182
17,0.85,0.9,0.7666219366225737,0.007903040670885817,0.18591658027870542
17,0.95,1.0,0.8360071499177317,0.005608336785166245,0.20660090579244325
