mode,layer,nmse,mae,mse,cosine,flattened_cosine,fp_energy,quant_energy
FP,0,0.0,0.0,0.0,1.0,1.0,1.9803793956606228,1.9803793956606228
FP,1,0.0,0.0,0.0,1.0,1.0,0.7177383245684297,0.7177383245684297
FP,2,0.0,0.0,0.0,1.0,1.0,0.34442476383915993,0.34442476383915993
FP,3,0.0,0.0,0.0,1.0,1.0,0.23570796168432842,0.23570796168432842
FP,4,0.0,0.0,0.0,1.0,1.0,0.20215660106605501,0.20215660106605501
FP,5,0.0,0.0,0.0,1.0,1.0,0.1715177148974001,0.1715177148974001
FP,6,0.0,0.0,0.0,1.0,1.0,0.16620864097213325,0.16620864097213325
FP,7,0.0,0.0,0.0,1.0,1.0,0.17136460005431509,0.17136460005431509
FP,8,0.0,0.0,0.0,1.0,1.0,0.17780670353717842,0.17780670353717842
FP,9,0.0,0.0,0.0,1.0,1.0,0.18828193473489663,0.18828193473489663
FP,10,0.0,0.0,0.0,1.0,1.0,0.2053094509525608,0.2053094509525608
FP,11,0.0,0.0,0.0,1.0,1.0,0.22632920503272017,0.22632920503272017
FP,12,0.0,0.0,0.0,1.0,1.0,0.2629196693223164,0.2629196693223164
FP,13,0.0,0.0,0.0,1.0,1.0,0.3700046491483108,0.3700046491483108
FP,14,0.0,0.0,0.0,1.0,1.0,0.5553021895781098,0.5553021895781098
FP,15,0.0,0.0,0.0,1.0,1.0,0.7890218981912732,0.7890218981912732
FP,16,0.0,0.0,0.0,1.0,1.0,1.2654712746174255,1.2654712746174255
FP,17,0.0,0.0,0.0,1.0,1.0,1.978434648910201,1.978434648910201
old_general,0,0.009778970563996988,0.09774552770746119,0.019366071815711376,0.9955992207905754,0.9955198343715065,1.9803793956606228,2.0785269546030083
old_general,1,0.010507944843946865,0.06364599830739555,0.007541954726951892,0.9952876860843877,0.9951077099692357,0.7177383245684297,0.750318423295551
old_general,2,0.016009203245683692,0.05280986357989914,0.005513966047147718,0.9933027165117664,0.9921693331604882,0.34442476383915993,0.35301788867384415
old_general,3,0.018378475812665992,0.04571800631159114,0.004331953072668232,0.992609999884785,0.9907753746388339,0.23570796168432842,0.23315015043787587
old_general,4,0.017185864518107996,0.04090392217108637,0.003474235957362428,0.9929430693032719,0.9913700365676398,0.20215660106605501,0.1984246551790295
old_general,5,0.017524453731985978,0.037734619404380644,0.00300575425893545,0.9927958477662586,0.9911990528479391,0.1715177148974001,0.16855510757920508
old_general,6,0.01587174860083143,0.03542414308178773,0.00263802176479555,0.993250509387957,0.9920328407703445,0.16620864097213325,0.16325707324281177
old_general,7,0.015017757167433955,0.035479420797417914,0.0025735119507101435,0.9934164344620817,0.9924642441769771,0.17136460005431509,0.16938452349525124
old_general,8,0.01441162950691912,0.03577735457538583,0.002562484335224421,0.9935061777201449,0.9927680606790275,0.17780670353717842,0.17532459731341524
old_general,9,0.013055246194462126,0.03500006843772274,0.0024580670119337257,0.9940812957794147,0.9934519949649265,0.18828193473489663,0.18636839322044638
old_general,10,0.01273669859726709,0.036769041045313276,0.0026149645959531575,0.994116354623841,0.9936123246810542,0.2053094509525608,0.20329365834204627
old_general,11,0.012289849726992104,0.03855759151399122,0.002781551918681716,0.9942137143580418,0.9938396925216155,0.22632920503272017,0.2247567039820317
old_general,12,0.012406051530865702,0.04277823989517252,0.0032617949660908277,0.9940297070547643,0.9937789359478442,0.2629196693223164,0.2605059221403502
old_general,13,0.012088374918510988,0.0509422164403314,0.004472754920496899,0.9941274315281721,0.9939374932762725,0.3700046491483108,0.36528205459479923
old_general,14,0.014675409430351657,0.06972976263449156,0.008149286989629518,0.9927797297677589,0.992635696969158,0.5553021895781098,0.5460317822705752
old_general,15,0.0164315013079772,0.0879231779322432,0.01296481435215256,0.9918282154670974,0.9917507793144511,0.7890218981912732,0.7744102902926885
old_general,16,0.017379503544932572,0.11371713361035474,0.02199326250322389,0.9912652691939331,0.9912749838399791,1.2654712746174255,1.2375566522463333
old_general,17,0.02403369018485425,0.17061625091544982,0.04754908540288866,0.9877677365809671,0.9879415863566889,1.978434648910201,1.96197918704429
calibrated,0,0.0095024866391153,0.09767054684426402,0.0188185287476443,0.995749084720701,0.9956291588174148,1.9803793956606228,2.0747779177859162
calibrated,1,0.010287933773149197,0.06354037915167432,0.007384044349611068,0.9953984321890208,0.995174655363275,0.7177383245684297,0.7480172564943638
calibrated,2,0.015774181835742283,0.05256174308777765,0.005433018853531501,0.9935430466072472,0.9923561138970359,0.34442476383915993,0.3553231240857548
calibrated,3,0.017376162162130514,0.044270038899488516,0.004095699765132137,0.9931128923101463,0.9913535808525713,0.23570796168432842,0.23756272578554402
calibrated,4,0.016063924982319892,0.03935088724065502,0.0032474284742058774,0.9934794858765378,0.9919914690784505,0.20215660106605501,0.20317963559170701
calibrated,5,0.016205219225715637,0.036149002404927244,0.002779482171006161,0.9933545431037195,0.9918940858189931,0.1715177148974001,0.17137419289799014
calibrated,6,0.01480940029903273,0.034033312362571566,0.002461450297314534,0.9937149846686282,0.9925724362384885,0.16620864097213325,0.16476416080229636
calibrated,7,0.013805197672015214,0.03382443016610481,0.002365722177735649,0.9939596813468876,0.9930831267546391,0.17136460005431509,0.17050052578386043
calibrated,8,0.013059236927904444,0.03373817222324215,0.002322019868861678,0.9941505862749124,0.9934506172188133,0.17780670353717842,0.17613401830181555
calibrated,9,0.011885922691630349,0.03316469032921517,0.002237904520489572,0.9946389821607698,0.9940404541332579,0.18828193473489663,0.18661838666754624
calibrated,10,0.011743857244901864,0.035065375742973824,0.0024111248830160554,0.9946056576727701,0.994110947939543,0.2053094509525608,0.20316743956795005
calibrated,11,0.011426044133082557,0.037058343312801334,0.0025860474853093515,0.9946404287540419,0.9942709911697221,0.22632920503272017,0.2241579960937452
calibrated,12,0.01169387228614322,0.041482593235332356,0.003074549034570176,0.9943885583803783,0.9941359003990893,0.2629196693223164,0.25997399689532297
calibrated,13,0.011480070379559039,0.04965980746901392,0.004247679412986658,0.9944212543410834,0.9942439473950481,0.3700046491483108,0.3649870645621281
calibrated,14,0.013899082879548575,0.06778746715212207,0.007718191156140943,0.9931740066838807,0.9930295515847298,0.5553021895781098,0.5447212788143866
calibrated,15,0.015670810600490373,0.08577373464167581,0.01236461272619484,0.9922197204592421,0.9921408895054951,0.7890218981912732,0.7707479888440041
calibrated,16,0.016724058947198917,0.11139840395056892,0.02116381619268877,0.9916009950362895,0.9916160201588089,1.2654712746174255,1.231481408792478
calibrated,17,0.017997001987006798,0.14432822729901726,0.03560589230759998,0.9909341729050323,0.9909606835085393,1.978434648910201,1.9439259009443461
