layer,old_sx,new_sx,old_s10,new_s10,sx_j,s10_i,old_nmse,new_nmse,new_prefill_nmse,new_decode_nmse,clip_rate,effective_shift_min,effective_shift_max
0,0.3282365401739341,0.27601292998754307,0.02793682146138546,0.05587364292277092,-1,8,0.011042093704143878,0.009413844253400114,0.011246615023846593,0.007581073482953635,3.814697265625e-06,14,26
1,0.10382454303004575,0.10382454303004575,0.007798598043942701,0.015597196087885403,0,8,0.009898392501150752,0.0057359964954697825,0.006843768028796041,0.004628224962143524,3.4332275390625e-05,8,27
2,0.08881361209234713,0.06280070737217022,0.007314705481437474,0.009485999398950673,-2,3,0.008842389091924419,0.008007132964762747,0.008563554790006546,0.007450711139518948,3.814697265625e-06,15,27
3,0.050720926149982394,0.042651044977868584,0.004133159113102198,0.008266318226204395,-1,8,0.029796377505200415,0.023135206818030704,0.019186107072985684,0.027084306563075727,2.288818359375e-05,15,26
4,0.038223395864209544,0.038223395864209544,0.00470789852759855,0.006105389029873048,0,3,0.01009708913071226,0.009905148641936493,0.009054980358541501,0.010755316925331486,3.814697265625e-06,16,27
5,0.03362189469597742,0.02827253072388529,0.0070338055991494425,0.004182325832027247,-1,-6,0.009522339798672582,0.00906869902771735,0.009035456107010684,0.009101941948424017,3.814697265625e-06,12,26
6,0.032511839143118,0.02733908898875332,0.004886458808583359,0.0037679748362536222,-1,-3,0.010073257798360054,0.00992258868799858,0.00865331866536313,0.01119185871063403,1.1444091796875e-05,15,26
7,0.028166947654655786,0.03349633455882586,0.01752360018309088,0.00876180009154544,1,-8,0.009198994861300895,0.007620301060398278,0.008037638439684702,0.007202963681111853,0.0,18,27
8,0.024526379690380812,0.020624144760792735,0.027664845681887387,0.013832422840943694,-1,-8,0.0116158153897539,0.007559476592540115,0.008282942325645333,0.0068360108594348965,0.0,16,28
9,0.02654486945501135,0.0315673476227179,0.0038522836167317947,0.002970516748132714,1,-3,0.006696048795066097,0.006508738386539486,0.006079657334119245,0.0069378194389597275,1.52587890625e-05,12,26
10,0.029077519361174062,0.03457919291093757,0.005130665366684068,0.002565332683342034,1,-8,0.0073612315608141965,0.007098354323555576,0.006793880738370047,0.007402827908741106,7.62939453125e-06,15,25
11,0.04120852278461451,0.03465209908748336,0.005009357558189546,0.007084301397567827,-1,4,0.00827142053849864,0.008026927844176426,0.007839401885549302,0.008214453802803553,3.814697265625e-06,15,26
12,0.04774677847314069,0.04774677847314069,0.005577903089469502,0.007888346198730557,0,4,0.010212227274561739,0.010080832355784875,0.010563960516922618,0.009597704194647132,3.814697265625e-06,15,26
13,0.07599170793847512,0.05373425199724336,0.00848023200263974,0.00924775857367402,-2,1,0.013584344603200677,0.013203651654925128,0.01292374882444592,0.013483554485404337,3.814697265625e-06,15,25
14,0.11293576948808345,0.13430402061353605,0.00766705943080151,0.006447202790898175,1,-2,0.018136336205849195,0.01725588648801812,0.018469222027091798,0.016042550948944443,7.62939453125e-06,12,25
15,0.12424406176432232,0.12424406176432232,0.01498011739182648,0.013736828215985496,0,-1,0.011015937674271885,0.011014285072699574,0.010648602991399757,0.011379967153999391,7.62939453125e-06,16,26
16,0.1391938735466204,0.11704762929063195,0.03561739847926372,0.029950542701875964,-1,-2,0.010920564336189731,0.009873976909510734,0.009959732019944286,0.009788221799077183,7.62939453125e-06,16,26
17,0.14417332510157593,0.10194593584553704,0.41800357495886586,0.20900178747943293,-2,-8,0.04937160320942718,0.019399677281654867,0.020286737951801304,0.01851261661150843,0.0,17,30
