s_X,s_10,int10_clip_rate,final_local_total_mse,final_local_total_mae,final_local_total_nmse,final_local_total_max_absolute_error,final_local_total_reference_energy,requantization_only_mse,requantization_only_mae,requantization_only_nmse,requantization_only_max_absolute_error,requantization_only_reference_energy,ideal_requantization_only_mse,ideal_requantization_only_mae,ideal_requantization_only_nmse,ideal_requantization_only_max_absolute_error,ideal_requantization_only_reference_energy,layer,module,module_name,split,selected_current,minmax
1.870993546613558,0.028220451285919337,3.638459388971684e-06,0.09427629373636412,0.2284585142117458,0.03946933072074824,18.029615970962304,2.3885962091271273,9.828622933047615e-05,0.007062495543316459,4.558839529845405e-05,14.392430155818861,2.155948431328293,9.828614729405284e-05,0.007062492636331655,4.5588357247254814e-05,14.392430155818861,2.155948431328293,0,down_proj,model.layers.0.mlp.down_proj,calibration,True,False
1.870993546613558,0.03950863180028707,1.9975855468864147e-07,0.09426877626073088,0.22854706484600634,0.039466183484892926,12.250067547606026,2.3885962091271273,0.0001322326684144496,0.00987838344400264,6.133387352543504e-05,8.612881732462583,2.155948431328293,0.0001322325874609306,0.009878381394994229,6.133383597652253e-05,8.612881732462583,2.155948431328293,0,down_proj,model.layers.0.mlp.down_proj,calibration,False,False
1.870993546613558,0.045152722057470944,5.7073872768183276e-08,0.09430551716018434,0.22860689956575778,0.03948156528082523,9.360293335927881,2.3885962091271273,0.0001704692121753652,0.011288496625676358,7.906924381783011e-05,5.723107520784438,2.155948431328293,0.00017046913310564057,0.011288494874514504,7.906920714268359e-05,5.723107520784438,2.155948431328293,0,down_proj,model.layers.0.mlp.down_proj,calibration,False,False
1.870993546613558,0.050796812314654806,1.4268468192045819e-08,0.09434973392893395,0.22867247927705955,0.03950007689387253,6.470519124249744,2.3885962091271273,0.0002151821916879016,0.012700610054344771,9.98085986478473e-05,2.833333309106301,2.155948431328293,0.0002151820617616673,0.012700607496581235,9.9808538383774e-05,2.833333309106301,2.155948431328293,0,down_proj,model.layers.0.mlp.down_proj,calibration,False,False
1.870993546613558,0.05361885744324674,1.4268468192045819e-08,0.09437109429286623,0.22871252405313958,0.03950901953719192,5.7899776849462565,2.3885962091271273,0.00023957015808905073,0.013403729980814398,0.00011112054194239242,1.3884462032672324,2.155948431328293,0.00023957006057007707,0.01340372816207042,0.0001111204967098756,1.3884462032672324,2.155948431328293,0,down_proj,model.layers.0.mlp.down_proj,calibration,False,False
1.870993546613558,0.056440902571838675,0.0,0.09439992019171792,0.22874949379557474,0.039521087671078065,5.801265865460623,2.3885962091271273,0.0002654766693397594,0.014110388856273743,0.00012313683642989438,0.028326153824504985,2.155948431328293,0.0002654765861639969,0.014110387382594927,0.00012313679785023202,0.028220405455821274,2.155948431328293,0,down_proj,model.layers.0.mlp.down_proj,calibration,False,True
1.870993546613558,0.028220451285919337,6.981637042697959e-06,0.09355180737408884,0.22737403231368297,0.039183474573552486,11.425936297637868,2.387532203109755,0.00011919853048129548,0.007068122950145627,5.526598485266805e-05,7.504892974266827,2.1568154588950743,0.0001191984502527986,0.007068120107225219,5.5265947655004e-05,7.504892974266827,2.1568154588950743,0,down_proj,model.layers.0.mlp.down_proj,validation,True,False
1.870993546613558,0.03950863180028707,5.777906518094863e-07,0.09348508445500141,0.22745414004256123,0.03915552817810679,5.887948178430406,2.387532203109755,0.0001306600400832369,0.009879013419855665,6.058007399027704e-05,1.725344550910549,2.1568154588950743,0.0001306599592891263,0.009879011374882028,6.058003653036813e-05,1.725344550910549,2.1568154588950743,0,down_proj,model.layers.0.mlp.down_proj,validation,False,False
1.870993546613558,0.045152722057470944,0.0,0.09352827897585461,0.22752304364364698,0.03917361987998915,5.876659997916036,2.387532203109755,0.00016986275321234192,0.011286536869094532,7.875627583797168e-05,0.022649131891927965,2.1568154588950743,0.0001698626743115077,0.011286535121673106,7.87562392558738e-05,0.022576342696696172,2.1568154588950743,0,down_proj,model.layers.0.mlp.down_proj,validation,False,False
1.870993546613558,0.050796812314654806,0.0,0.09356595126973234,0.22758220144798658,0.03918939863841958,5.887948178430406,2.387532203109755,0.00021495725965955685,0.012696623104511749,9.966418720388733e-05,0.025474534227983625,2.1568154588950743,0.0002149571296795786,0.01269662054569019,9.966412693912165e-05,0.025398327940626686,2.1568154588950743,0,down_proj,model.layers.0.mlp.down_proj,validation,False,False
1.870993546613558,0.05361885744324674,0.0,0.093593816757248,0.22762345764514502,0.03920106988937878,5.856905682015896,2.387532203109755,0.00023963677320054585,0.01340634032338923,0.00011110675798072708,0.026910354541836767,2.1568154588950743,0.00023963667193536043,0.013406338434777829,0.00011110671102947541,0.02680942322201152,2.1568154588950743,0,down_proj,model.layers.0.mlp.down_proj,validation,False,False
1.870993546613558,0.056440902571838675,0.0,0.09361605517065343,0.22765105514316009,0.0392103842824481,5.876659997916038,2.387532203109755,0.00026546453603556764,0.014109572261282276,0.00012308171055652755,0.028288554811907396,2.1568154588950743,0.0002654644524789866,0.014109570780856253,0.0001230816718158088,0.028220405455821274,2.1568154588950743,0,down_proj,model.layers.0.mlp.down_proj,validation,False,True
0.6534489909494956,0.00936830448450864,4.737131439759212e-06,0.016623543112751316,0.09972932011732673,0.03993437202060162,5.464604987546587,0.41627155434359775,1.2402881020774272e-05,0.0023446107724269414,3.361597646473981e-05,4.787203591583915,0.3689579279002589,1.2402842684572618e-05,0.002344606680309557,3.361587256074764e-05,4.787203591583915,0.3689579279002589,1,down_proj,model.layers.1.mlp.down_proj,calibration,True,False
0.6534489909494956,0.013115626278312096,3.9951710937728294e-07,0.016623884029748775,0.09974907525807676,0.039935190998006874,3.549723550913021,0.41627155434359775,1.497083231123295e-05,0.0032785675624146873,4.057598761038154e-05,2.872322154950349,0.3689579279002589,1.4970819185125606e-05,0.00327856656161556,4.057595203421865e-05,2.872322154950349,0.3689579279002589,1,down_proj,model.layers.1.mlp.down_proj,calibration,False,False
0.6534489909494956,0.014989287175213827,1.426846819204582e-07,0.01662725036194339,0.09976279022089976,0.039943277863802744,2.5922828325962373,0.41627155434359775,1.8910985523721533e-05,0.003747622492991559,5.12551271938891e-05,1.9148814366335651,0.3689579279002589,1.8910972710570257e-05,0.00374762163817097,5.125509246594234e-05,1.9148814366335651,0.3689579279002589,1,down_proj,model.layers.1.mlp.down_proj,calibration,False,False
0.6534489909494956,0.016862948072115552,8.561080915227492e-08,0.01663214856694804,0.09977848817613323,0.03995504471395991,2.001134659510389,0.41627155434359775,2.3719964422710364e-05,0.004215330246411801,6.42890764204493e-05,0.9574407183167821,0.3689579279002589,2.3719942934979587e-05,0.004215328972154734,6.428901818147635e-05,0.9574407183167821,0.3689579279002589,1,down_proj,model.layers.1.mlp.down_proj,calibration,False,False
0.6534489909494956,0.017799778520566415,4.280540457613746e-08,0.01663483636773754,0.09978835895168112,0.0399615015586841,1.9973873377165856,0.41627155434359775,2.640730049320682e-05,0.004450076711964354,7.157266044801065e-05,0.47872035915839284,0.3689579279002589,2.6407282593880378e-05,0.004450075706371705,7.15726119348196e-05,0.47872035915839284,0.3689579279002589,1,down_proj,model.layers.1.mlp.down_proj,calibration,False,False
0.6534489909494956,0.01873660896901728,0.0,0.01663803941484575,0.0997985821518741,0.03996919616830801,2.001134659510389,0.41627155434359775,2.9256760396736187e-05,0.004684193359318183,7.929565455670389e-05,0.00941545255904952,0.3689579279002589,2.9256722911741078e-05,0.004684191358689622,7.929555295976755e-05,0.00936830448450865,0.3689579279002589,1,down_proj,model.layers.1.mlp.down_proj,calibration,False,True
0.6534489909494956,0.00936830448450864,7.944621462380437e-06,0.016558035649335327,0.09949235477378374,0.039941492664082236,3.633865885939641,0.4145572572510616,1.5215858564406441e-05,0.0023471162683480875,4.143667099175465e-05,3.1189681999893484,0.367207553122069,1.5215819955718646e-05,0.002347112147144742,4.143656585043207e-05,3.1189681999893484,0.367207553122069,1,down_proj,model.layers.1.mlp.down_proj,validation,True,False
0.6534489909494956,0.013115626278312096,6.74089093777734e-07,0.016553092560959704,0.09951084254757762,0.03992956888687374,1.9700272322003192,0.4145572572510616,1.4614159302628652e-05,0.00327936084048399,3.97980901492256e-05,1.2003394415619795,0.367207553122069,1.4614146173626406e-05,0.0032793598394641405,3.9798054395597626e-05,1.2003394415619795,0.367207553122069,1,down_proj,model.layers.1.mlp.down_proj,validation,False,False
0.6534489909494956,0.014989287175213827,9.629844196824771e-08,0.016556978484137983,0.09952538976806553,0.039938942557483315,1.9644062495096137,0.4145572572510616,1.8730971640114858e-05,0.0037476798853973516,5.100922211664914e-05,0.24102506234829324,0.367207553122069,1.8730959485953232e-05,0.003747679074540807,5.1009189017761274e-05,0.24102506234829324,0.367207553122069,1,down_proj,model.layers.1.mlp.down_proj,validation,False,False
0.6534489909494956,0.016862948072115552,0.0,0.01656195232605996,0.09954068934451946,0.03995094051876606,1.9700272322003192,0.4145572572510616,2.370316970576827e-05,0.0042163883566131545,6.454978799929188e-05,0.008456751140660135,0.367207553122069,2.37031486362626e-05,0.004216387107157509,6.454973062164404e-05,0.008431474036057374,0.367207553122069,1,down_proj,model.layers.1.mlp.down_proj,validation,False,False
0.6534489909494956,0.017799778520566415,0.0,0.016564420253531758,0.0995497859669715,0.03995689368308445,1.9690904017518684,0.4145572572510616,2.6399873634630017e-05,0.004449836124015205,7.18936018885593e-05,0.008928935948629313,0.367207553122069,2.6399855907600036e-05,0.004449835128102255,7.189355361332685e-05,0.008899871333258424,0.367207553122069,1,down_proj,model.layers.1.mlp.down_proj,validation,False,False
0.6534489909494956,0.01873660896901728,0.0,0.016567598318598168,0.099560332736284,0.03996455984984627,1.9569116059220069,0.4145572572510616,2.9252491645580306e-05,0.0046837092992599435,7.966200966420765e-05,0.009410082988367652,0.367207553122069,2.9252453459478436e-05,0.004683707261212297,7.966190567369454e-05,0.00936830448450865,0.367207553122069,1,down_proj,model.layers.1.mlp.down_proj,validation,False,True
0.19859527227446788,0.0033606006325567627,1.0487324121153678e-05,0.0014809714626704822,0.030535634305276154,0.09822466054290387,1.7093983427839146,0.015077389471085055,2.643730757924028e-06,0.0008434565589030026,0.00016783570393004717,1.7139063226039488,0.015751897218638997,2.6437302599673264e-06,0.0008434564107280915,0.00016783567231755663,1.7139063226039488,0.015751897218638997,10,down_proj,model.layers.10.mlp.down_proj,calibration,False,False
0.19859527227446788,0.0047048408855794675,6.135441322579703e-07,0.0014797942038638284,0.030542910501035653,0.09814657946600977,1.0211473332362897,0.015077389471085055,1.9086407260137215e-06,0.0011762554426268446,0.00012116894235160791,1.025655313056324,0.015751897218638997,1.908640012123627e-06,0.0011762552908916196,0.00012116889703071197,1.025655313056324,0.015751897218638997,10,down_proj,model.layers.10.mlp.down_proj,calibration,True,False
0.19859527227446788,0.005376961012090821,1.56953150112504e-07,0.001480348975731416,0.030549021030905038,0.0981833744210417,0.6770218284624767,0.015077389471085055,2.4240206157386444e-06,0.0013443707905843652,0.0001538875338057904,0.681529808282511,0.015751897218638997,2.4240197684340656e-06,0.0013443706330037953,0.0001538874800151538,0.681529808282511,0.015751897218638997,10,down_proj,model.layers.10.mlp.down_proj,calibration,False,False
0.19859527227446788,0.006049081138602173,2.8536936384091638e-08,0.001480935948132534,0.030555299112084707,0.09822230505968069,0.4738116970550271,0.015077389471085055,3.051798782152166e-06,0.0015122568938536387,0.00019374166424480067,0.3374043035086989,0.015751897218638997,3.051798204173923e-06,0.0015122567983055324,0.0001937416275521893,0.3374043035086989,0.015751897218638997,10,down_proj,model.layers.10.mlp.down_proj,calibration,False,False
0.19859527227446788,0.006385141201857849,2.8536936384091638e-08,0.0014812714046390529,0.03055919825351007,0.0982445540376727,0.470787156485726,0.015077389471085055,3.39796776288635e-06,0.0015962594247599664,0.00021571799991594557,0.16534155112179283,0.015751897218638997,3.397967165485349e-06,0.0015962593311988418,0.00021571796199029174,0.16534155112179283,0.015751897218638997,10,down_proj,model.layers.10.mlp.down_proj,calibration,False,False
0.19859527227446788,0.006721201265113525,0.0,0.0014816897443453941,0.03056379374105532,0.09827230020070332,0.469778976295959,0.015077389471085055,3.7639932590464903e-06,0.0016801700413033138,0.00023895491487797485,0.003366763111649851,0.015751897218638997,3.7639927187881632e-06,0.0016801699609221006,0.00023895488057999032,0.003360598408738251,0.015751897218638997,10,down_proj,model.layers.10.mlp.down_proj,calibration,False,True
0.19859527227446788,0.0033606006325567627,1.112247004733261e-05,0.001481490284952192,0.030536482560155436,0.09799609184707735,1.7040072750582824,0.01511785069208733,3.021373450488075e-06,0.0008439461732491659,0.00019149178598914412,1.7009232809222639,0.015778083821618123,3.021372948252141e-06,0.0008439460238009015,0.0001914917541579066,1.7009232809222639,0.015778083821618123,10,down_proj,model.layers.10.mlp.down_proj,validation,False,False
0.19859527227446788,0.0047048408855794675,9.148351986983533e-07,0.0014800511848408343,0.030543439156840997,0.09790089973672592,1.0157562655106576,0.01511785069208733,1.9709145599889855e-06,0.0011764568591222028,0.00012491469701083498,1.012672271374639,0.015778083821618123,1.970913847434849e-06,0.0011764567076709303,0.0001249146518498291,1.012672271374639,0.015778083821618123,10,down_proj,model.layers.10.mlp.down_proj,validation,True,False
0.19859527227446788,0.005376961012090821,2.8889532590474314e-07,0.0014805692486063778,0.030549703979802622,0.09793516808452847,0.6716307607368446,0.01511785069208733,2.439587242249337e-06,0.001344548163686422,0.00015461872745958986,0.668546766600826,0.015778083821618123,2.439586369808337e-06,0.001344548001431015,0.0001546186721651061,0.668546766600826,0.015778083821618123,10,down_proj,model.layers.10.mlp.down_proj,validation,False,False
0.19859527227446788,0.006049081138602173,4.8149220984123854e-08,0.001481072576493359,0.030555287625291215,0.09796846169862963,0.42652334912071516,0.01511785069208733,3.0530467013689037e-06,0.0015118926329722893,0.000193499206613785,0.3244212618270139,0.015778083821618123,3.053046102582352e-06,0.0015118925339842714,0.0001934991686632608,0.3244212618270139,0.015778083821618123,10,down_proj,model.layers.10.mlp.down_proj,validation,False,False
0.19859527227446788,0.006385141201857849,4.8149220984123854e-08,0.0014814278900723737,0.030559249961016333,0.0979919646149007,0.4271954692472265,0.01511785069208733,3.399330352743408e-06,0.0015963853801949839,0.00021544633627093945,0.15235850944010787,0.015778083821618123,3.3993297404950942e-06,0.001596385284308567,0.00021544629746722156,0.15235850944010787,0.015778083821618123,10,down_proj,model.layers.10.mlp.down_proj,validation,False,False
0.19859527227446788,0.006721201265113525,0.0,0.0014818146732493332,0.030563097393756032,0.09801754914968921,0.42786758937373787,0.01511785069208733,3.763945839641012e-06,0.0016801884616630854,0.000238555320290788,0.003364373062696824,0.015778083821618123,3.763945302541275e-06,0.0016801883817518146,0.0002385552862499157,0.003360598408738251,0.015778083821618123,10,down_proj,model.layers.10.mlp.down_proj,validation,False,True
0.2596352044052965,0.007084301397567825,1.5409945647409486e-06,0.0024239853449974473,0.03903544816560239,0.09359820123634001,3.84750593110705,0.025897777018991708,5.445709384291468e-06,0.0017721652176876377,0.0002057404722977343,3.6129937127595912,0.02646882902266691,5.4457082436988595e-06,0.0017721650566848044,0.00020574042920581636,3.6129937127595912,0.02646882902266691,11,down_proj,model.layers.11.mlp.down_proj,calibration,True,False
0.2596352044052965,0.009918021956594955,1.9975855468864147e-07,0.002426723332825634,0.039068764053120736,0.09370392412623046,2.3966410048851596,0.025897777018991708,8.312471621807235e-06,0.002479609294886743,0.0003140475770457676,2.162128786537701,0.02646882902266691,8.312470687999545e-06,0.00247960920073413,0.0003140475417662435,2.162128786537701,0.02646882902266691,11,down_proj,model.layers.11.mlp.down_proj,calibration,False,False
0.2596352044052965,0.011334882236108521,2.8536936384091638e-08,0.0024291425942412842,0.039089311405203296,0.09379733992071647,1.671208541774214,0.025897777018991708,1.0741621721935796e-05,0.002833909509616452,0.0004058215689382055,1.4366963234267551,0.02646882902266691,1.074162061950222e-05,0.0028339094123561947,0.0004058215272879469,1.4366963234267551,0.02646882902266691,11,down_proj,model.layers.11.mlp.down_proj,calibration,False,False
0.2596352044052965,0.012751742515622087,1.4268468192045819e-08,0.0024319478979745574,0.03911174262099734,0.09390566210339708,0.9457760786632683,0.025897777018991708,1.3558689595277557e-05,0.003188067324747307,0.000512251206264788,0.7112638603158095,0.02646882902266691,1.3558688185158992e-05,0.0031880672141648865,0.0005122511529901016,0.7112638603158095,0.02646882902266691,11,down_proj,model.layers.11.mlp.down_proj,calibration,False,False
0.2596352044052965,0.013460172655378867,1.4268468192045819e-08,0.002433504422262157,0.03912488943077629,0.09396576472480966,0.7510676937652041,0.025897777018991708,1.5098876768150187e-05,0.003364887495048092,0.0005704399221899871,0.34854762876033796,0.02646882902266691,1.5098875805999077e-05,0.0033648874235667585,0.0005704398858396405,0.34854762876033796,0.02646882902266691,11,down_proj,model.layers.11.mlp.down_proj,calibration,False,False
0.2596352044052965,0.01416860279513565,0.0,0.0024350285700538528,0.03913792899102251,0.09402461718116442,0.7496508334856905,0.025897777018991708,1.672923639064612e-05,0.0035422584497245245,0.0006320353792878344,0.007103841063823335,0.02646882902266691,1.6729235652356917e-05,0.003542258397617115,0.0006320353513950553,0.007084300186181169,0.02646882902266691,11,down_proj,model.layers.11.mlp.down_proj,calibration,False,True
0.2596352044052965,0.007084301397567825,1.4444766295237155e-06,0.00242554852226883,0.03904129819735968,0.09308155329390976,2.4435946439463723,0.026058315922275567,5.303228330035926e-06,0.0017720736200401823,0.00019945013324721212,2.274929872974313,0.026589244357449197,5.303227123499376e-06,0.0017720734497288886,0.0001994500878703472,2.274929872974313,0.026589244357449197,11,down_proj,model.layers.11.mlp.down_proj,validation,True,False
0.2596352044052965,0.009918021956594955,1.4444766295237157e-07,0.00242833556270135,0.03907474800207685,0.0931885072674832,0.9955634382835088,0.026058315922275567,8.249925033923604e-06,0.002479848150172706,0.00031027301577347456,0.8268986673114496,0.026589244357449197,8.249924118057415e-06,0.002479848057829073,0.0003102729813284871,0.8268986673114496,0.026589244357449197,11,down_proj,model.layers.11.mlp.down_proj,validation,False,False
0.2596352044052965,0.011334882236108521,4.8149220984123854e-08,0.00243066260833901,0.039094309618192234,0.093277808726741,0.7892194375256157,0.026058315922275567,1.071211559350599e-05,0.0028343776546044578,0.0004028740136236667,0.10288306448001805,0.026589244357449197,1.071211455852094e-05,0.0028343775632947285,0.0004028739746987151,0.10288306448001805,0.026589244357449197,11,down_proj,model.layers.11.mlp.down_proj,validation,False,False
0.2596352044052965,0.012751742515622087,0.0,0.0024335310798308807,0.03911747156537744,0.09338788765511177,0.7778845552895073,0.026058315922275567,1.3553968072140277e-05,0.0031884631867928814,0.0005097537895371976,0.006381795447187977,0.026589244357449197,1.3553966662794641e-05,0.0031884630762710727,0.0005097537365328468,0.006375859628499458,0.026589244357449197,11,down_proj,model.layers.11.mlp.down_proj,validation,False,False
0.2596352044052965,0.013460172655378867,0.0,0.0024350788408815417,0.039129825367529014,0.09344728370569605,0.7800098457087776,0.026058315922275567,1.509918158521939e-05,0.003365004419943905,0.0005678680214539166,0.006736109269303792,0.026589244357449197,1.5099180619235003e-05,0.0033650043481777835,0.0005678679851240241,0.0067300813367766055,0.026589244357449197,11,down_proj,model.layers.11.mlp.down_proj,validation,False,False
0.2596352044052965,0.01416860279513565,0.0,0.002436637971205424,0.03914340301591973,0.09350711605743102,0.7835519964075615,0.026058315922275567,1.6728441697006386e-05,0.0035421053865895297,0.0006291431780504803,0.007093725016398267,0.026589244357449197,1.672844093942205e-05,0.003542105333120299,0.0006291431495583453,0.007084300186181169,0.026589244357449197,11,down_proj,model.layers.11.mlp.down_proj,validation,False,True
0.3489435150867372,0.005577903089469502,3.3530900251307678e-06,0.00376186177136403,0.04849644211933291,0.11819595311331049,3.0815272173613613,0.03182733141258787,3.90079456237754e-06,0.0013959805048423047,0.00012417974088779895,2.8447305756294456,0.031412487532101185,3.900793540712041e-06,0.001395980321679299,0.00012417970836361576,2.8447305756294456,0.031412487532101185,12,down_proj,model.layers.12.mlp.down_proj,calibration,False,False
0.3489435150867372,0.007809064325257302,1.9975855468864147e-07,0.0037630682983036557,0.048512075508061074,0.11823386163048981,1.9391726646380074,0.03182733141258787,5.180176338943859e-06,0.0019525060050357159,0.000164908186072501,1.7023760229060918,0.031412487532101185,5.180174697681653e-06,0.001952505794861728,0.00016490813382378288,1.7023760229060918,0.031412487532101185,12,down_proj,model.layers.12.mlp.down_proj,calibration,True,False
0.3489435150867372,0.008924644943151204,8.561080915227492e-08,0.0037645535985853596,0.04852250486005446,0.11828052907685686,1.3679953882763298,0.03182733141258787,6.661072454749752e-06,0.0022312756046701304,0.00021205173413734395,1.1311987465444142,0.031412487532101185,6.6610705966519665e-06,0.0022312753964716203,0.00021205167498577937,1.1311987465444142,0.031412487532101185,12,down_proj,model.layers.12.mlp.down_proj,calibration,False,False
0.3489435150867372,0.010040225561045103,1.4268468192045819e-08,0.003766228675410965,0.048533776914727135,0.11833315921426585,0.8494991215925438,0.03182733141258787,8.405439868780616e-06,0.002510096039249833,0.00026758275224752234,0.560021470182738,0.031412487532101185,8.405438969142372e-06,0.0025100959496464474,0.0002675827236080126,0.560021470182738,0.031412487532101185,12,down_proj,model.layers.12.mlp.down_proj,calibration,False,False
0.3489435150867372,0.010598015869992053,1.4268468192045819e-08,0.003767310780045626,0.04854096333208139,0.11836715844029688,0.8494991215925438,0.03182733141258787,9.360715959367984e-06,0.0026494694407404383,0.0002979934635804325,0.2744328320018994,0.031412487532101185,9.360714938253368e-06,0.0026494693443908364,0.0002979934310737864,0.2744328320018994,0.031412487532101185,12,down_proj,model.layers.12.mlp.down_proj,calibration,False,False
0.3489435150867372,0.011155806178939003,0.0,0.0037683062282697836,0.0485473122018116,0.11839843496207789,0.8494991215925438,0.03182733141258787,1.0372035696842563e-05,0.0027891366131467627,0.00033018829490160973,0.005586606776803116,0.031412487532101185,1.0372034834920342e-05,0.0027891365358845535,0.0003301882674627697,0.005577892181368949,0.031412487532101185,12,down_proj,model.layers.12.mlp.down_proj,calibration,False,True
0.3489435150867372,0.005577903089469502,2.8408040380633073e-06,0.0037548826023025323,0.04844182112008556,0.11725688843867096,1.7622198380419745,0.032022703760098956,3.702323946047973e-06,0.0013957264793709354,0.00011724337257146897,1.6551500475299665,0.03157810855185966,3.702322987272441e-06,0.0013957263074827694,0.00011724334220943732,1.6551500475299665,0.03157810855185966,12,down_proj,model.layers.12.mlp.down_proj,validation,False,False
0.3489435150867372,0.007809064325257302,1.9259688393649542e-07,0.0037561153033830396,0.048456346662506415,0.11729538303580873,0.7328156768774793,0.032022703760098956,5.106410922590889e-06,0.0019526171757564186,0.00016170730790303044,0.5127954948066127,0.03157810855185966,5.106409244157228e-06,0.0019526169608223888,0.0001617072547512193,0.5127954948066127,0.03157810855185966,12,down_proj,model.layers.12.mlp.down_proj,validation,True,False
0.3489435150867372,0.008924644943151204,0.0,0.0037577279581778463,0.04846728121769387,0.11734574276829379,0.726122193170116,0.032022703760098956,6.637906047022138e-06,0.002231212045278271,0.0002102059417561672,0.0044745400650909595,0.03157810855185966,6.6379041044607004e-06,0.0022312118276156707,0.00021020588024008767,0.004462322308768196,0.03157810855185966,12,down_proj,model.layers.12.mlp.down_proj,validation,False,False
0.3489435150867372,0.010040225561045103,0.0,0.003759567302606748,0.04848043760926977,0.11740318152932663,0.7339312574953731,0.032022703760098956,8.399109095232612e-06,0.0025098197810453776,0.0002659788530854861,0.005034560901497009,0.03157810855185966,8.399108179044204e-06,0.0025098196897936024,0.0002659788240720825,0.005020110631463903,0.03157810855185966,12,down_proj,model.layers.12.mlp.down_proj,validation,False,False
0.3489435150867372,0.010598015869992053,0.0,0.0037603398752840723,0.04848436603443365,0.1174273073084336,0.7344890478043201,0.032022703760098956,9.358530242266762e-06,0.002649284873749789,0.00029636132977684725,0.005309862927674214,0.03157810855185966,9.358529179325262e-06,0.0026492847734535152,0.00029636129611613896,0.005299006648817023,0.03157810855185966,12,down_proj,model.layers.12.mlp.down_proj,validation,False,False
0.3489435150867372,0.011155806178939003,0.0,0.003761384675673567,0.048491857242484546,0.11745993417209015,0.7328156768774793,0.032022703760098956,1.0370994308291475e-05,0.002788865640583708,0.00032842354352096613,0.005584742956889488,0.03157810855185966,1.0370993424043308e-05,0.002788865561320215,0.0003284235155190304,0.005577892181368949,0.03157810855185966,12,down_proj,model.layers.12.mlp.down_proj,validation,False,True
0.5886309766393947,0.0066055418383385855,8.304248487770667e-06,0.009426091209119934,0.07237744360516696,0.15069487770075674,5.088482182704482,0.06255084016749296,1.0126736339922956e-05,0.0016567063415982885,0.00017053173508667558,3.3688263375526786,0.05938329504931076,1.0126733316122204e-05,0.0016567058838310323,0.00017053168416661886,3.3688263375526786,0.05938329504931076,13,down_proj,model.layers.13.mlp.down_proj,calibration,False,False
0.5886309766393947,0.00924775857367402,9.845243052511616e-07,0.009413496401416798,0.07238895777992196,0.15049352456673948,3.7356672142127394,0.06255084016749296,7.760613707812453e-06,0.0023125751934914463,0.00013068681522923555,2.0160113690609363,0.05938329504931076,7.760611391552017e-06,0.00231257494302422,0.00013068677622398274,2.0160113690609363,0.05938329504931076,13,down_proj,model.layers.13.mlp.down_proj,calibration,True,False
0.5886309766393947,0.010568866941341737,3.7098017299319133e-07,0.009414039864291006,0.07239862719559725,0.15050221290526147,3.0592597299668682,0.06255084016749296,9.456037155846404e-06,0.0026425090600116835,0.00015923732672621637,1.339603884815065,0.05938329504931076,9.456035690313332e-06,0.0026425089213465746,0.00015923730204700195,1.339603884815065,0.05938329504931076,13,down_proj,model.layers.13.mlp.down_proj,calibration,False,False
0.5886309766393947,0.011889975309009454,9.987927734432074e-08,0.009416120787525609,0.07241020511605435,0.15053548061563965,2.683484338390792,0.06255084016749296,1.1796926105009083e-05,0.0029722200497784216,0.00019865731760443977,0.6631964005691939,0.05938329504931076,1.1796922970914327e-05,0.0029722197861870624,0.00019865726482705932,0.6631964005691939,0.05938329504931076,13,down_proj,model.layers.13.mlp.down_proj,calibration,False,False
0.5886309766393947,0.012550529492843313,4.280540457613746e-08,0.009417388063074562,0.07241731573351139,0.15055574054413234,2.6841448925746256,0.06255084016749296,1.313286735809489e-05,0.003138022883544483,0.0002211542378574582,0.32499265844625835,0.05938329504931076,1.313286381911516e-05,0.0031380226015659597,0.0002211541782619149,0.32499265844625835,0.05938329504931076,13,down_proj,model.layers.13.mlp.down_proj,calibration,False,False
0.5886309766393947,0.013211083676677171,0.0,0.00941856755183076,0.0724220758899663,0.15057459702556475,2.6781999049201213,0.06255084016749296,1.4545203083894765e-05,0.003302926090893775,0.00024493762213458693,0.006615878016784649,0.05938329504931076,1.454519761434581e-05,0.0033029256768816358,0.0002449375300287354,0.006605539915865155,0.05938329504931076,13,down_proj,model.layers.13.mlp.down_proj,calibration,False,True
0.5886309766393947,0.0066055418383385855,8.426113672221674e-06,0.009267181047034197,0.07194150318199433,0.15124458631693646,6.342626148574315,0.061272811627218246,9.279126212350958e-06,0.0016564768534321722,0.00015918752656584248,4.548865911216077,0.05829053577582265,9.279123167527532e-06,0.0016564763924823353,0.00015918747433054585,4.548865911216077,0.05829053577582265,13,down_proj,model.layers.13.mlp.down_proj,validation,False,False
0.5886309766393947,0.00924775857367402,8.185367567301056e-07,0.00925731596129612,0.07195380215607024,0.15108358365562402,4.989811180082572,0.061272811627218246,7.789936042548442e-06,0.0023125946744901524,0.0001336398085704249,3.1960509427243347,0.05829053577582265,7.78993377146802e-06,0.0023125944289084373,0.00013363976960903277,3.1960509427243347,0.05829053577582265,13,down_proj,model.layers.13.mlp.down_proj,validation,True,False
0.5886309766393947,0.010568866941341737,1.4444766295237157e-07,0.009258685157413644,0.07196236343999013,0.1511059295555617,4.313403695836701,0.061272811627218246,9.638424333017732e-06,0.0026428561782221014,0.00016535144521720956,2.5196434584784635,0.05829053577582265,9.638422821315986e-06,0.0026428560351886266,0.0001653514192832955,2.5196434584784635,0.05829053577582265,13,down_proj,model.layers.13.mlp.down_proj,validation,False,False
0.5886309766393947,0.011889975309009454,4.8149220984123854e-08,0.009260866560345011,0.07197447956558659,0.15114153103806982,3.63699621159083,0.061272811627218246,1.1944143063110105e-05,0.002972572206155387,0.00020490707289165487,1.8432359742325923,0.05829053577582265,1.1944139928267896e-05,0.002972571942501163,0.0002049070191120461,1.8432359742325923,0.05829053577582265,13,down_proj,model.layers.13.mlp.down_proj,validation,False,False
0.5886309766393947,0.012550529492843313,4.8149220984123854e-08,0.009262299599312407,0.0719818948620718,0.15116491888219413,3.2987924694678945,0.061272811627218246,1.3237453520385313e-05,0.003138024592462783,0.000227094387522783,1.5050322321096568,0.05829053577582265,1.3237449831885356e-05,0.0031380242985708045,0.00022709432424492993,1.5050322321096568,0.05829053577582265,13,down_proj,model.layers.13.mlp.down_proj,validation,False,False
0.5886309766393947,0.013211083676677171,4.8149220984123854e-08,0.009263358582298858,0.07198731525130714,0.1511822019635205,2.960588727344959,0.061272811627218246,1.4614217245888463e-05,0.0033035954139595163,0.00025071337999178333,1.1668284899867212,0.05829053577582265,1.461421185657832e-05,0.0033035950060209805,0.00025071328753577705,1.1668284899867212,0.05829053577582265,13,down_proj,model.layers.13.mlp.down_proj,validation,False,True
0.8091608483021654,0.005021946069668207,2.6710572455509773e-05,0.011923178946495928,0.08123108032934835,0.10783111825607054,2.8558761755498985,0.11057270980146486,7.974779021614227e-06,0.0012647596401983564,7.456058669284749e-05,2.561192495530786,0.1069570315274791,7.974773174421314e-06,0.0012647584758702579,7.456053202423122e-05,2.561192495530786,0.1069570315274791,14,down_proj,model.layers.14.mlp.down_proj,calibration,False,False
0.8091608483021654,0.00703072449753549,1.098672050787528e-06,0.01192029607337118,0.08123435320729035,0.10780504606221797,2.8588893431916995,0.11057270980146486,4.2913266660879236e-06,0.0017579066969866867,4.012196865229387e-05,1.5326979404627372,0.1069570315274791,4.291323280912473e-06,0.001757906215503526,4.012193700243035e-05,1.5326979404627372,0.1069570315274791,14,down_proj,model.layers.14.mlp.down_proj,calibration,True,False
0.8091608483021654,0.008035113711469132,2.140270228806873e-07,0.011921525550693745,0.08123959086844104,0.10781616523732702,2.8608981216195666,0.11057270980146486,5.402529106839495e-06,0.0020089039118555874,5.0511210246625934e-05,1.0184506629287124,0.1069570315274791,5.402523900948909e-06,0.002008903263963003,5.0511161573897157e-05,1.0184506629287124,0.1069570315274791,14,down_proj,model.layers.14.mlp.down_proj,calibration,False,False
0.8091608483021654,0.009039502925402773,1.4268468192045819e-08,0.011922885977010408,0.08124560185999241,0.1078284686919417,2.859893732405633,0.11057270980146486,6.811237565703618e-06,0.0022595012338450494,6.368199891517833e-05,0.5042033853946881,0.1069570315274791,6.811230475412266e-06,0.0022595004494776537,6.368193262415239e-05,0.5042033853946881,0.1069570315274791,14,down_proj,model.layers.14.mlp.down_proj,calibration,False,False
0.8091608483021654,0.009541697532369593,1.4268468192045819e-08,0.01192352451067668,0.08124758279889867,0.10783424347730618,2.8619025108335006,0.11057270980146486,7.588736890535085e-06,0.0023855305221851795,7.095126689810391e-05,0.2470797466276764,0.1069570315274791,7.588730845089182e-06,0.002385529888603381,7.095121037591163e-05,0.2470797466276764,0.1069570315274791,14,down_proj,model.layers.14.mlp.down_proj,calibration,False,False
0.8091608483021654,0.010043892139336414,0.0,0.01192443183856565,0.08125175616206513,0.10784244919000507,2.8608981216195666,0.11057270980146486,8.407234478250297e-06,0.002511165021759207,7.860385014603116e-05,0.005054857821089165,0.1069570315274791,8.407227874634092e-06,0.0025111643642833884,7.860378840519832e-05,0.005021946069668104,0.1069570315274791,14,down_proj,model.layers.14.mlp.down_proj,calibration,False,True
0.8091608483021654,0.005021946069668207,2.3448670619268318e-05,0.011726601603652553,0.08074397289528151,0.10812355415935064,2.653899276305726,0.10845556913871042,6.646052360137425e-06,0.00126298167194919,6.341861802658962e-05,1.8638782340989217,0.10479654976636237,6.646046399426794e-06,0.0012629804850167636,6.341856114770722e-05,1.8638782340989217,0.10479654976636237,14,down_proj,model.layers.14.mlp.down_proj,validation,False,False
0.8091608483021654,0.00703072449753549,9.629844196824772e-07,0.011725181330230854,0.08074953274326076,0.10811045871913508,2.6518904978778584,0.10845556913871042,4.182785399212108e-06,0.0017577666836596957,3.991338845159862e-05,0.8373924574587406,0.10479654976636237,4.1827820547371155e-06,0.0017577662079654767,3.991335653761863e-05,0.8373924574587406,0.10479654976636237,14,down_proj,model.layers.14.mlp.down_proj,validation,True,False
0.8091608483021654,0.008035113711469132,4.8149220984123854e-08,0.011726108400229049,0.08075332918480778,0.10811900664346535,2.655908054733593,0.10845556913871042,5.384037713885014e-06,0.002008476648605391,5.137609707464992e-05,0.32414956913864934,0.10479654976636237,5.384032545747733e-06,0.0020084760054113466,5.13760477587393e-05,0.32414956913864934,0.10479654976636237,14,down_proj,model.layers.14.mlp.down_proj,validation,False,False
0.8091608483021654,0.009039502925402773,0.0,0.011727716601358691,0.08076036436565753,0.10813383484585658,2.654903665519659,0.10845556913871042,6.8108319212321185e-06,0.0022602788502738996,6.49909938487141e-05,0.004535345054752726,0.10479654976636237,6.810825048146405e-06,0.0022602780899349997,6.499092826367597e-05,0.00451974209990158,0.10479654976636237,14,down_proj,model.layers.14.mlp.down_proj,validation,False,False
0.8091608483021654,0.009541697532369593,0.0,0.011728392164754487,0.08076147070293238,0.10814006378735917,2.651388303270892,0.10845556913871042,7.587960705460014e-06,0.002385600960525392,7.240658898004675e-05,0.004786143050668601,0.10479654976636237,7.587954810949206e-06,0.0023856003427620643,7.240653273286283e-05,0.004770834117933442,0.10479654976636237,14,down_proj,model.layers.14.mlp.down_proj,validation,False,False
0.8091608483021654,0.010043892139336414,0.0,0.011729586884968411,0.08076722182590701,0.10815107954453432,2.653899276305726,0.10845556913871042,8.408056801706044e-06,0.002511255985062134,8.023219104494664e-05,0.005041211540382173,0.10479654976636237,8.40805066173951e-06,0.0025112553737486635,8.023213245555083e-05,0.005021946069668104,0.10479654976636237,14,down_proj,model.layers.14.mlp.down_proj,validation,False,True
0.7310742956446851,0.011551249603778284,2.7666559824376844e-05,0.012479519935265332,0.08093364141855205,0.07894901667897887,5.934597420508236,0.1580706189921192,6.339389434508437e-05,0.002916695852306831,0.0004221579775498332,5.8911372979269245,0.150166283041758,6.339388941624522e-05,0.0029166954256136753,0.0004221579447272911,5.8911372979269245,0.150166283041758,15,down_proj,model.layers.15.mlp.down_proj,calibration,False,False
0.7310742956446851,0.016171749445289596,2.682472020104614e-06,0.012432135586388785,0.08095022387691124,0.07864924971925746,3.5689015016544445,0.1580706189921192,2.4040745683506923e-05,0.004045550996541058,0.00016009416492530294,3.5254413790731327,0.150166283041758,2.4040738261100555e-05,0.004045550537567437,0.0001600941154973873,3.5254413790731327,0.150166283041758,15,down_proj,model.layers.15.mlp.down_proj,calibration,False,False
0.7310742956446851,0.018481999366045256,4.7085945033751207e-07,0.012436824648966322,0.08097729786523405,0.07867891407185781,2.386053542227547,0.1580706189921192,2.877352597075995e-05,0.0046208762937440875,0.0001916110952999926,2.342593419646235,0.150166283041758,2.8773519301721176e-05,0.004620875932904404,0.0001916110508889661,2.342593419646235,0.150166283041758,15,down_proj,model.layers.15.mlp.down_proj,calibration,True,False
0.7310742956446851,0.02079224928680091,7.13423409602291e-08,0.012444017363385967,0.0810077111203536,0.07872441724294367,2.2319565920395945,0.1580706189921192,3.604931333220592e-05,0.005198037771694058,0.0002400626332489124,1.159745460219339,0.150166283041758,3.604930406943156e-05,0.005198037326202362,0.00024006257156546274,1.159745460219339,0.150166283041758,15,down_proj,model.layers.15.mlp.down_proj,calibration,False,False
0.7310742956446851,0.021947374247178738,1.4268468192045819e-08,0.012448212337023461,0.08102296643708168,0.07875095584742464,2.2149408882384183,0.1580706189921192,4.013584586403784e-05,0.00548616894127264,0.00026727601596742545,0.568321480505892,0.150166283041758,4.013584199374162e-05,0.005486168764928252,0.00026727599019402186,0.568321480505892,0.150166283041758,15,down_proj,model.layers.15.mlp.down_proj,calibration,False,False
0.7310742956446851,0.023102499207556568,0.0,0.012452352213886348,0.08104005482587726,0.07877714589393223,2.227336092198083,0.1580706189921192,4.4482599562024796e-05,0.005776079261251342,0.00029622228546241066,0.011573160452440057,0.150166283041758,4.448259497901117e-05,0.005776079062873946,0.00029622225494281915,0.011551232889917148,0.150166283041758,15,down_proj,model.layers.15.mlp.down_proj,calibration,False,True
0.7310742956446851,0.011551249603778284,2.3496819840252442e-05,0.012460876130235185,0.08091249426453258,0.0816888641096302,4.206344236473411,0.15254069530838524,4.607741024752993e-05,0.0029096367657651524,0.00031848721797527536,4.064116621769481,0.14467585399646082,4.6077405499493405e-05,0.0029096363547242076,0.00031848718515683057,4.064116621769481,0.14467585399646082,15,down_proj,model.layers.15.mlp.down_proj,validation,False,False
0.7310742956446851,0.016171749445289596,1.7333719554284587e-06,0.012431972127844878,0.08093395118946538,0.08149938023234832,2.2923463807405646,0.15254069530838524,2.23917087655151e-05,0.004044008601258112,0.00015477156793602105,1.7030412027572002,0.14467585399646082,2.2391701345652476e-05,0.004044008142441789,0.0001547715166499051,1.7030412027572002,0.14467585399646082,15,down_proj,model.layers.15.mlp.down_proj,validation,False,False
0.7310742956446851,0.018481999366045256,1.4444766295237157e-07,0.012438746590539182,0.08096225379447644,0.0815437910873048,2.2969668805820755,0.15254069530838524,2.848676913340597e-05,0.004620664405476202,0.00019690064614446884,0.5225034932510582,0.14467585399646082,2.848676262523886e-05,0.004620664053340754,0.00019690060115999542,0.5225034932510582,0.14467585399646082,15,down_proj,model.layers.15.mlp.down_proj,validation,True,False
0.7310742956446851,0.02079224928680091,0.0,0.012445785985652902,0.08099302861611517,0.08158993874055556,2.283105381057542,0.15254069530838524,3.602540945604818e-05,0.0051977749334051,0.0002490077539609993,0.010429608305958737,0.14467585399646082,3.6025400098866955e-05,0.00519777448337292,0.00024900768928413057,0.010396118503614105,0.14467585399646082,15,down_proj,model.layers.15.mlp.down_proj,validation,False,False
0.7310742956446851,0.021947374247178738,0.0,0.012450106428824975,0.08100981059778378,0.0816182619572771,2.2946566306613203,0.15254069530838524,4.013347224146649e-05,0.005486299026939647,0.00027740269805110856,0.010991801879176588,0.14467585399646082,4.0133468392247714e-05,0.0054862988515556235,0.00027740267144529514,0.010973667680934607,0.14467585399646082,15,down_proj,model.layers.15.mlp.down_proj,validation,False,False
0.7310742956446851,0.023102499207556568,0.0,0.012453816855754096,0.08102684686502544,0.08164258613464905,2.301587380423587,0.15254069530838524,4.446518044155505e-05,0.005774500388518153,0.0003073434800159728,0.01156372291958041,0.14467585399646082,4.4465176326178744e-05,0.005774500210382609,0.0003073434515704776,0.011551232889917148,0.14467585399646082,15,down_proj,model.layers.15.mlp.down_proj,validation,False,True
1.1444030521422859,0.018145165785509298,2.4841403122351772e-05,0.03573385620579873,0.11921094825001845,0.11396294704780928,11.056618464730116,0.3135567930759794,0.00022818866082321195,0.004582406529906517,0.0008177901067788969,9.272179716395252,0.2790308404707891,0.00022818864888820905,0.004582405872155413,0.0008177900640058369,9.272179716395252,0.2790308404707891,16,down_proj,model.layers.16.mlp.down_proj,calibration,True,False
1.1444030521422859,0.025403232099713017,3.3673584933228134e-06,0.03543335568252154,0.11924932156686922,0.11300458629813681,7.340488511857812,0.3135567930759794,9.033417035768033e-05,0.006359513557453415,0.00032374260209110166,5.563307829837152,0.2790308404707891,9.033415210305422e-05,0.006359512838858789,0.0003237425366695659,5.563307829837152,0.2790308404707891,16,down_proj,model.layers.16.mlp.down_proj,calibration,False,False
1.1444030521422859,0.029032265256814876,2.0403909514625523e-06,0.0354162699765492,0.1192960992491106,0.11295009630988069,5.977023419366441,0.3135567930759794,8.154109015818335e-05,0.007264230976537212,0.00029222966902369937,3.708871886558102,0.2790308404707891,8.154107341362111e-05,0.007264230399780209,0.0002922296090139807,3.708871886558102,0.2790308404707891,16,down_proj,model.layers.16.mlp.down_proj,calibration,False,False
1.1444030521422859,0.03266129841391674,1.9119747377341398e-06,0.03541946968280914,0.11934563089478692,0.11296030086079648,5.998797618309052,0.3135567930759794,8.952316177379597e-05,0.008166223247079562,0.0003208360825733451,1.85443594327905,0.2790308404707891,8.952315238048265e-05,0.008166222959481889,0.00032083604890927666,1.85443594327905,0.2790308404707891,16,down_proj,model.layers.16.mlp.down_proj,calibration,False,False
1.1444030521422859,0.034475814992467664,4.280540457613746e-08,0.03542679568187201,0.11937074776411068,0.11298366504624754,5.978837935944992,0.3135567930759794,9.907383580470041e-05,0.008619226904769713,0.0003550641055932746,0.9272179716395286,0.2790308404707891,9.907382843296522e-05,0.00861922669094633,0.000355064079174205,0.9272179716395286,0.2790308404707891,16,down_proj,model.layers.16.mlp.down_proj,calibration,False,False
1.1444030521422859,0.036290331571018596,0.0,0.035438235386651896,0.11940245688319162,0.11302014872331183,5.977023419366441,0.3135567930759794,0.00010975080032278746,0.009072156907686812,0.00039332856589476873,0.018208015626497875,0.2790308404707891,0.00010975078892929278,0.00907215659373282,0.00039332852506238384,0.0181451406899973,0.2790308404707891,16,down_proj,model.layers.16.mlp.down_proj,calibration,False,True
1.1444030521422859,0.018145165785509298,2.2822730746474706e-05,0.03573246627328192,0.11891005074051525,0.11808992219776605,10.78470113885711,0.302586923661788,0.00019072844545276786,0.004576903215850622,0.0007092351229524785,7.966377027431362,0.26892131999721536,0.00019072843396596278,0.004576902582800192,0.0007092350802381074,7.966377027431362,0.26892131999721536,16,down_proj,model.layers.16.mlp.down_proj,validation,True,False
1.1444030521422859,0.025403232099713017,2.4074610492061927e-06,0.03548425048334783,0.11895223903572763,0.11726960984939923,7.068571185984807,0.302586923661788,8.29155304998617e-05,0.00635764351272331,0.0003083263554586162,4.2502470745590575,0.26892131999721536,8.291551279838964e-05,0.006357642815903628,0.0003083262896346344,4.2502470745590575,0.26892131999721536,16,down_proj,model.layers.16.mlp.down_proj,validation,False,False
1.1444030521422859,0.029032265256814876,1.6370735134602111e-06,0.0354729596954847,0.11899876808499528,0.11723229565311313,5.861175774312437,0.302586923661788,7.915383382714307e-05,0.00726118233285549,0.00029433826157019714,2.3921820981229054,0.26892131999721536,7.915381844928455e-05,0.0072611818031738246,0.0002943382043867112,2.3921820981229054,0.26892131999721536,16,down_proj,model.layers.16.mlp.down_proj,validation,False,False
1.1444030521422859,0.03266129841391674,1.5407750714919633e-06,0.03548043510262904,0.11904749378031558,0.11725700064384396,5.843030608526927,0.302586923661788,8.931041839070881e-05,0.008164763321021987,0.0003321061282594984,0.5341171216867515,0.26892131999721536,8.931040923591512e-05,0.008164763040727132,0.0003321060942168509,0.5341171216867515,0.26892131999721536,16,down_proj,model.layers.16.mlp.down_proj,validation,False,False
1.1444030521422859,0.034475814992467664,0.0,0.035488340116378574,0.11907378703901086,0.11728312541372453,5.848474158262581,0.302586923661788,9.903900774483892e-05,0.008618694268717968,0.00036828246918416303,0.017316001525891522,0.26892131999721536,9.903900031162828e-05,0.008618694053111445,0.0003682824415433251,0.017237892545716393,0.26892131999721536,16,down_proj,model.layers.16.mlp.down_proj,validation,False,False
1.1444030521422859,0.036290331571018596,0.0,0.03549834847221299,0.11910784685781815,0.11731620138314615,5.846659641684029,0.302586923661788,0.00010974847178951564,0.009072551339238007,0.0004081062512658054,0.018198821058057923,0.26892131999721536,0.00010974846055290103,0.009072551029606931,0.00040810620948178244,0.01814516578550851,0.26892131999721536,16,down_proj,model.layers.16.mlp.down_proj,validation,False,True
18.486479992002952,0.41800357495886586,1.2784547500073054e-05,0.3627300932802612,0.344993627104274,0.1882964634994218,224.3889332861905,1.9263776203708414,0.11867199947868866,0.08743463635717268,0.07394659302761669,213.59982680398045,1.604833902683907,0.11867199947833072,0.08743463635631635,0.07394659302739365,213.59982680398045,1.604833902683907,17,down_proj,model.layers.17.mlp.down_proj,calibration,True,False
18.486479992002952,0.5852050049424121,3.6527278571637297e-06,0.2819375723008964,0.35016570387311047,0.14635633705432138,138.94900256459835,1.9263776203708414,0.04987211799847247,0.11179731908684008,0.031076186710080642,128.1598960823883,1.604833902683907,0.04987211799847247,0.11179731908684008,0.031076186710080642,128.1598960823883,1.604833902683907,17,down_proj,model.layers.17.mlp.down_proj,calibration,False,False
18.486479992002952,0.6688057199341855,1.8263639285818648e-06,0.26743082513802496,0.35296281774096255,0.1388257537411292,96.22903720380219,1.9263776203708414,0.0378137430743201,0.12269727807490262,0.023562402944679074,85.43993072159213,1.604833902683907,0.0378137430743201,0.12269727807490262,0.023562402944679074,85.43993072159213,1.604833902683907,17,down_proj,model.layers.17.mlp.down_proj,calibration,False,False
18.486479992002952,0.7524064349259586,1.8263639285818648e-06,0.2601751884504248,0.35579378941399686,0.1350592872857084,53.5090718430061,1.9263776203708414,0.03275007089405905,0.13280192020318346,0.020407140476835752,42.71996536079604,1.604833902683907,0.03275007089405905,0.13280192020318346,0.020407140476835752,42.71996536079604,1.604833902683907,17,down_proj,model.layers.17.mlp.down_proj,calibration,False,False
18.486479992002952,0.7942067924218451,1.8263639285818648e-06,0.2590364914483977,0.3571603098662721,0.13446817940011746,32.14908916260811,1.9263776203708414,0.032804900207655155,0.13760655598681892,0.020441305578597635,21.359982680398048,1.604833902683907,0.032804900207655155,0.13760655598681892,0.020441305578597635,21.359982680398048,1.604833902683907,17,down_proj,model.layers.17.mlp.down_proj,calibration,False,False
18.486479992002952,0.8360071499177317,0.0,0.2596551415453457,0.35857876753643714,0.13478932624609719,21.537702029485814,1.9263776203708414,0.03456651476714526,0.1422210899351026,0.021538998340785667,0.4179915944389324,1.604833902683907,0.03456651476714526,0.1422210899351026,0.021538998340785667,0.4179915944389324,1.604833902683907,17,down_proj,model.layers.17.mlp.down_proj,calibration,False,True
18.486479992002952,0.41800357495886586,1.0785425500443743e-05,0.3346651530784977,0.338494765655342,0.20099760444242765,224.3889332861905,1.6650206056279484,0.10170329786280713,0.0862448434411532,0.0741766332356181,213.59982680398045,1.3710961717519863,0.10170329786228947,0.08624484343991477,0.07417663323524054,213.59982680398045,1.3710961717519863,17,down_proj,model.layers.17.mlp.down_proj,validation,True,False
18.486479992002952,0.5852050049424121,3.0815501429839266e-06,0.2674273783652676,0.3434890571524328,0.1606150563310354,138.94900256459835,1.6650206056279484,0.04469817845379632,0.10984312274231307,0.03260032328489474,128.1598960823883,1.3710961717519863,0.04469817845379632,0.10984312274231307,0.03260032328489474,128.1598960823883,1.3710961717519863,17,down_proj,model.layers.17.mlp.down_proj,validation,False,False
18.486479992002952,0.6688057199341855,1.5407750714919633e-06,0.25571636319174645,0.3461980575215677,0.15358150062972056,96.22903720380219,1.6650206056279484,0.0350901014703569,0.12035910146930462,0.02559273535533162,85.43993072159213,1.3710961717519863,0.0350901014703569,0.12035910146930462,0.02559273535533162,85.43993072159213,1.3710961717519863,17,down_proj,model.layers.17.mlp.down_proj,validation,False,False
18.486479992002952,0.7524064349259586,1.5407750714919633e-06,0.25000108695591045,0.3488997154058234,0.15014894477034094,53.5090718430061,1.6650206056279484,0.0314059261558859,0.13009247570448126,0.02290570625381837,42.71996536079604,1.3710961717519863,0.0314059261558859,0.13009247570448126,0.02290570625381837,42.71996536079604,1.3710961717519863,17,down_proj,model.layers.17.mlp.down_proj,validation,False,False
18.486479992002952,0.7942067924218451,1.5407750714919633e-06,0.2493527548352266,0.35023563332612206,0.1497595609281876,32.14908916260811,1.6650206056279484,0.03175323716375455,0.13471305651024537,0.02315901525943309,21.359982680398048,1.3710961717519863,0.03175323716375455,0.13471305651024537,0.02315901525943309,21.359982680398048,1.3710961717519863,17,down_proj,model.layers.17.mlp.down_proj,validation,False,False
18.486479992002952,0.8360071499177317,0.0,0.2501395957084838,0.35160444777897704,0.15023213218081816,21.537702029485814,1.6650206056279484,0.03354329835035824,0.13914823245540373,0.024464584645070245,0.4179915944389324,1.3710961717519863,0.03354329835035824,0.13914823245540373,0.024464584645070245,0.4179915944389324,1.3710961717519863,17,down_proj,model.layers.17.mlp.down_proj,validation,False,True
0.8677332119678888,0.005224789629598196,3.973768391484761e-05,0.028653363171356232,0.13011715563234366,0.16311320535034257,3.4591063715819286,0.17566550243319132,1.3851994711534683e-05,0.0013213671910790928,0.00010409514958134969,2.669867500724678,0.1330705106553446,1.3851986898124478e-05,0.0013213656956293698,0.00010409509086503331,2.669867500724678,0.1330705106553446,2,down_proj,model.layers.2.mlp.down_proj,calibration,False,False
0.8677332119678888,0.007314705481437474,2.454176529031881e-06,0.028621529041926913,0.13010957786942184,0.16293198519619517,2.4267246844371657,0.17566550243319132,5.140730276896339e-06,0.0018297079649707395,3.8631626583375324e-05,1.6019205004348067,0.1330705106553446,5.140725372587462e-06,0.0018297072944982375,3.8631589728411344e-05,1.6019205004348067,0.1330705106553446,2,down_proj,model.layers.2.mlp.down_proj,calibration,True,False
0.8677332119678888,0.008359663407357115,6.706180050261535e-07,0.028621502260151865,0.13011222915860218,0.16293183273726228,2.4214998948075674,0.17566550243319132,5.960947132493007e-06,0.0020904513389709213,4.4795402851740655e-05,1.0679470002898706,0.1330705106553446,5.960942346953235e-06,0.002090450766514885,4.479536688930428e-05,1.0679470002898706,0.1330705106553446,2,down_proj,model.layers.2.mlp.down_proj,calibration,False,False
0.8677332119678888,0.009404621333276754,1.7122161830454984e-07,0.02862264208654614,0.1301168202018244,0.16293832135556516,2.4235898106594065,0.17566550243319132,7.382959837488951e-06,0.002351345572796301,5.5481562377189426e-05,0.5339735001449348,0.1330705106553446,7.382955084323855e-06,0.002351345067388914,5.548152665804269e-05,0.5339735001449348,0.1330705106553446,2,down_proj,model.layers.2.mlp.down_proj,calibration,False,False
0.8677332119678888,0.009927100296236573,4.280540457613746e-08,0.028623413828709563,0.1301181037164779,0.16294271460382811,2.4251572475482863,0.17566550243319132,8.214334428733471e-06,0.0024818765206119715,6.17291869421676e-05,0.2669867500724674,0.1330705106553446,8.214328686424582e-06,0.002481875942164217,6.172914378979025e-05,0.2669867500724674,0.1330705106553446,2,down_proj,model.layers.2.mlp.down_proj,calibration,False,False
0.8677332119678888,0.010449579259196392,0.0,0.02862398466431447,0.1301201781220314,0.16294596416391247,2.4298595582149245,0.17566550243319132,9.098630786720139e-06,0.0026122795333716926,6.837450868649467e-05,0.005245980838292308,0.1330705106553446,9.098623121089978e-06,0.002612278799789031,6.837445108071767e-05,0.00522478962959827,0.1330705106553446,2,down_proj,model.layers.2.mlp.down_proj,calibration,False,True
0.8677332119678888,0.005224789629598196,3.519708053939454e-05,0.02846835041426269,0.12966650069290256,0.16595331158012797,3.7007580575094052,0.17154433462761717,1.3303094462087779e-05,0.0013197486896183513,0.00010298553674978755,2.8924826581872574,0.1291743955698247,1.3303086777450927e-05,0.001319747218815238,0.00010298547725938454,2.8924826581872574,0.1291743955698247,2,down_proj,model.layers.2.mlp.down_proj,validation,False,False
0.8677332119678888,0.007314705481437474,2.0704165023173257e-06,0.0284408600437682,0.1296601419359049,0.16579305930158922,2.632811057219534,0.17154433462761717,5.3818720004180575e-06,0.0018293805604792138,4.166361279785441e-05,1.824535657897386,0.1291743955698247,5.381866898766121e-06,0.0018293798630277655,4.1663573303557463e-05,1.824535657897386,0.1291743955698247,2,down_proj,model.layers.2.mlp.down_proj,validation,True,False
0.8677332119678888,0.008359663407357115,5.296414308253624e-07,0.02844112942610191,0.1296642339938382,0.16579462963811065,2.266060911064622,0.17154433462761717,6.128436303030039e-06,0.002090375365320395,4.744311963679626e-05,1.2905621577524498,0.1291743955698247,6.128431500073188e-06,0.0020903747907808925,4.7443082454839024e-05,1.2905621577524498,0.1291743955698247,2,down_proj,model.layers.2.mlp.down_proj,validation,False,False
0.8677332119678888,0.009404621333276754,2.407461049206193e-07,0.0284413828201686,0.12966613553299416,0.16579610677267903,2.265015953138702,0.17154433462761717,7.450100400995665e-06,0.0023510988733544107,5.767474558817302e-05,0.756588657607514,0.1291743955698247,7.450095644667899e-06,0.0023510983676107346,5.767470876719356e-05,0.756588657607514,0.1291743955698247,2,down_proj,model.layers.2.mlp.down_proj,validation,False,False
0.8677332119678888,0.009927100296236573,2.407461049206193e-07,0.028442172037301275,0.12966808926674633,0.1658007074325282,2.2707632217312606,0.17154433462761717,8.23704493216399e-06,0.002481996057047881,6.376685484633437e-05,0.4896019075350466,0.1291743955698247,8.237039556569813e-06,0.002481995515540893,6.376681323132116e-05,0.4896019075350466,0.1291743955698247,2,down_proj,model.layers.2.mlp.down_proj,validation,False,False
0.8677332119678888,0.010449579259196392,9.629844196824771e-08,0.028443124921200526,0.1296709282711399,0.1658062621709072,2.2702407427683005,0.17154433462761717,9.10381872577618e-06,0.0026127499963786546,7.04769601252374e-05,0.2226151574625792,0.1291743955698247,9.103811386323456e-06,0.0026127492940104034,7.047690330706774e-05,0.2226151574625792,0.1291743955698247,2,down_proj,model.layers.2.mlp.down_proj,validation,False,True
0.6794691911832554,0.003653231045746925,1.4725059174191286e-05,0.022049559567724603,0.11666075270721664,0.3415751739482653,2.4014370673444194,0.06455258241649672,2.8499973946472157e-06,0.0009166691425107417,6.458026570603055e-05,1.8668010643766788,0.04413108808843258,2.8499959537467496e-06,0.0009166687480926366,6.458023305556738e-05,1.8668010643766788,0.04413108808843258,3,down_proj,model.layers.3.mlp.down_proj,calibration,False,False
0.6794691911832554,0.005114523464045695,6.848864732181993e-07,0.022048100024243164,0.11666209502563606,0.34155256379965776,1.654716641593748,0.06455258241649672,2.3048531848944564e-06,0.0012787567156893973,5.222742707534993e-05,1.1200806386260074,0.04413108808843258,2.3048506420182168e-06,0.0012787562185020724,5.222736945437683e-05,1.1200806386260074,0.04413108808843258,3,down_proj,model.layers.3.mlp.down_proj,calibration,True,False
0.6794691911832554,0.00584516967319508,2.4256395926477894e-07,0.02204842499062077,0.1166633451803717,0.3415575979340865,1.6053120789528328,0.06455258241649672,2.875565201533922e-06,0.0014613661878561384,6.515962615224189e-05,0.7467204257506714,0.04413108808843258,2.87556326843835e-06,0.0014613658571393784,6.515958234875424e-05,0.7467204257506714,0.04413108808843258,3,down_proj,model.layers.3.mlp.down_proj,calibration,False,False
0.6794691911832554,0.006575815882344465,7.13423409602291e-08,0.02204908316926056,0.11666571605637548,0.3415677939419789,1.6045814327436834,0.06455258241649672,3.6066882971334783e-06,0.0016438621565560579,8.172670227179025e-05,0.37336021287533594,0.04413108808843258,3.6066867153278584e-06,0.0016438619160071054,8.172666642844968e-05,0.37336021287533594,0.04413108808843258,3,down_proj,model.layers.3.mlp.down_proj,calibration,False,False
0.6794691911832554,0.006941138986919158,2.8536936384091638e-08,0.0220497385371909,0.11666743754247735,0.3415779464084768,1.6060427251619822,0.06455258241649672,4.016443696128732e-06,0.0017355363827768265,9.101166252869941e-05,0.18668010643766797,0.04413108808843258,4.016442030023602e-06,0.001735536142743434,9.101162477515193e-05,0.18668010643766797,0.04413108808843258,3,down_proj,model.layers.3.mlp.down_proj,calibration,False,False
0.6794691911832554,0.00730646209149385,0.0,0.02205012947480192,0.11666823575815537,0.3415840025195786,1.6067733713711316,0.06455258241649672,4.448516093539892e-06,0.0018265347330836785,0.00010080232068209338,0.0036665269350575347,0.04413108808843258,4.448514368142961e-06,0.001826534496936978,0.00010080228158500771,0.0036532289851059496,0.04413108808843258,3,down_proj,model.layers.3.mlp.down_proj,calibration,False,True
0.6794691911832554,0.003653231045746925,1.7911510206094074e-05,0.021831695828767136,0.11604705380898654,0.3470347385716261,2.0023467392050156,0.06290925202077773,2.879083115953732e-06,0.000917354992258251,6.762617068318572e-05,1.479094301615787,0.04257350500358251,2.879081688524006e-06,0.0009173546015274953,6.762613715459263e-05,1.479094301615787,0.04257350500358251,3,down_proj,model.layers.3.mlp.down_proj,validation,False,False
0.6794691911832554,0.005114523464045695,3.8519376787299083e-07,0.02182938029398615,0.11604706179896503,0.34699793103208926,1.6427767636549333,0.06290925202077773,2.2393210646020702e-06,0.0012787875673855326,5.259893599114365e-05,0.7323738758651155,0.04257350500358251,2.239318564901154e-06,0.0012787870786399166,5.2598877276200726e-05,0.7323738758651155,0.04257350500358251,3,down_proj,model.layers.3.mlp.down_proj,validation,True,False
0.6794691911832554,0.00584516967319508,9.629844196824771e-08,0.02183012217035782,0.11604922206231022,0.3470097238343852,1.6405848250274853,0.06290925202077773,2.8564587910095547e-06,0.00146090420484984,6.709475272870268e-05,0.35901366298977955,0.04257350500358251,2.856456943875131e-06,0.0014609038888394373,6.709470934175525e-05,0.35901366298977955,0.04257350500358251,3,down_proj,model.layers.3.mlp.down_proj,validation,False,False
0.6794691911832554,0.006575815882344465,0.0,0.02183081796781652,0.1160518757232273,0.34702078417028737,1.638392886400037,0.06290925202077773,3.603488420836386e-06,0.0016439580573271012,8.46415727465511e-05,0.0032965245904676976,0.04257350500358251,3.603486930542343e-06,0.001643957830694533,8.464153774135144e-05,0.003287904136912101,0.04257350500358251,3,down_proj,model.layers.3.mlp.down_proj,validation,False,False
0.6794691911832554,0.006941138986919158,0.0,0.021831297219017224,0.11605319707965871,0.34702840230570164,1.637296917086313,0.06290925202077773,4.015776026560973e-06,0.0017354272251814723,9.432570858854704e-05,0.003481126315444505,0.04257350500358251,4.015774336596158e-06,0.0017354269817106496,9.43256688933231e-05,0.003470559348765778,0.04257350500358251,3,down_proj,model.layers.3.mlp.down_proj,validation,False,False
0.6794691911832554,0.00730646209149385,0.0,0.02183170522420526,0.11605405110207417,0.34703488792069354,1.6435074098640827,0.06290925202077773,4.448570630450508e-06,0.0018265339951640835,0.00010449152894684536,0.003664981137339929,0.04257350500358251,4.448568971610286e-06,0.0018265337681266747,0.00010449148998270037,0.0036532289851059496,0.04257350500358251,3,down_proj,model.layers.3.mlp.down_proj,validation,False,True
0.5494619654858206,0.0033289869740030973,4.523104416878525e-06,0.011132440136993327,0.08256556846846033,0.3832933016785489,2.491250735665214,0.02904418127903944,1.3912763026906632e-06,0.0008333855087409975,6.819409561525157e-05,1.7011123437155826,0.02040171205642479,1.391275080940621e-06,0.0008333851417374468,6.81940357305694e-05,1.7011123437155826,0.02040171205642479,4,down_proj,model.layers.4.mlp.down_proj,calibration,True,False
0.5494619654858206,0.004660581763604336,2.140270228806873e-07,0.011132586527488823,0.08256874465877768,0.3832983419478576,1.810805798178981,0.02904418127903944,1.83494673310468e-06,0.0011652919520451156,8.994082104628219e-05,1.0206674062293497,0.02040171205642479,1.8349461414417323e-06,0.001165291825094666,8.994079204563039e-05,1.0206674062293497,0.02040171205642479,4,down_proj,model.layers.4.mlp.down_proj,calibration,False,False
0.5494619654858206,0.005326379158404956,4.280540457613746e-08,0.011133058334092744,0.08257102179770015,0.3833145863928082,1.660281779382464,0.02904418127903944,2.3706513314873677e-06,0.0013314424873294905,0.00011619864670822151,0.6804449374862327,0.02040171205642479,2.370650628851266e-06,0.0013314423554132127,0.0001161986122681657,0.6804449374862327,0.02040171205642479,4,down_proj,model.layers.4.mlp.down_proj,calibration,False,False
0.5494619654858206,0.005992176553205575,1.4268468192045819e-08,0.01113369786930532,0.08257329575532035,0.3833366057847969,1.6596159819876635,0.02904418127903944,2.994369577812818e-06,0.0014981805810003214,0.000146770504824856,0.3402224687431161,0.02040171205642479,2.994368587150636e-06,0.0014981804156743862,0.00014677045626705954,0.3402224687431161,0.02040171205642479,4,down_proj,model.layers.4.mlp.down_proj,calibration,False,False
0.5494619654858206,0.0063250752506058844,1.4268468192045819e-08,0.011133947247719057,0.08257433141825643,0.3833451919594713,1.6586172858954626,0.02904418127903944,3.3344371090101763e-06,0.0015813347066198193,0.00016343908294500775,0.1701112343715585,0.02040171205642479,3.3344365106778134e-06,0.001581334612022941,0.00016343905361745125,0.1701112343715585,0.02040171205642479,4,down_proj,model.layers.4.mlp.down_proj,calibration,False,False
0.5494619654858206,0.006657973948006195,0.0,0.011134331350041717,0.08257621141294402,0.38335841671932835,1.658950184592863,0.02904418127903944,3.6941184662763417e-06,0.0016645531609031379,0.00018106904244406347,0.003342116393593386,0.02040171205642479,3.694117403073727e-06,0.0016645530012145274,0.00018106899033066182,0.0033289782576312807,0.02040171205642479,4,down_proj,model.layers.4.mlp.down_proj,calibration,False,True
0.5494619654858206,0.0033289869740030973,3.7556392367616606e-06,0.011043766032898781,0.08214042949603367,0.3977625862195637,2.385416036505175,0.027764717988842367,1.3875113455787768e-06,0.0008329979600698328,7.22699832202807e-05,1.531764562456259,0.019198999138405885,1.3875101809630165e-06,0.0008329976102289448,7.226992256004773e-05,1.531764562456259,0.019198999138405885,4,down_proj,model.layers.4.mlp.down_proj,validation,True,False
0.5494619654858206,0.004660581763604336,2.8889532590474314e-07,0.011043938346705221,0.0821440802498098,0.39776879243446234,1.704971099018942,0.027764717988842367,1.8533245085805958e-06,0.001165458678172487,9.653235021367263e-05,0.8513196249700261,0.019198999138405885,1.8533239494789896e-06,0.0011654585582085793,9.653232109227926e-05,0.8513196249700261,0.019198999138405885,4,down_proj,model.layers.4.mlp.down_proj,validation,False,False
0.5494619654858206,0.005326379158404956,4.8149220984123854e-08,0.011044342311100097,0.08214615527670728,0.3977833419931878,1.6416690178118896,0.027764717988842367,2.3761854913271773e-06,0.0013314017066957903,0.00012376611271229396,0.5110971562269091,0.019198999138405885,2.37618483876198e-06,0.0013314015841800662,0.00012376607872275144,0.5110971562269091,0.019198999138405885,4,down_proj,model.layers.4.mlp.down_proj,validation,False,False
0.5494619654858206,0.005992176553205575,4.8149220984123854e-08,0.011044942573548336,0.08214850812389678,0.3978049616058373,1.6416690178118896,0.027764717988842367,2.993511271184649e-06,0.0014980332278144756,0.00015592017321342533,0.17087468748379253,0.019198999138405885,2.9935102960444962e-06,0.0014980330650789246,0.00015592012242222805,0.17087468748379253,0.019198999138405885,4,down_proj,model.layers.4.mlp.down_proj,validation,False,False
0.5494619654858206,0.0063250752506058844,0.0,0.011045337305756528,0.08214978375079429,0.3978191786495094,1.6386729295352866,0.027764717988842367,3.33505203859108e-06,0.001581528757849083,0.00017370968218440125,0.003168547999486959,0.019198999138405885,3.3350515045004884e-06,0.001581528673408887,0.00017370965436573282,0.0031625357538466736,0.019198999138405885,4,down_proj,model.layers.4.mlp.down_proj,validation,False,False
0.5494619654858206,0.006657973948006195,0.0,0.011045765898456095,0.08215241046260742,0.3978346152442459,1.6403374230222882,0.027764717988842367,3.6942752570298277e-06,0.0016644592543802977,0.00019242020015719258,0.0033383868119123417,0.019198999138405885,3.694274237755585e-06,0.0016644591012895445,0.00019242014706722494,0.0033289782576312807,0.019198999138405885,4,down_proj,model.layers.4.mlp.down_proj,validation,False,True
0.39574008851539433,0.005974751188610353,4.394688203150112e-06,0.005735337521943484,0.059671792820345376,0.2809794259479164,3.483675020663634,0.020411948321819876,5.463576128205109e-06,0.001495967548962794,0.0003258100373272933,3.04712310619128,0.016769207520505765,5.4635751852719905e-06,0.001495967391143147,0.00032580998109725865,3.04712310619128,0.016769207520505765,5,down_proj,model.layers.5.mlp.down_proj,calibration,True,False
0.39574008851539433,0.008364651664054494,4.7085945033751207e-07,0.005734812788940766,0.05968502962394774,0.28095371879863085,2.260045977236234,0.020411948321819876,6.011841927284324e-06,0.0020913777754524893,0.0003585048321414658,1.8234940627638796,0.016769207520505765,6.011841095201928e-06,0.002091377675976451,0.00035850478252180456,1.8234940627638796,0.016769207520505765,5,down_proj,model.layers.5.mlp.down_proj,calibration,False,False
0.39574008851539433,0.009559601901776566,1.1414774553636655e-07,0.0057363188669319306,0.05969340936678005,0.2810275029356186,1.6482314555225335,0.020411948321819876,7.65709319965937e-06,0.0023900850661407406,0.00045661628257006806,1.211679541050179,0.016769207520505765,7.657092623373599e-06,0.0023900850058572896,0.00045661624820435515,1.211679541050179,0.016769207520505765,5,down_proj,model.layers.5.mlp.down_proj,calibration,False,False
0.39574008851539433,0.010754552139498637,2.8536936384091638e-08,0.005738420275906273,0.05970561907678175,0.2811304528814646,1.5732653401903491,0.020411948321819876,9.645402874212964e-06,0.002688801440729425,0.0005751853725000629,0.5998650193364785,0.016769207520505765,9.64540149206477e-06,0.0026888013122119215,0.0005751852900782674,0.5998650193364785,0.016769207520505765,5,down_proj,model.layers.5.mlp.down_proj,calibration,False,False
0.39574008851539433,0.011352027258359671,1.4268468192045819e-08,0.005739541673747639,0.059711473085612705,0.28118539118640673,1.575655240665793,0.020411948321819876,1.0738618836725263e-05,0.002837726070232018,0.0006403772404625465,0.2939577584796291,0.016769207520505765,1.0738617922369483e-05,0.0028377259896864254,0.0006403771859366675,0.2939577584796291,0.016769207520505765,5,down_proj,model.layers.5.mlp.down_proj,calibration,False,False
0.39574008851539433,0.011949502377220707,0.0,0.005740555793243996,0.0597174151013214,0.28123507382719964,1.5780451411412373,0.020411948321819876,1.189928043313659e-05,0.0029873059532650984,0.0007095911013436909,0.005990900669872623,0.016769207520505765,1.1899279643498093e-05,0.0029873058871838156,0.0007095910542550915,0.0059747452800834044,0.016769207520505765,5,down_proj,model.layers.5.mlp.down_proj,calibration,False,True
0.39574008851539433,0.005974751188610353,3.851937678729909e-06,0.0057344384024134885,0.05956295483646962,0.29026638569174673,2.333196909730866,0.019755778433481,4.871999381312949e-06,0.0014958629741422382,0.0003033277096381428,1.8781300967666743,0.016061834202767165,4.871998488867596e-06,0.0014958628247727795,0.00030332765407503946,1.8781300967666743,0.016061834202767165,5,down_proj,model.layers.5.mlp.down_proj,validation,True,False
0.39574008851539433,0.008364651664054494,2.8889532590474314e-07,0.0057346425143893305,0.05957598543531848,0.2902767174524784,1.427786181158811,0.019755778433481,5.878912177315161e-06,0.0020914572443110633,0.0003660174861163945,0.6545010533392741,0.016061834202767165,5.878911353665178e-06,0.0020914571458431263,0.00036601743483644897,0.6545010533392741,0.016061834202767165,5,down_proj,model.layers.5.mlp.down_proj,validation,False,False
0.39574008851539433,0.009559601901776566,4.8149220984123854e-08,0.005736381117420817,0.05958541036777634,0.29036472223737414,1.4218114299702007,0.019755778433481,7.61564024972742e-06,0.00238984820258028,0.00047414511652818465,0.042686531625573565,0.016061834202767165,7.61563970704884e-06,0.0023898481458123747,0.0004741450827413473,0.042686531625573565,0.016061834202767165,5,down_proj,model.layers.5.mlp.down_proj,validation,False,False
0.39574008851539433,0.010754552139498637,0.0,0.005738302592016769,0.05959615623662799,0.29046198363370035,1.423006380207923,0.019755778433481,9.638480997242212e-06,0.0026886403049641554,0.0006000859475676617,0.005392224273628177,0.016061834202767165,9.638479700989722e-06,0.0026886401844335673,0.0006000858668637724,0.005377257753315795,0.016061834202767165,5,down_proj,model.layers.5.mlp.down_proj,validation,False,False
0.39574008851539433,0.011352027258359671,0.0,0.005739489314387172,0.059603174150777975,0.29052205326722047,1.4200190046136176,0.019755778433481,1.073749321946502e-05,0.0028377213142212285,0.0006685097781432174,0.005682018834393565,0.016061834202767165,1.0737492304368687e-05,0.0028377212336103976,0.000668509721169878,0.005676005615740165,0.016061834202767165,5,down_proj,model.layers.5.mlp.down_proj,validation,False,False
0.39574008851539433,0.011949502377220707,0.0,0.005740513615889902,0.05960908407060944,0.29057390146475814,1.426591230921089,0.019755778433481,1.1902425060150937e-05,0.0029879476839721137,0.000741037723954364,0.006010948301784502,0.016061834202767165,1.1902424288965387e-05,0.0029879476194350717,0.000741037675940822,0.0059747452800834044,0.016061834202767165,5,down_proj,model.layers.5.mlp.down_proj,validation,False,True
0.3423328850212998,0.005328721116110415,1.0216223225504807e-05,0.004049271063257687,0.04964671407420766,0.2624562369457966,2.6616938358633564,0.015428366688401302,4.807807599063823e-06,0.0013357973769542954,0.00033537707587064065,2.717647769216312,0.01433552840957519,4.807807261908795e-06,0.0013357973136830124,0.00033537705235179866,2.717647769216312,0.01433552840957519,6,down_proj,model.layers.6.mlp.down_proj,calibration,True,False
0.3423328850212998,0.007460209562554581,3.7098017299319133e-07,0.004051227172951845,0.04966171271964632,0.26258302351586355,1.640439775960668,0.015428366688401302,4.769038447446772e-06,0.001865318436332548,0.00033267266550574925,1.6263256846368992,0.01433552840957519,4.7690378755555645e-06,0.001865318359673682,0.00033267262561247204,1.6263256846368992,0.01433552840957519,6,down_proj,model.layers.6.mlp.down_proj,calibration,False,False
0.3423328850212998,0.008525953785776665,9.987927734432074e-08,0.0040526593320841615,0.049671792776452506,0.262675849876634,1.6351110548445578,0.015428366688401302,6.090830357464893e-06,0.002131411941145499,0.0004248765851837466,1.080664642347192,0.01433552840957519,6.090829539025131e-06,0.0021314118451515734,0.0004248765280920414,1.080664642347192,0.01433552840957519,6,down_proj,model.layers.6.mlp.down_proj,calibration,False,False
0.3423328850212998,0.009591698008998747,2.8536936384091638e-08,0.00405410403703719,0.049680811329988354,0.2627694894032415,1.6361767990677798,0.015428366688401302,7.672324485448475e-06,0.0023979736531924115,0.0005351964898848002,0.535003600057486,0.01433552840957519,7.672323675085217e-06,0.0023979735687065097,0.0005351964333564858,0.535003600057486,0.01433552840957519,6,down_proj,model.layers.6.mlp.down_proj,calibration,False,False
0.3423328850212998,0.010124570120609789,2.8536936384091638e-08,0.004055001202449127,0.04968750555647854,0.2628276397849414,1.6329795663981135,0.015428366688401302,8.543185915580587e-06,0.002531180631415642,0.0005959449607643552,0.26217307891263264,0.01433552840957519,8.543185297166567e-06,0.0025311805703351186,0.0005959449176257974,0.26217307891263264,0.01433552840957519,6,down_proj,model.layers.6.mlp.down_proj,calibration,False,False
0.3423328850212998,0.01065744223222083,0.0,0.004055970756316421,0.04969332053343122,0.26289048207323257,1.6351110548445575,0.015428366688401302,9.464047058650289e-06,0.0026641967391072712,0.0006601812495679565,0.005333624935683512,0.01433552840957519,9.46404660349766e-06,0.0026641966963997774,0.0006601812178179843,0.005328721116110435,0.01433552840957519,6,down_proj,model.layers.6.mlp.down_proj,calibration,False,True
0.3423328850212998,0.005328721116110415,6.403846390888473e-06,0.004024073611564602,0.04942600291534687,0.268561483894525,1.788460350946056,0.014983807630229728,3.573125467694828e-06,0.0013340123164712208,0.00025706241201972006,1.270842297551542,0.013899836384561437,3.5731251283052777e-06,0.0013340122527806019,0.0002570623876029182,1.270842297551542,0.013899836384561437,6,down_proj,model.layers.6.mlp.down_proj,validation,True,False
0.3423328850212998,0.007460209562554581,1.4444766295237157e-07,0.004026478987093555,0.049441522664042635,0.2687220155556564,1.7927233278389445,0.014983807630229728,4.64005791444932e-06,0.0018650409831848479,0.0003338210455198621,0.1795202129721294,0.013899836384561437,4.640057328343268e-06,0.0018650409046205598,0.0003338210033534628,0.1795202129721294,0.013899836384561437,6,down_proj,model.layers.6.mlp.down_proj,validation,False,False
0.3423328850212998,0.008525953785776665,0.0,0.004027937850812902,0.049451398426732976,0.2688193782391176,1.789526095169278,0.014983807630229728,6.058246510041624e-06,0.00213172222028191,0.0004358502030117797,0.004267595606672225,0.013899836384561437,6.058245737077262e-06,0.0021317221296217447,0.0004358501474021782,0.004262976892888348,0.013899836384561437,6,down_proj,model.layers.6.mlp.down_proj,validation,False,False
0.3423328850212998,0.009591698008998747,0.0,0.004029359893077691,0.04946055325804556,0.2689142835061821,1.7895260951692782,0.014983807630229728,7.664933311185834e-06,0.0023975680761901476,0.0005514405421130916,0.004809950672248542,0.013899836384561437,7.664932517574794e-06,0.0023975679934507784,0.0005514404850181002,0.004795842966965003,0.013899836384561437,6,down_proj,model.layers.6.mlp.down_proj,validation,False,False
0.3423328850212998,0.010124570120609789,0.0,0.0040301740331954656,0.049466252967511774,0.26896861816782924,1.788993223057667,0.014983807630229728,8.540315575555198e-06,0.0025307958054252644,0.0006144184247406635,0.005066678037387584,0.013899836384561437,8.540314951221796e-06,0.002530795743760088,0.0006144183798240626,0.005062278687351929,0.013899836384561437,6,down_proj,model.layers.6.mlp.down_proj,validation,False,False
0.3423328850212998,0.01065744223222083,0.0,0.004031178465997119,0.04947321447571261,0.2690356527178209,1.7937890720621663,0.014983807630229728,9.466165157329135e-06,0.0026644325382209136,0.0006810270923651457,0.005333624935683512,0.013899836384561437,9.466164694055914e-06,0.0026644324947514564,0.0006810270590357447,0.00532872111611038,0.013899836384561437,6,down_proj,model.layers.6.mlp.down_proj,validation,False,True
0.3126631909468043,0.00876180009154544,5.479091785745595e-06,0.00341143449426301,0.04522413672866264,0.2544121169040932,4.341480645990782,0.013409088119608049,4.321539911790267e-05,0.0021992956511178415,0.003361596768930405,4.468518046688174,0.012855616568090932,4.3215398507124806e-05,0.0021992955814086608,0.0033615967214198203,4.468518046688174,0.012855616568090932,7,down_proj,model.layers.7.mlp.down_proj,calibration,True,False
0.3126631909468043,0.012266520128163615,1.8263639285818648e-06,0.003394982217810992,0.04526441384326018,0.2531851672185318,2.547063987242277,0.013409088119608049,2.559866802206633e-05,0.003071609258084292,0.001991243896119698,2.6741013879396682,0.012855616568090932,2.5598667733791763e-05,0.0030716092345833687,0.0019912438736956807,2.6741013879396682,0.012855616568090932,7,down_proj,model.layers.7.mlp.down_proj,calibration,False,False
0.3126631909468043,0.014018880146472705,1.8263639285818648e-06,0.0033921054036599963,0.045291622177726115,0.2529706251016231,1.6498556578680228,0.013409088119608049,2.214667715658948e-05,0.0035081884988226227,0.0017227238413099525,1.7768930585654141,0.012855616568090932,2.2146675322586705e-05,0.003508188367998853,0.0017227236986483568,1.7768930585654141,0.012855616568090932,7,down_proj,model.layers.7.mlp.down_proj,calibration,False,False
0.3126631909468043,0.01577124016478179,1.8263639285818648e-06,0.003392494079515979,0.04532078599703478,0.25299961110369246,1.3591733277178326,0.013409088119608049,2.214469208260878e-05,0.003944718738589054,0.0017225694283364333,0.8796847291911618,0.012855616568090932,2.2144691535785155e-05,0.003944718703916853,0.0017225693858006574,0.8796847291911618,0.012855616568090932,7,down_proj,model.layers.7.mlp.down_proj,calibration,False,False
0.3126631909468043,0.016647420173936334,1.8263639285818648e-06,0.0033940580307457004,0.04533725228598367,0.25311624477898576,1.3653065877819142,0.013409088119608049,2.3431539697722968e-05,0.004162280915960607,0.0018226694591905181,0.4310805645040361,0.012855616568090932,2.343153937643793e-05,0.004162280896661219,0.001822669434198715,0.4310805645040361,0.012855616568090932,7,down_proj,model.layers.7.mlp.down_proj,calibration,False,False
0.3126631909468043,0.01752360018309088,0.0,0.0033964078288461603,0.04535463182529968,0.2532914839958139,1.367935127809378,0.013409088119608049,2.5592763051698807e-05,0.004381116225643,0.0019907845661189744,0.00876848402440955,0.012855616568090932,2.5592762365230892e-05,0.004381116186469095,0.0019907845127206864,0.008761757202806031,0.012855616568090932,7,down_proj,model.layers.7.mlp.down_proj,calibration,False,True
0.3126631909468043,0.00876180009154544,4.62232521447589e-06,0.0033863661555091473,0.04507717471453596,0.25940040272835424,4.341480645990782,0.013054590971685466,3.745864426644034e-05,0.0021980953648221054,0.003021358601465571,4.468518046688174,0.012397947151414027,3.745864373781127e-05,0.0021980953044887204,0.003021358558827135,4.468518046688174,0.012397947151414027,7,down_proj,model.layers.7.mlp.down_proj,validation,True,False
0.3126631909468043,0.012266520128163615,1.5407750714919633e-06,0.003373565454762643,0.045118481635020566,0.25841985107612186,2.547063987242277,0.013054590971685466,2.3554379156370673e-05,0.0030704988817271653,0.0018998612325657653,2.6741013879396682,0.012397947151414027,2.3554378896754112e-05,0.003070498860562517,0.0018998612116254794,2.6741013879396682,0.012397947151414027,7,down_proj,model.layers.7.mlp.down_proj,validation,False,False
0.3126631909468043,0.014018880146472705,1.5407750714919633e-06,0.0033714743369576057,0.04514467417928755,0.25825966851585835,1.6498556578680228,0.013054590971685466,2.124239724434845e-05,0.003507524000993056,0.0017133802060065794,1.7768930585654141,0.012397947151414027,2.1242395561924674e-05,0.0035075238809817756,0.001713380070304777,1.7768930585654141,0.012397947151414027,7,down_proj,model.layers.7.mlp.down_proj,validation,False,False
0.3126631909468043,0.01577124016478179,1.5407750714919633e-06,0.0033724408919936864,0.04517375541391338,0.25833370798888183,1.4806934927790387,0.013054590971685466,2.1921799424826486e-05,0.0039443669315881065,0.0017681797766274745,0.8796847291911618,0.012397947151414027,2.192179889564436e-05,0.003944366898034492,0.0017681797339444301,0.8796847291911618,0.012397947151414027,7,down_proj,model.layers.7.mlp.down_proj,validation,False,False
0.3126631909468043,0.016647420173936334,1.5407750714919633e-06,0.0033743714698798504,0.04519091061989077,0.25848159296592566,1.4850743928248114,0.013054590971685466,2.3382642688472347e-05,0.004162731460787737,0.0018860092241807533,0.4310805645040361,0.012397947151414027,2.338264243004099e-05,0.004162731445263928,0.0018860092033360636,0.4310805645040361,0.012397947151414027,7,down_proj,model.layers.7.mlp.down_proj,validation,False,False
0.3126631909468043,0.01752360018309088,0.0,0.003376482512648392,0.045207565098197795,0.2586433018063727,1.4736840527058024,0.013054590971685466,2.5592181517639873e-05,0.004381198830432783,0.0020642273438567613,0.008767078032333009,0.012397947151414027,2.5592180798564733e-05,0.004381198789398114,0.0020642272858572286,0.008761757202806031,0.012397947151414027,7,down_proj,model.layers.7.mlp.down_proj,validation,False,True
0.570872749869279,0.013832422840943694,5.479091785745595e-06,0.006117705914623975,0.05886587104559918,0.4829954332772751,7.0100667884036465,0.012666177551852667,0.000134981924670929,0.0034810264541208585,0.013293051517459941,7.054535648881284,0.010154321939822103,0.000134981924329688,0.0034810264294512076,0.013293051483854451,7.054535648881284,0.010154321939822103,8,down_proj,model.layers.8.mlp.down_proj,calibration,True,False
0.570872749869279,0.01936539197732117,3.6527278571637297e-06,0.006047015621198713,0.058937445596154145,0.47741440513079053,4.177186590578378,0.012666177551852667,6.419365860582268e-05,0.004849697391263562,0.006321806516107694,4.221655451056016,0.010154321939822103,6.419365837860576e-05,0.004849697379530426,0.006321806493731318,4.221655451056016,0.010154321939822103,8,down_proj,model.layers.8.mlp.down_proj,calibration,False,False
0.570872749869279,0.02213187654550991,1.8263639285818648e-06,0.006038117861342746,0.05898798666699887,0.47671192327945516,2.760746491665744,0.012666177551852667,5.518570788170495e-05,0.0055375120385948995,0.005434701421597016,2.8052153521433816,0.010154321939822103,5.518570707036034e-05,0.005537512001935347,0.0054347013416956086,2.8052153521433816,0.010154321939822103,8,down_proj,model.layers.8.mlp.down_proj,calibration,False,False
0.570872749869279,0.02489836111369865,1.8263639285818648e-06,0.006038393343484413,0.0590472387761661,0.4767336727094264,2.079440731211956,0.012666177551852667,5.517841573456183e-05,0.006226883674936617,0.005433983289240534,1.3887752532307474,0.010154321939822103,5.517841544550683e-05,0.006226883663327216,0.00543398326077433,1.3887752532307474,0.010154321939822103,8,down_proj,model.layers.8.mlp.down_proj,calibration,False,False
0.570872749869279,0.026281603397793018,1.8263639285818648e-06,0.006041566938999481,0.059078506883318845,0.47698422939885193,2.078057488927861,0.012666177551852667,5.841273807967855e-05,0.006572150888485187,0.0057525001103817565,0.6805552037744302,0.010154321939822103,5.8412737373215393e-05,0.00657215086160467,0.005752500040809101,0.6805552037744302,0.010154321939822103,8,down_proj,model.layers.8.mlp.down_proj,calibration,False,False
0.570872749869279,0.027664845681887387,0.0,0.006047033955261144,0.059112367780972494,0.4774158526126654,2.068374792939201,0.012666177551852667,6.379682488927212e-05,0.006917549403939278,0.006282726238871819,0.013834616262521748,0.010154321939822103,6.379682480164267e-05,0.006917549400771739,0.006282726230242051,0.013832412186801257,0.010154321939822103,8,down_proj,model.layers.8.mlp.down_proj,calibration,False,True
0.570872749869279,0.013832422840943694,4.62232521447589e-06,0.006037533606519463,0.05863521515565822,0.481293747721816,7.0100667884036465,0.012544384038018108,0.00011636810540525892,0.003477455583343634,0.011637170049032055,7.054535648881284,0.009999691068786787,0.00011636810506211438,0.003477455558536374,0.01163717001471654,7.054535648881284,0.009999691068786787,8,down_proj,model.layers.8.mlp.down_proj,validation,True,False
0.570872749869279,0.01936539197732117,3.0815501429839266e-06,0.00598067310206631,0.05871041982171869,0.4767610018906276,4.177186590578378,0.012544384038018108,5.904435837614148e-05,0.004848311064972101,0.005904618249702093,4.221655451056016,0.009999691068786787,5.9044358114232786e-05,0.004848311051447527,0.005904618223510414,4.221655451056016,0.009999691068786787,8,down_proj,model.layers.8.mlp.down_proj,validation,False,False
0.570872749869279,0.02213187654550991,1.5407750714919633e-06,0.005973996846975919,0.05876020265479713,0.47622879121610123,2.760746491665744,0.012544384038018108,5.2939545558333267e-05,0.005537004070458789,0.005294118107666316,2.8052153521433816,0.009999691068786787,5.293954482411464e-05,0.005537004037284076,0.005294118034242185,2.8052153521433816,0.009999691068786787,8,down_proj,model.layers.8.mlp.down_proj,validation,False,False
0.570872749869279,0.02489836111369865,1.5407750714919633e-06,0.0059762077304572475,0.05881952933238455,0.47640503609784496,1.900003242640731,0.012544384038018108,5.462209310523984e-05,0.006226095301901301,0.0054623780604321085,1.3887752532307474,0.009999691068786787,5.462209282797394e-05,0.006226095290765394,0.005462378032704661,1.3887752532307474,0.009999691068786787,8,down_proj,model.layers.8.mlp.down_proj,validation,False,False
0.570872749869279,0.026281603397793018,1.5407750714919633e-06,0.005979800484729825,0.05885311971750912,0.4766914395004903,1.9235183614703353,0.012544384038018108,5.8268520543358e-05,0.0065711806788436074,0.0058270320695444685,0.6805552037744302,0.009999691068786787,5.826851975988299e-05,0.006571180649032833,0.005827031991194547,0.6805552037744302,0.009999691068786787,8,down_proj,model.layers.8.mlp.down_proj,validation,False,False
0.570872749869279,0.027664845681887387,0.0,0.005985817921116912,0.058888471283300076,0.4771711311592317,1.9166021500498633,0.012544384038018108,6.376119636531209e-05,0.006914978989453797,0.0063763166208541605,0.013836750287255617,0.009999691068786787,6.376119628057456e-05,0.006914978986390794,0.006376316612380146,0.013832412186801257,0.009999691068786787,8,down_proj,model.layers.8.mlp.down_proj,validation,False,True
0.15795133996197558,0.004200945072465708,1.1286358339908243e-05,0.0009864686174798742,0.024811518410068758,0.06961347783032112,1.9466734647360946,0.014170655571674424,3.614905681902439e-06,0.0010537823527201286,0.00024280775042617465,2.1424819869575114,0.014887933665863546,3.6149050062344452e-06,0.0010537821918829872,0.00024280770504257683,2.1424819869575114,0.014887933665863546,9,down_proj,model.layers.9.mlp.down_proj,calibration,False,False
0.15795133996197558,0.005881323101451991,5.992756640659244e-07,0.0009866174580652994,0.02482901117726112,0.0696239812671362,1.0863199138951178,0.014170655571674424,3.00929616268627e-06,0.001470257969748304,0.00020212987444901553,1.2821284361165346,0.014887933665863546,3.009295607049974e-06,0.0014702578752735936,0.00020212983712776544,1.2821284361165346,0.014887933665863546,9,down_proj,model.layers.9.mlp.down_proj,calibration,True,False
0.15795133996197558,0.0067215121159451335,1.9975855468864147e-07,0.0009874279897782942,0.02484001040196328,0.0696811791652077,0.6561431384746288,0.014170655571674424,3.7900692905407286e-06,0.0016804019710335853,0.0002545732252442094,0.8519516606960456,0.014887933665863546,3.7900684853776474e-06,0.0016804018512446052,0.00025457317116262234,0.8519516606960456,0.014887933665863546,9,down_proj,model.layers.9.mlp.down_proj,calibration,False,False
0.15795133996197558,0.007561701130438274,4.280540457613746e-08,0.0009884149985498441,0.02485306743206539,0.06975083076082779,0.5156279813124642,0.014170655571674424,4.767372375980076e-06,0.001890349728913207,0.00032021719621918763,0.4217748852755574,0.014887933665863546,4.767371767202527e-06,0.0018903496484051915,0.00032021715532851993,0.4217748852755574,0.014887933665863546,9,down_proj,model.layers.9.mlp.down_proj,calibration,False,False
0.15795133996197558,0.007981795637684846,1.4268468192045819e-08,0.0009889766568106123,0.024860384507150564,0.06979046606619015,0.5223494934284096,0.014170655571674424,5.308877180101839e-06,0.0019952668191123516,0.000356589255383004,0.20668649756531288,0.014887933665863546,5.308876472155477e-06,0.001995266730417226,0.00035658920783131697,0.20668649756531288,0.014887933665863546,9,down_proj,model.layers.9.mlp.down_proj,calibration,False,False
0.15795133996197558,0.008401890144931416,0.0,0.0009895514288521185,0.0248677532076272,0.0698310267896231,0.5206691153994232,0.014170655571674424,5.882527254778223e-06,0.002100432809573544,0.0003951204637797544,0.004210664216861781,0.014887933665863546,5.882526555282478e-06,0.0021004327263189765,0.0003951204167956825,0.0042009449250741855,0.014887933665863546,9,down_proj,model.layers.9.mlp.down_proj,calibration,False,True
0.15795133996197558,0.004200945072465708,9.72614263879302e-06,0.0009855583109101421,0.02480617906760402,0.06844651803502905,1.9395834528161604,0.014398954675908576,3.1547793218522203e-06,0.0010533552687878355,0.0002087749915251931,1.8662610081572968,0.015110906238362988,3.1547786466481027e-06,0.0010533551080611158,0.00020877494684196185,1.8662610081572968,0.015110906238362988,9,down_proj,model.layers.9.mlp.down_proj,validation,False,False
0.15795133996197558,0.005881323101451991,3.8519376787299083e-07,0.000985984443977785,0.024823711194121176,0.06847611275750953,1.0792299019751836,0.014398954675908576,2.9581375186638647e-06,0.0014704852919882306,0.00019576175458979812,1.00590745731632,0.015110906238362988,2.958136939266071e-06,0.001470485193473358,0.00019576171624677725,1.00590745731632,0.015110906238362988,9,down_proj,model.layers.9.mlp.down_proj,validation,True,False
0.15795133996197558,0.0067215121159451335,9.629844196824771e-08,0.000986845225067016,0.024835375839411776,0.06853589356164468,0.6490531265546946,0.014398954675908576,3.781722045418317e-06,0.0016804595995791043,0.00025026441073516993,0.575730681895831,0.015110906238362988,3.7817211954468307e-06,0.001680459473123706,0.00025026435448629426,0.575730681895831,0.015110906238362988,9,down_proj,model.layers.9.mlp.down_proj,validation,False,False
0.15795133996197558,0.007561701130438274,4.8149220984123854e-08,0.0009878325004228688,0.02484817795222971,0.06860445932756827,0.516855482145259,0.014398954675908576,4.764126892857692e-06,0.0018900380796182511,0.0003152773776573843,0.14555390647534283,0.015110906238362988,4.764126259055848e-06,0.0018900379958008886,0.0003152773357140465,0.14555390647534283,0.015110906238362988,9,down_proj,model.layers.9.mlp.down_proj,validation,False,False
0.15795133996197558,0.007981795637684846,0.0,0.000988362113698649,0.02485560865591637,0.06864124069730661,0.5202162382032317,0.014398954675908576,5.309788743662617e-06,0.001995573239007499,0.0003513878426551499,0.0039958635129367925,0.015110906238362988,5.3097880861732705e-06,0.0019955731566338856,0.0003513877991442356,0.003990897118732684,0.015110906238362988,9,down_proj,model.layers.9.mlp.down_proj,validation,False,False
0.15795133996197558,0.008401890144931416,0.0,0.0009889675992003097,0.02486258155410775,0.0686832913541278,0.5202162382032316,0.014398954675908576,5.881105076626785e-06,0.0021001653226282815,0.00038919605375460945,0.004218522248501166,0.015110906238362988,5.8811043967930005e-06,0.0021001652417138965,0.00038919600876499905,0.0042009449250741855,0.015110906238362988,9,down_proj,model.layers.9.mlp.down_proj,validation,False,True
