layer,group,k,count,fraction
0,bos,-8,0,0.0
0,bos,-7,0,0.0
0,bos,-6,0,0.0
0,bos,-5,0,0.0
0,bos,-4,0,0.0
0,bos,-3,0,0.0
0,bos,-2,32,1.0
0,bos,-1,0,0.0
0,bos,0,0,0.0
0,bos,1,0,0.0
0,bos,2,0,0.0
0,bos,3,0,0.0
0,bos,4,0,0.0
0,bos,5,0,0.0
0,bos,6,0,0.0
0,bos,7,0,0.0
0,non_bos,-8,0,0.0
0,non_bos,-7,0,0.0
0,non_bos,-6,0,0.0
0,non_bos,-5,0,0.0
0,non_bos,-4,0,0.0
0,non_bos,-3,0,0.0
0,non_bos,-2,1,9.892175289346128e-05
0,non_bos,-1,187,0.018498367791077257
0,non_bos,0,3330,0.329409437135226
0,non_bos,1,4901,0.4848155109308537
0,non_bos,2,1638,0.16203383123948956
0,non_bos,3,52,0.0051439311504599865
0,non_bos,4,0,0.0
0,non_bos,5,0,0.0
0,non_bos,6,0,0.0
0,non_bos,7,0,0.0
0,all,-8,0,0.0
0,all,-7,0,0.0
0,all,-6,0,0.0
0,all,-5,0,0.0
0,all,-4,0,0.0
0,all,-3,0,0.0
0,all,-2,33,0.0032541169509910264
0,all,-1,187,0.018439996055615818
0,all,0,3330,0.32836998323636724
0,all,1,4901,0.48328567202445516
0,all,2,1638,0.1615225322946455
0,all,3,52,0.005127699437925254
0,all,4,0,0.0
0,all,5,0,0.0
0,all,6,0,0.0
0,all,7,0,0.0
1,bos,-8,0,0.0
1,bos,-7,0,0.0
1,bos,-6,0,0.0
1,bos,-5,0,0.0
1,bos,-4,0,0.0
1,bos,-3,32,1.0
1,bos,-2,0,0.0
1,bos,-1,0,0.0
1,bos,0,0,0.0
1,bos,1,0,0.0
1,bos,2,0,0.0
1,bos,3,0,0.0
1,bos,4,0,0.0
1,bos,5,0,0.0
1,bos,6,0,0.0
1,bos,7,0,0.0
1,non_bos,-8,0,0.0
1,non_bos,-7,0,0.0
1,non_bos,-6,0,0.0
1,non_bos,-5,0,0.0
1,non_bos,-4,0,0.0
1,non_bos,-3,0,0.0
1,non_bos,-2,105,0.010386784053813434
1,non_bos,-1,1771,0.17519042437431992
1,non_bos,0,4336,0.4289247205460481
1,non_bos,1,3312,0.32762884558314376
1,non_bos,2,552,0.05460480759719062
1,non_bos,3,33,0.003264417845484222
1,non_bos,4,0,0.0
1,non_bos,5,0,0.0
1,non_bos,6,0,0.0
1,non_bos,7,0,0.0
1,all,-8,0,0.0
1,all,-7,0,0.0
1,all,-6,0,0.0
1,all,-5,0,0.0
1,all,-4,0,0.0
1,all,-3,32,0.003155507346415541
1,all,-2,105,0.010354008480425994
1,all,-1,1771,0.1746376097031851
1,all,0,4336,0.4275712454393058
1,all,1,3312,0.3265950103540085
1,all,2,552,0.05443250172566808
1,all,3,33,0.0032541169509910264
1,all,4,0,0.0
1,all,5,0,0.0
1,all,6,0,0.0
1,all,7,0,0.0
2,bos,-8,0,0.0
2,bos,-7,0,0.0
2,bos,-6,0,0.0
2,bos,-5,0,0.0
2,bos,-4,0,0.0
2,bos,-3,32,1.0
2,bos,-2,0,0.0
2,bos,-1,0,0.0
2,bos,0,0,0.0
2,bos,1,0,0.0
2,bos,2,0,0.0
2,bos,3,0,0.0
2,bos,4,0,0.0
2,bos,5,0,0.0
2,bos,6,0,0.0
2,bos,7,0,0.0
2,non_bos,-8,0,0.0
2,non_bos,-7,0,0.0
2,non_bos,-6,0,0.0
2,non_bos,-5,0,0.0
2,non_bos,-4,0,0.0
2,non_bos,-3,0,0.0
2,non_bos,-2,399,0.03946977940449105
2,non_bos,-1,3296,0.3260460975368484
2,non_bos,0,2825,0.2794539519240281
2,non_bos,1,2760,0.2730240379859531
2,non_bos,2,798,0.0789395588089821
2,non_bos,3,31,0.0030665743396972992
2,non_bos,4,0,0.0
2,non_bos,5,0,0.0
2,non_bos,6,0,0.0
2,non_bos,7,0,0.0
2,all,-8,0,0.0
2,all,-7,0,0.0
2,all,-6,0,0.0
2,all,-5,0,0.0
2,all,-4,0,0.0
2,all,-3,32,0.003155507346415541
2,all,-2,399,0.039345232225618774
2,all,-1,3296,0.3250172566808007
2,all,0,2825,0.27857213292574695
2,all,1,2760,0.2721625086283404
2,all,2,798,0.07869046445123755
2,all,3,31,0.0030568977418400554
2,all,4,0,0.0
2,all,5,0,0.0
2,all,6,0,0.0
2,all,7,0,0.0
3,bos,-8,0,0.0
3,bos,-7,0,0.0
3,bos,-6,0,0.0
3,bos,-5,0,0.0
3,bos,-4,0,0.0
3,bos,-3,0,0.0
3,bos,-2,32,1.0
3,bos,-1,0,0.0
3,bos,0,0,0.0
3,bos,1,0,0.0
3,bos,2,0,0.0
3,bos,3,0,0.0
3,bos,4,0,0.0
3,bos,5,0,0.0
3,bos,6,0,0.0
3,bos,7,0,0.0
3,non_bos,-8,0,0.0
3,non_bos,-7,0,0.0
3,non_bos,-6,0,0.0
3,non_bos,-5,0,0.0
3,non_bos,-4,0,0.0
3,non_bos,-3,0,0.0
3,non_bos,-2,74,0.0073202097141161345
3,non_bos,-1,1005,0.09941636165792858
3,non_bos,0,4162,0.4117123355425858
3,non_bos,1,2828,0.2797507171827085
3,non_bos,2,1524,0.150756751409635
3,non_bos,3,494,0.048867345929369865
3,non_bos,4,22,0.002176278563656148
3,non_bos,5,0,0.0
3,non_bos,6,0,0.0
3,non_bos,7,0,0.0
3,all,-8,0,0.0
3,all,-7,0,0.0
3,all,-6,0,0.0
3,all,-5,0,0.0
3,all,-4,0,0.0
3,all,-3,0,0.0
3,all,-2,106,0.010452618085001478
3,all,-1,1005,0.09910265259836308
3,all,0,4162,0.4104131742431713
3,all,1,2828,0.2788679617394734
3,all,2,1524,0.15028103737304013
3,all,3,494,0.04871314466028991
3,all,4,22,0.0021694113006606843
3,all,5,0,0.0
3,all,6,0,0.0
3,all,7,0,0.0
4,bos,-8,0,0.0
4,bos,-7,0,0.0
4,bos,-6,0,0.0
4,bos,-5,0,0.0
4,bos,-4,0,0.0
4,bos,-3,0,0.0
4,bos,-2,0,0.0
4,bos,-1,32,1.0
4,bos,0,0,0.0
4,bos,1,0,0.0
4,bos,2,0,0.0
4,bos,3,0,0.0
4,bos,4,0,0.0
4,bos,5,0,0.0
4,bos,6,0,0.0
4,bos,7,0,0.0
4,non_bos,-8,0,0.0
4,non_bos,-7,0,0.0
4,non_bos,-6,0,0.0
4,non_bos,-5,0,0.0
4,non_bos,-4,0,0.0
4,non_bos,-3,0,0.0
4,non_bos,-2,19,0.0018795133049757642
4,non_bos,-1,946,0.09357997823721437
4,non_bos,0,5178,0.5122168364823425
4,non_bos,1,3155,0.3120981303788703
4,non_bos,2,693,0.06855277475516866
4,non_bos,3,118,0.01167276684142843
4,non_bos,4,0,0.0
4,non_bos,5,0,0.0
4,non_bos,6,0,0.0
4,non_bos,7,0,0.0
4,all,-8,0,0.0
4,all,-7,0,0.0
4,all,-6,0,0.0
4,all,-5,0,0.0
4,all,-4,0,0.0
4,all,-3,0,0.0
4,all,-2,19,0.0018735824869342275
4,all,-1,978,0.09644019327482496
4,all,0,5178,0.5106005324918647
4,all,1,3155,0.3111133024356572
4,all,2,693,0.06833645597081156
4,all,3,118,0.011635933339907307
4,all,4,0,0.0
4,all,5,0,0.0
4,all,6,0,0.0
4,all,7,0,0.0
5,bos,-8,0,0.0
5,bos,-7,0,0.0
5,bos,-6,0,0.0
5,bos,-5,0,0.0
5,bos,-4,0,0.0
5,bos,-3,0,0.0
5,bos,-2,0,0.0
5,bos,-1,0,0.0
5,bos,0,32,1.0
5,bos,1,0,0.0
5,bos,2,0,0.0
5,bos,3,0,0.0
5,bos,4,0,0.0
5,bos,5,0,0.0
5,bos,6,0,0.0
5,bos,7,0,0.0
5,non_bos,-8,0,0.0
5,non_bos,-7,0,0.0
5,non_bos,-6,0,0.0
5,non_bos,-5,0,0.0
5,non_bos,-4,0,0.0
5,non_bos,-3,0,0.0
5,non_bos,-2,9,0.0008902957760411514
5,non_bos,-1,1243,0.12295973884657237
5,non_bos,0,5087,0.5032149569690375
5,non_bos,1,2997,0.29646849342170345
5,non_bos,2,709,0.07013552280146404
5,non_bos,3,61,0.006034226926501137
5,non_bos,4,3,0.0002967652586803838
5,non_bos,5,0,0.0
5,non_bos,6,0,0.0
5,non_bos,7,0,0.0
5,all,-8,0,0.0
5,all,-7,0,0.0
5,all,-6,0,0.0
5,all,-5,0,0.0
5,all,-4,0,0.0
5,all,-3,0,0.0
5,all,-2,9,0.0008874864411793709
5,all,-1,1243,0.12257173848732866
5,all,0,5119,0.5047825658219111
5,all,1,2997,0.2955329849127305
5,all,2,709,0.06991420964401933
5,all,3,61,0.006015185879104625
5,all,4,3,0.00029582881372645697
5,all,5,0,0.0
5,all,6,0,0.0
5,all,7,0,0.0
6,bos,-8,0,0.0
6,bos,-7,0,0.0
6,bos,-6,0,0.0
6,bos,-5,0,0.0
6,bos,-4,0,0.0
6,bos,-3,0,0.0
6,bos,-2,0,0.0
6,bos,-1,0,0.0
6,bos,0,32,1.0
6,bos,1,0,0.0
6,bos,2,0,0.0
6,bos,3,0,0.0
6,bos,4,0,0.0
6,bos,5,0,0.0
6,bos,6,0,0.0
6,bos,7,0,0.0
6,non_bos,-8,0,0.0
6,non_bos,-7,0,0.0
6,non_bos,-6,0,0.0
6,non_bos,-5,0,0.0
6,non_bos,-4,0,0.0
6,non_bos,-3,0,0.0
6,non_bos,-2,0,0.0
6,non_bos,-1,626,0.06192501731130676
6,non_bos,0,5923,0.5859135423879711
6,non_bos,1,3106,0.3072509644870907
6,non_bos,2,430,0.04253635374418835
6,non_bos,3,24,0.0023741220694430704
6,non_bos,4,0,0.0
6,non_bos,5,0,0.0
6,non_bos,6,0,0.0
6,non_bos,7,0,0.0
6,all,-8,0,0.0
6,all,-7,0,0.0
6,all,-6,0,0.0
6,all,-5,0,0.0
6,all,-4,0,0.0
6,all,-3,0,0.0
6,all,-2,0,0.0
6,all,-1,626,0.06172961246425402
6,all,0,5955,0.5872201952470171
6,all,1,3106,0.30628143181145845
6,all,2,430,0.04240212996745883
6,all,3,24,0.0023666305098116558
6,all,4,0,0.0
6,all,5,0,0.0
6,all,6,0,0.0
6,all,7,0,0.0
7,bos,-8,0,0.0
7,bos,-7,0,0.0
7,bos,-6,0,0.0
7,bos,-5,0,0.0
7,bos,-4,0,0.0
7,bos,-3,0,0.0
7,bos,-2,0,0.0
7,bos,-1,0,0.0
7,bos,0,0,0.0
7,bos,1,0,0.0
7,bos,2,0,0.0
7,bos,3,0,0.0
7,bos,4,32,1.0
7,bos,5,0,0.0
7,bos,6,0,0.0
7,bos,7,0,0.0
7,non_bos,-8,0,0.0
7,non_bos,-7,0,0.0
7,non_bos,-6,0,0.0
7,non_bos,-5,0,0.0
7,non_bos,-4,0,0.0
7,non_bos,-3,0,0.0
7,non_bos,-2,0,0.0
7,non_bos,-1,430,0.04253635374418835
7,non_bos,0,6502,0.6431892373132851
7,non_bos,1,2948,0.2916213275299238
7,non_bos,2,221,0.02186170738945494
7,non_bos,3,8,0.0007913740231476902
7,non_bos,4,0,0.0
7,non_bos,5,0,0.0
7,non_bos,6,0,0.0
7,non_bos,7,0,0.0
7,all,-8,0,0.0
7,all,-7,0,0.0
7,all,-6,0,0.0
7,all,-5,0,0.0
7,all,-4,0,0.0
7,all,-3,0,0.0
7,all,-2,0,0.0
7,all,-1,430,0.04240212996745883
7,all,0,6502,0.6411596489498077
7,all,1,2948,0.2907011142885317
7,all,2,221,0.021792722611182327
7,all,3,8,0.0007888768366038852
7,all,4,32,0.003155507346415541
7,all,5,0,0.0
7,all,6,0,0.0
7,all,7,0,0.0
8,bos,-8,0,0.0
8,bos,-7,0,0.0
8,bos,-6,0,0.0
8,bos,-5,0,0.0
8,bos,-4,0,0.0
8,bos,-3,0,0.0
8,bos,-2,0,0.0
8,bos,-1,0,0.0
8,bos,0,0,0.0
8,bos,1,0,0.0
8,bos,2,0,0.0
8,bos,3,0,0.0
8,bos,4,0,0.0
8,bos,5,32,1.0
8,bos,6,0,0.0
8,bos,7,0,0.0
8,non_bos,-8,0,0.0
8,non_bos,-7,0,0.0
8,non_bos,-6,0,0.0
8,non_bos,-5,0,0.0
8,non_bos,-4,0,0.0
8,non_bos,-3,0,0.0
8,non_bos,-2,0,0.0
8,non_bos,-1,637,0.06301315659313483
8,non_bos,0,6416,0.6346819665644475
8,non_bos,1,2851,0.2820259174992581
8,non_bos,2,201,0.019883272331585714
8,non_bos,3,4,0.0003956870115738451
8,non_bos,4,0,0.0
8,non_bos,5,0,0.0
8,non_bos,6,0,0.0
8,non_bos,7,0,0.0
8,all,-8,0,0.0
8,all,-7,0,0.0
8,all,-6,0,0.0
8,all,-5,0,0.0
8,all,-4,0,0.0
8,all,-3,0,0.0
8,all,-2,0,0.0
8,all,-1,637,0.06281431811458436
8,all,0,6416,0.632679222956316
8,all,1,2851,0.28113598264470957
8,all,2,201,0.019820530519672617
8,all,3,4,0.0003944384183019426
8,all,4,0,0.0
8,all,5,32,0.003155507346415541
8,all,6,0,0.0
8,all,7,0,0.0
9,bos,-8,0,0.0
9,bos,-7,0,0.0
9,bos,-6,0,0.0
9,bos,-5,0,0.0
9,bos,-4,0,0.0
9,bos,-3,0,0.0
9,bos,-2,0,0.0
9,bos,-1,0,0.0
9,bos,0,32,1.0
9,bos,1,0,0.0
9,bos,2,0,0.0
9,bos,3,0,0.0
9,bos,4,0,0.0
9,bos,5,0,0.0
9,bos,6,0,0.0
9,bos,7,0,0.0
9,non_bos,-8,0,0.0
9,non_bos,-7,0,0.0
9,non_bos,-6,0,0.0
9,non_bos,-5,0,0.0
9,non_bos,-4,0,0.0
9,non_bos,-3,0,0.0
9,non_bos,-2,0,0.0
9,non_bos,-1,310,0.030665743396972995
9,non_bos,0,6906,0.6831536254822436
9,non_bos,1,2740,0.2710456029280839
9,non_bos,2,142,0.0140468889108715
9,non_bos,3,11,0.001088139281828074
9,non_bos,4,0,0.0
9,non_bos,5,0,0.0
9,non_bos,6,0,0.0
9,non_bos,7,0,0.0
9,all,-8,0,0.0
9,all,-7,0,0.0
9,all,-6,0,0.0
9,all,-5,0,0.0
9,all,-4,0,0.0
9,all,-3,0,0.0
9,all,-2,0,0.0
9,all,-1,310,0.03056897741840055
9,all,0,6938,0.6841534365447195
9,all,1,2740,0.2701903165368307
9,all,2,142,0.014002563849718963
9,all,3,11,0.0010847056503303421
9,all,4,0,0.0
9,all,5,0,0.0
9,all,6,0,0.0
9,all,7,0,0.0
10,bos,-8,0,0.0
10,bos,-7,0,0.0
10,bos,-6,0,0.0
10,bos,-5,0,0.0
10,bos,-4,0,0.0
10,bos,-3,0,0.0
10,bos,-2,0,0.0
10,bos,-1,0,0.0
10,bos,0,32,1.0
10,bos,1,0,0.0
10,bos,2,0,0.0
10,bos,3,0,0.0
10,bos,4,0,0.0
10,bos,5,0,0.0
10,bos,6,0,0.0
10,bos,7,0,0.0
10,non_bos,-8,0,0.0
10,non_bos,-7,0,0.0
10,non_bos,-6,0,0.0
10,non_bos,-5,0,0.0
10,non_bos,-4,0,0.0
10,non_bos,-3,0,0.0
10,non_bos,-2,0,0.0
10,non_bos,-1,490,0.04847165891779602
10,non_bos,0,6834,0.6760312592739144
10,non_bos,1,2607,0.2578890097932535
10,non_bos,2,177,0.017509150262142645
10,non_bos,3,1,9.892175289346128e-05
10,non_bos,4,0,0.0
10,non_bos,5,0,0.0
10,non_bos,6,0,0.0
10,non_bos,7,0,0.0
10,all,-8,0,0.0
10,all,-7,0,0.0
10,all,-6,0,0.0
10,all,-5,0,0.0
10,all,-4,0,0.0
10,all,-3,0,0.0
10,all,-2,0,0.0
10,all,-1,490,0.04831870624198797
10,all,0,6866,0.6770535450152845
10,all,1,2607,0.2570752391282911
10,all,2,177,0.01745390000986096
10,all,3,1,9.860960457548565e-05
10,all,4,0,0.0
10,all,5,0,0.0
10,all,6,0,0.0
10,all,7,0,0.0
11,bos,-8,0,0.0
11,bos,-7,0,0.0
11,bos,-6,0,0.0
11,bos,-5,0,0.0
11,bos,-4,0,0.0
11,bos,-3,0,0.0
11,bos,-2,32,1.0
11,bos,-1,0,0.0
11,bos,0,0,0.0
11,bos,1,0,0.0
11,bos,2,0,0.0
11,bos,3,0,0.0
11,bos,4,0,0.0
11,bos,5,0,0.0
11,bos,6,0,0.0
11,bos,7,0,0.0
11,non_bos,-8,0,0.0
11,non_bos,-7,0,0.0
11,non_bos,-6,0,0.0
11,non_bos,-5,0,0.0
11,non_bos,-4,0,0.0
11,non_bos,-3,0,0.0
11,non_bos,-2,0,0.0
11,non_bos,-1,410,0.040557918686319125
11,non_bos,0,6638,0.656642595706796
11,non_bos,1,2943,0.29112671876545654
11,non_bos,2,117,0.011573845088534969
11,non_bos,3,1,9.892175289346128e-05
11,non_bos,4,0,0.0
11,non_bos,5,0,0.0
11,non_bos,6,0,0.0
11,non_bos,7,0,0.0
11,all,-8,0,0.0
11,all,-7,0,0.0
11,all,-6,0,0.0
11,all,-5,0,0.0
11,all,-4,0,0.0
11,all,-3,0,0.0
11,all,-2,32,0.003155507346415541
11,all,-1,410,0.04042993787594912
11,all,0,6638,0.6545705551720737
11,all,1,2943,0.29020806626565426
11,all,2,117,0.011537323735331822
11,all,3,1,9.860960457548565e-05
11,all,4,0,0.0
11,all,5,0,0.0
11,all,6,0,0.0
11,all,7,0,0.0
12,bos,-8,0,0.0
12,bos,-7,0,0.0
12,bos,-6,0,0.0
12,bos,-5,0,0.0
12,bos,-4,0,0.0
12,bos,-3,0,0.0
12,bos,-2,32,1.0
12,bos,-1,0,0.0
12,bos,0,0,0.0
12,bos,1,0,0.0
12,bos,2,0,0.0
12,bos,3,0,0.0
12,bos,4,0,0.0
12,bos,5,0,0.0
12,bos,6,0,0.0
12,bos,7,0,0.0
12,non_bos,-8,0,0.0
12,non_bos,-7,0,0.0
12,non_bos,-6,0,0.0
12,non_bos,-5,0,0.0
12,non_bos,-4,0,0.0
12,non_bos,-3,0,0.0
12,non_bos,-2,0,0.0
12,non_bos,-1,347,0.03432584825403106
12,non_bos,0,5279,0.5222079335245821
12,non_bos,1,3914,0.38717974082500745
12,non_bos,2,537,0.0531209813037887
12,non_bos,3,31,0.0030665743396972992
12,non_bos,4,1,9.892175289346128e-05
12,non_bos,5,0,0.0
12,non_bos,6,0,0.0
12,non_bos,7,0,0.0
12,all,-8,0,0.0
12,all,-7,0,0.0
12,all,-6,0,0.0
12,all,-5,0,0.0
12,all,-4,0,0.0
12,all,-3,0,0.0
12,all,-2,32,0.003155507346415541
12,all,-1,347,0.03421753278769352
12,all,0,5279,0.5205601025539888
12,all,1,3914,0.38595799230845085
12,all,2,537,0.05295335765703579
12,all,3,31,0.0030568977418400554
12,all,4,1,9.860960457548565e-05
12,all,5,0,0.0
12,all,6,0,0.0
12,all,7,0,0.0
13,bos,-8,0,0.0
13,bos,-7,0,0.0
13,bos,-6,0,0.0
13,bos,-5,0,0.0
13,bos,-4,0,0.0
13,bos,-3,0,0.0
13,bos,-2,32,1.0
13,bos,-1,0,0.0
13,bos,0,0,0.0
13,bos,1,0,0.0
13,bos,2,0,0.0
13,bos,3,0,0.0
13,bos,4,0,0.0
13,bos,5,0,0.0
13,bos,6,0,0.0
13,bos,7,0,0.0
13,non_bos,-8,0,0.0
13,non_bos,-7,0,0.0
13,non_bos,-6,0,0.0
13,non_bos,-5,0,0.0
13,non_bos,-4,0,0.0
13,non_bos,-3,0,0.0
13,non_bos,-2,0,0.0
13,non_bos,-1,611,0.060441191017904836
13,non_bos,0,5044,0.49896132159461865
13,non_bos,1,4026,0.3982589771490751
13,non_bos,2,419,0.04144821446236027
13,non_bos,3,9,0.0008902957760411514
13,non_bos,4,0,0.0
13,non_bos,5,0,0.0
13,non_bos,6,0,0.0
13,non_bos,7,0,0.0
13,all,-8,0,0.0
13,all,-7,0,0.0
13,all,-6,0,0.0
13,all,-5,0,0.0
13,all,-4,0,0.0
13,all,-3,0,0.0
13,all,-2,32,0.003155507346415541
13,all,-1,611,0.06025046839562173
13,all,0,5044,0.4973868454787496
13,all,1,4026,0.3970022680209052
13,all,2,419,0.04131742431712849
13,all,3,9,0.0008874864411793709
13,all,4,0,0.0
13,all,5,0,0.0
13,all,6,0,0.0
13,all,7,0,0.0
14,bos,-8,0,0.0
14,bos,-7,0,0.0
14,bos,-6,0,0.0
14,bos,-5,0,0.0
14,bos,-4,0,0.0
14,bos,-3,0,0.0
14,bos,-2,32,1.0
14,bos,-1,0,0.0
14,bos,0,0,0.0
14,bos,1,0,0.0
14,bos,2,0,0.0
14,bos,3,0,0.0
14,bos,4,0,0.0
14,bos,5,0,0.0
14,bos,6,0,0.0
14,bos,7,0,0.0
14,non_bos,-8,0,0.0
14,non_bos,-7,0,0.0
14,non_bos,-6,0,0.0
14,non_bos,-5,0,0.0
14,non_bos,-4,0,0.0
14,non_bos,-3,0,0.0
14,non_bos,-2,2,0.00019784350578692255
14,non_bos,-1,1231,0.12177267781185083
14,non_bos,0,3449,0.34118112572954795
14,non_bos,1,4116,0.4071619349094866
14,non_bos,2,1280,0.12661984370363044
14,non_bos,3,31,0.0030665743396972992
14,non_bos,4,0,0.0
14,non_bos,5,0,0.0
14,non_bos,6,0,0.0
14,non_bos,7,0,0.0
14,all,-8,0,0.0
14,all,-7,0,0.0
14,all,-6,0,0.0
14,all,-5,0,0.0
14,all,-4,0,0.0
14,all,-3,0,0.0
14,all,-2,34,0.0033527265555665124
14,all,-1,1231,0.12138842323242284
14,all,0,3449,0.34010452618085
14,all,1,4116,0.40587713243269896
14,all,2,1280,0.12622029385662165
14,all,3,31,0.0030568977418400554
14,all,4,0,0.0
14,all,5,0,0.0
14,all,6,0,0.0
14,all,7,0,0.0
15,bos,-8,0,0.0
15,bos,-7,0,0.0
15,bos,-6,0,0.0
15,bos,-5,0,0.0
15,bos,-4,0,0.0
15,bos,-3,0,0.0
15,bos,-2,0,0.0
15,bos,-1,32,1.0
15,bos,0,0,0.0
15,bos,1,0,0.0
15,bos,2,0,0.0
15,bos,3,0,0.0
15,bos,4,0,0.0
15,bos,5,0,0.0
15,bos,6,0,0.0
15,bos,7,0,0.0
15,non_bos,-8,0,0.0
15,non_bos,-7,0,0.0
15,non_bos,-6,0,0.0
15,non_bos,-5,0,0.0
15,non_bos,-4,0,0.0
15,non_bos,-3,0,0.0
15,non_bos,-2,0,0.0
15,non_bos,-1,677,0.06697002670887328
15,non_bos,0,5183,0.5127114452468098
15,non_bos,1,3611,0.35720644969828863
15,non_bos,2,633,0.06261746958156099
15,non_bos,3,5,0.0004946087644673064
15,non_bos,4,0,0.0
15,non_bos,5,0,0.0
15,non_bos,6,0,0.0
15,non_bos,7,0,0.0
15,all,-8,0,0.0
15,all,-7,0,0.0
15,all,-6,0,0.0
15,all,-5,0,0.0
15,all,-4,0,0.0
15,all,-3,0,0.0
15,all,-2,0,0.0
15,all,-1,709,0.06991420964401933
15,all,0,5183,0.5110935805147422
15,all,1,3611,0.3560792821220787
15,all,2,633,0.06241987969628242
15,all,3,5,0.0004930480228774283
15,all,4,0,0.0
15,all,5,0,0.0
15,all,6,0,0.0
15,all,7,0,0.0
16,bos,-8,0,0.0
16,bos,-7,0,0.0
16,bos,-6,0,0.0
16,bos,-5,0,0.0
16,bos,-4,0,0.0
16,bos,-3,0,0.0
16,bos,-2,0,0.0
16,bos,-1,0,0.0
16,bos,0,0,0.0
16,bos,1,32,1.0
16,bos,2,0,0.0
16,bos,3,0,0.0
16,bos,4,0,0.0
16,bos,5,0,0.0
16,bos,6,0,0.0
16,bos,7,0,0.0
16,non_bos,-8,0,0.0
16,non_bos,-7,0,0.0
16,non_bos,-6,0,0.0
16,non_bos,-5,0,0.0
16,non_bos,-4,0,0.0
16,non_bos,-3,0,0.0
16,non_bos,-2,0,0.0
16,non_bos,-1,312,0.030863586902759917
16,non_bos,0,5771,0.570877435948165
16,non_bos,1,2897,0.2865763181323573
16,non_bos,2,1091,0.10792363240676625
16,non_bos,3,38,0.0037590266099515285
16,non_bos,4,0,0.0
16,non_bos,5,0,0.0
16,non_bos,6,0,0.0
16,non_bos,7,0,0.0
16,all,-8,0,0.0
16,all,-7,0,0.0
16,all,-6,0,0.0
16,all,-5,0,0.0
16,all,-4,0,0.0
16,all,-3,0,0.0
16,all,-2,0,0.0
16,all,-1,312,0.030766196627551524
16,all,0,5771,0.5690760280051277
16,all,1,2929,0.2888275318015975
16,all,2,1091,0.10758307859185484
16,all,3,38,0.003747164973868455
16,all,4,0,0.0
16,all,5,0,0.0
16,all,6,0,0.0
16,all,7,0,0.0
17,bos,-8,0,0.0
17,bos,-7,0,0.0
17,bos,-6,0,0.0
17,bos,-5,0,0.0
17,bos,-4,0,0.0
17,bos,-3,0,0.0
17,bos,-2,0,0.0
17,bos,-1,0,0.0
17,bos,0,0,0.0
17,bos,1,0,0.0
17,bos,2,0,0.0
17,bos,3,0,0.0
17,bos,4,0,0.0
17,bos,5,0,0.0
17,bos,6,0,0.0
17,bos,7,32,1.0
17,non_bos,-8,0,0.0
17,non_bos,-7,0,0.0
17,non_bos,-6,0,0.0
17,non_bos,-5,0,0.0
17,non_bos,-4,0,0.0
17,non_bos,-3,0,0.0
17,non_bos,-2,0,0.0
17,non_bos,-1,1557,0.1540211692551192
17,non_bos,0,5217,0.5160747848451874
17,non_bos,1,2464,0.24374319912948858
17,non_bos,2,658,0.06509051340389752
17,non_bos,3,213,0.021070333366307252
17,non_bos,4,0,0.0
17,non_bos,5,0,0.0
17,non_bos,6,0,0.0
17,non_bos,7,0,0.0
17,all,-8,0,0.0
17,all,-7,0,0.0
17,all,-6,0,0.0
17,all,-5,0,0.0
17,all,-4,0,0.0
17,all,-3,0,0.0
17,all,-2,0,0.0
17,all,-1,1557,0.15353515432403117
17,all,0,5217,0.5144463070703087
17,all,1,2464,0.24297406567399665
17,all,2,658,0.06488511981066956
17,all,3,213,0.021003845774578443
17,all,4,0,0.0
17,all,5,0,0.0
17,all,6,0,0.0
17,all,7,32,0.003155507346415541
all,bos,-8,0,0.0
all,bos,-7,0,0.0
all,bos,-6,0,0.0
all,bos,-5,0,0.0
all,bos,-4,0,0.0
all,bos,-3,64,0.1111111111111111
all,bos,-2,192,0.3333333333333333
all,bos,-1,64,0.1111111111111111
all,bos,0,128,0.2222222222222222
all,bos,1,32,0.05555555555555555
all,bos,2,0,0.0
all,bos,3,0,0.0
all,bos,4,32,0.05555555555555555
all,bos,5,32,0.05555555555555555
all,bos,6,0,0.0
all,bos,7,32,0.05555555555555555
all,non_bos,-8,0,0.0
all,non_bos,-7,0,0.0
all,non_bos,-6,0,0.0
all,non_bos,-5,0,0.0
all,non_bos,-4,0,0.0
all,non_bos,-3,0,0.0
all,non_bos,-2,609,0.0033468526395621064
all,non_bos,-1,16086,0.08840307316912323
all,non_bos,0,94080,0.517031028456491
all,non_bos,1,58176,0.3197151053516668
all,non_bos,2,11820,0.0649586177333729
all,non_bos,3,1165,0.006402435673382355
all,non_bos,4,26,0.00014288697640166628
all,non_bos,5,0,0.0
all,non_bos,6,0,0.0
all,non_bos,7,0,0.0
all,all,-8,0,0.0
all,all,-7,0,0.0
all,all,-6,0,0.0
all,all,-5,0,0.0
all,all,-4,0,0.0
all,all,-3,64,0.00035061192737950454
all,all,-2,801,0.004388127403609112
all,all,-1,16150,0.08847472854967185
all,all,0,94208,0.5161007571026307
all,all,1,58208,0.3188815479516594
all,all,2,11820,0.06475364033790225
all,all,3,1165,0.006382232740580043
all,all,4,58,0.000317742059187676
all,all,5,32,0.00017530596368975227
all,all,6,0,0.0
all,all,7,32,0.00017530596368975227
