layer,mode,nmse,mae,mse,cosine,flattened_cosine,fp_energy,quant_energy,bos_nmse,non_bos_nmse
0,down_only,0.0313693703895098,0.17993172932699003,0.08474098041737774,0.9849891156924274,0.9861779334385667,2.7013924527384168,2.9712445731049963,1.8307723467169456e-06,0.041992233870833985
1,down_only,0.02972764703981393,0.1257333105277386,0.041688167337471396,0.9782279651505017,0.985394594893195,1.4023365953463747,1.437375511100496,1.8369691951015608e-06,0.05772840255221666
2,down_only,0.02791040133793513,0.10666773424661564,0.028394665192328934,0.9688359107902207,0.985987693296077,1.0173506589364447,1.0073046267373365,1.9479533721942324e-06,0.0840761762272945
3,down_only,0.02867735254051278,0.09825683000631792,0.02593499572426428,0.960534119561541,0.9855635834063067,0.9043720367012839,0.8720505123767615,2.0087305279911355e-06,0.11395223223976786
4,down_only,0.025852790394248665,0.09041578877703516,0.02237718067886882,0.9575654525322326,0.9869938421402825,0.8655615249890763,0.8378975044843888,2.0857278257303578e-06,0.11811850743629713
5,down_only,0.025096852626356202,0.08726817814535544,0.021022195506458265,0.9522496030633625,0.9873758944829882,0.8376427044234697,0.8119525071931227,2.324137039605501e-06,0.13061599969680637
6,down_only,0.024149189095510403,0.08649207571569707,0.020158526963934675,0.9503006712042892,0.9878519689621069,0.8347496424914062,0.8132107994056025,2.4901605310260496e-06,0.1274677668726253
7,down_only,0.02351916387388168,0.08785067015143001,0.020222608820809725,0.9492433666541163,0.9881725125061441,0.8598353635890593,0.843051553665832,1.585412147855685e-05,0.12259212144692753
8,down_only,0.023108973690908193,0.09003096574765154,0.020698239855815235,0.9482991656230768,0.98838151519055,0.8956797533573972,0.8796762116646176,4.5678403298482804e-05,0.12117400523772463
9,down_only,0.02310828713332913,0.09318170690566127,0.021308247895117795,0.9524187154670705,0.9883839066434359,0.9221041686116521,0.9068711146999549,4.513769274121032e-05,0.108355585755814
10,down_only,0.02451616634296896,0.09979581730261265,0.023257393521051495,0.9528090677401122,0.9876772298144026,0.9486553972465409,0.9343248664121121,4.4811080871127186e-05,0.10518097919816909
11,down_only,0.025464751868781124,0.10574053566896412,0.02471383676622542,0.9533279552838053,0.9871910574275674,0.9705115876869665,0.9521555716583946,4.483559390320072e-05,0.10216600791408086
12,down_only,0.027828109262960022,0.11453006174051089,0.02754788509142889,0.9506572449164521,0.9859890540086211,0.9899301756765733,0.9654885724853047,4.468229650867748e-05,0.10560376679243344
13,down_only,0.033156774682290946,0.13576731103834447,0.03678937341633193,0.9536462212957076,0.9832843044931189,1.1095582658098875,1.0775591877843016,4.460903036759077e-05,0.09748143258745393
14,down_only,0.04930448400916148,0.18330853365435062,0.0619857616025817,0.9417380808718876,0.9750495836385601,1.2572033324811565,1.1827403694417504,4.4448335809137013e-05,0.1181933798364815
15,down_only,0.06638903202200698,0.22909072236653033,0.09613665058838991,0.9333217676708538,0.9662384622929783,1.4480803177928854,1.3452222043967206,4.5922251859352504e-05,0.13282679869080583
16,down_only,0.09040134504813621,0.29862742934685815,0.16701435769943843,0.9280043086147586,0.95384912008584,1.847476468524975,1.734701235749914,6.211652365652004e-05,0.14492372213615268
17,down_only,0.14538274592670136,0.3832383508906261,0.3861449500213043,0.9266840680417725,0.9263738612766085,2.656057619216999,2.5820328764969127,0.13186505972491994,0.15175713853159464
0,all_linear,0.03724676576226879,0.2151028294339652,0.10061813191910857,0.9815857731681604,0.9835066630611267,2.7013924527384168,2.9829825105606687,1.607109592128681e-05,0.049855232718315115
1,all_linear,0.03652767924798132,0.15288492151740216,0.05122410135251856,0.9721720336782399,0.9821463691443869,1.4023365953463747,1.4472796022688181,2.1711329601107657e-05,0.07091512503996412
2,all_linear,0.032548244962287746,0.12189101713808717,0.03311297845960826,0.9622244663014757,0.9836786884379551,1.0173506589364447,1.0108375270860563,2.282398346261636e-05,0.0980056691952196
3,all_linear,0.03129413964710243,0.10666005868169953,0.028301544809464424,0.9552140557043335,0.9842297812818666,0.9043720367012839,0.8733157776793792,2.3940468352776305e-05,0.12428561311676393
4,all_linear,0.027796644093739116,0.0966807862546755,0.024059705651355432,0.953020321162003,0.9860052898736881,0.8655615249890763,0.8385136188656146,2.442159229763054e-05,0.12692059665179464
5,all_linear,0.02675203797495952,0.09240576364231766,0.02240864943818445,0.947807335611831,0.9865353664065195,0.8376427044234697,0.8119077840244093,2.5167251077874107e-05,0.1391349665423087
6,all_linear,0.025734732346946305,0.09127441794563208,0.021482058626225452,0.9460449231453427,0.9870487676710508,0.8347496424914062,0.8133432442830167,2.6227959162193512e-05,0.13573594275152037
7,all_linear,0.025117658224736175,0.09268436912435607,0.021597050792171755,0.9450464606132233,0.9873635832417512,0.8598353635890593,0.8418494280970452,4.1390254699723364e-05,0.13082107016363265
8,all_linear,0.02474835842783724,0.0949274860849828,0.022166603572645723,0.9440013318806729,0.9875495817332948,0.8956797533573972,0.8763342201437208,7.980193411178246e-05,0.129638953661695
9,all_linear,0.02485937651162403,0.09850567017297066,0.02292293471045511,0.9483236032894047,0.9874946149426911,0.9221041686116521,0.9032589989887891,7.988236331486466e-05,0.11645072412078991
10,all_linear,0.0264452963608941,0.10561346208083344,0.02508747312454649,0.9486702413330774,0.9866957679087215,0.9486553972465409,0.9305573544373562,7.97512191751447e-05,0.11335391837645187
11,all_linear,0.027618613462483045,0.11199870702935326,0.026804184401187047,0.9489282253384455,0.9860970108585206,0.9705115876869665,0.9483792218573279,8.050172266223288e-05,0.11071124589760753
12,all_linear,0.030207632499315334,0.12110856668198411,0.02990344694682059,0.9459617616161176,0.9847805744402635,0.9899301756765733,0.9612794681059323,8.08114225061821e-05,0.11454328055853348
13,all_linear,0.036011992679007385,0.14311194336707292,0.0399574041452778,0.9492838767038844,0.9818310366014082,1.1095582658098875,1.0740631544585042,8.243028278600424e-05,0.10580980760039116
14,all_linear,0.053226783982240074,0.19209353144397345,0.06691689019972687,0.936613741707004,0.9730344207641034,1.2572033324811565,1.1786695228433508,8.558691952821929e-05,0.12754338441809007
15,all_linear,0.07236852633946429,0.24106645333083757,0.10479543861985424,0.9267903535599256,0.9631363356472592,1.4480803177928854,1.3422896891195966,9.217894315013065e-05,0.1447479960481644
16,all_linear,0.09892843094836304,0.3148809066323508,0.1827679482451986,0.9209227351183513,0.949457827232114,1.847476468524975,1.7362221660119743,0.00011962706978697467,0.15856244545872342
17,all_linear,0.17546854961896396,0.4077705024292809,0.4660545781484053,0.9194635076565992,0.9089851160902563,2.656057619216999,2.399555422936206,0.19444426778451218,0.16652037048967827
