scope,mode,layer,nmse,mae,mse,cosine,flattened_cosine,fp_energy,quant_energy
all_sampled,FP,0,0.0,0.0,0.0,1.0,1.0,1.8523781002002258,1.8523781002002258
all_sampled,FP,1,0.0,0.0,0.0,1.0,1.0,0.6696300668056214,0.6696300668056214
all_sampled,FP,2,0.0,0.0,0.0,1.0,1.0,0.3037398858429729,0.3037398858429729
all_sampled,FP,3,0.0,0.0,0.0,1.0,1.0,0.20427953922861886,0.20427953922861886
all_sampled,FP,4,0.0,0.0,0.0,1.0,1.0,0.17463096662306432,0.17463096662306432
all_sampled,FP,5,0.0,0.0,0.0,1.0,1.0,0.14546835062868987,0.14546835062868987
all_sampled,FP,6,0.0,0.0,0.0,1.0,1.0,0.14231976228129556,0.14231976228129556
all_sampled,FP,7,0.0,0.0,0.0,1.0,1.0,0.1496512753998395,0.1496512753998395
all_sampled,FP,8,0.0,0.0,0.0,1.0,1.0,0.159393610636437,0.159393610636437
all_sampled,FP,9,0.0,0.0,0.0,1.0,1.0,0.1688567353993578,0.1688567353993578
all_sampled,FP,10,0.0,0.0,0.0,1.0,1.0,0.19046673730043298,0.19046673730043298
all_sampled,FP,11,0.0,0.0,0.0,1.0,1.0,0.21189392091817702,0.21189392091817702
all_sampled,FP,12,0.0,0.0,0.0,1.0,1.0,0.250288195913339,0.250288195913339
all_sampled,FP,13,0.0,0.0,0.0,1.0,1.0,0.3523834183909534,0.3523834183909534
all_sampled,FP,14,0.0,0.0,0.0,1.0,1.0,0.5165601005515199,0.5165601005515199
all_sampled,FP,15,0.0,0.0,0.0,1.0,1.0,0.7316030239567245,0.7316030239567245
all_sampled,FP,16,0.0,0.0,0.0,1.0,1.0,1.169178084684722,1.169178084684722
all_sampled,FP,17,0.0,0.0,0.0,1.0,1.0,1.7572331073641727,1.7572331073641727
all_sampled,previous,0,0.009110478213268127,0.09353973913523791,0.016876050324609163,0.9958968498372526,0.9958289777135433,1.8523781002002258,1.9418344237564764
all_sampled,previous,1,0.009234429124595886,0.057863519577594925,0.006183651391614919,0.9959096217009817,0.995652589533821,0.6696300668056214,0.6957072423859189
all_sampled,previous,2,0.013211536525742161,0.04477884940954492,0.004012870596139191,0.9946427527790567,0.9936268931615819,0.3037398858429729,0.31361138083408674
all_sampled,previous,3,0.014459001113985875,0.03630446331466081,0.0029536780852711213,0.9944901664101209,0.9928405302057082,0.20427953922861886,0.20701468734853729
all_sampled,previous,4,0.013329539042093866,0.03216292969691692,0.0023277502875607265,0.9948266912379472,0.9933622977522035,0.17463096662306432,0.17577546990410312
all_sampled,previous,5,0.013835082038855667,0.029537997967426118,0.002012566565004946,0.994670116185645,0.993103458855956,0.14546835062868987,0.14621619640054595
all_sampled,previous,6,0.012750604772577475,0.02845756279705467,0.0018146630401759789,0.9948679013232549,0.9936132299718119,0.14231976228129556,0.14170526763250307
all_sampled,previous,7,0.01183677107640394,0.02877196280945918,0.0017713878881997808,0.9950160610525184,0.9940730082188086,0.1496512753998395,0.14914463430577715
all_sampled,previous,8,0.0112215301401139,0.029383923663641884,0.0017886402058983574,0.9951064887972447,0.994375511648623,0.159393610636437,0.15825504542973431
all_sampled,previous,9,0.01043779373873258,0.02927256301239584,0.0017624917754942408,0.9954111757523529,0.9947703082196062,0.1688567353993578,0.16790245219037653
all_sampled,previous,10,0.010322516797730876,0.03163272267167559,0.001966096095192713,0.9953448995996567,0.9948259696316653,0.19046673730043298,0.18892082572524435
all_sampled,previous,11,0.010242219791345255,0.034077924815509274,0.002170264110493899,0.9952614695458077,0.9948657828616597,0.21189392091817702,0.2098846508441162
all_sampled,previous,12,0.011092795172071755,0.03947406432225666,0.0027763956912540363,0.9947907425201762,0.9944403283814879,0.250288195913339,0.24647433614945286
all_sampled,previous,13,0.011201299181336078,0.04782664352311853,0.003947152095938994,0.9946826619451613,0.9943960435506617,0.3523834183909534,0.3449643563568946
all_sampled,previous,14,0.013516976776388993,0.06423444650382233,0.006982330882764058,0.993470292341626,0.9932309073673775,0.5165601005515199,0.5045125187390888
all_sampled,previous,15,0.014963930327732116,0.08063557147845361,0.010947656678046555,0.9926435420177868,0.9925042558053961,0.7316030239567245,0.7129270189207991
all_sampled,previous,16,0.015198239572518639,0.10223437804823604,0.01776944863397689,0.9924527766074348,0.9923895717348883,1.169178084684722,1.1377035284580597
all_sampled,previous,17,0.016278003823679485,0.12968743174307373,0.028604247240770188,0.9918436540238448,0.991828144179594,1.7572331073641727,1.7250245657111651
all_sampled,final,0,0.009110478213268127,0.09353973913523791,0.016876050324609163,0.9958968498372526,0.9958289777135433,1.8523781002002258,1.9418344237564764
all_sampled,final,1,0.009271141180168054,0.05803693079313879,0.006208234887840282,0.9958878180427416,0.9956343987279904,0.6696300668056214,0.6956965284981664
all_sampled,final,2,0.013230187745561292,0.04480805868371209,0.0040185357155178856,0.9946460473249826,0.9936358111443228,0.3037398858429729,0.31410751567135675
all_sampled,final,3,0.014399368142071892,0.0362343470036658,0.0029414962892456995,0.9945212362345196,0.9928849234222424,0.20427953922861886,0.20744245611265735
all_sampled,final,4,0.013316882967145114,0.03215379099707583,0.002325540144958772,0.9948335285115986,0.9933772718949777,0.17463096662306432,0.17607094841159154
all_sampled,final,5,0.01382684574711287,0.02950665307011797,0.0020113684452298243,0.9946750099488907,0.9931090126618907,0.14546835062868987,0.1462605576491868
all_sampled,final,6,0.012757369937821852,0.028406599023059947,0.0018156258568853524,0.9948570462977533,0.9936087460725049,0.14231976228129556,0.14162959781526874
all_sampled,final,7,0.011768558108576545,0.028633330364420305,0.0017611797305656029,0.9950394957637282,0.994105704247546,0.1496512753998395,0.1490356393721605
all_sampled,final,8,0.011024579071743427,0.028991763098348382,0.0017572474639920837,0.9951861126442785,0.9944738777845433,0.159393610636437,0.15817460384627108
all_sampled,final,9,0.010253056658683792,0.028928583249597035,0.0017312976752499926,0.9954822677494383,0.9948607274212026,0.1688567353993578,0.16744864233355108
all_sampled,final,10,0.010167844050638253,0.03138343775053808,0.0019366360817046865,0.9954070580809481,0.9949031268414266,0.19046673730043298,0.18842575276517812
all_sampled,final,11,0.010088651773454155,0.033795832758401076,0.002137723981055321,0.9953255296899205,0.9949431832166729,0.21189392091817702,0.20943268431089176
all_sampled,final,12,0.010973787775483424,0.039220565907328024,0.0027466095446616,0.9948477724646,0.9945015217307575,0.250288195913339,0.2462219499696695
all_sampled,final,13,0.011128653317323663,0.04768582148207333,0.003921552898046335,0.9947310188031088,0.9944392528117604,0.3523834183909534,0.34416379399428726
all_sampled,final,14,0.0135079480042422,0.06419592845747481,0.006977666979316055,0.9935019272124632,0.9932425302991722,0.5165601005515199,0.5032411552822745
all_sampled,final,15,0.014979970217306812,0.08068037510977599,0.010959391509763335,0.9926641706345766,0.9925051113359924,0.7316030239567245,0.7108227757586323
all_sampled,final,16,0.015284160306805638,0.10231348693941304,0.017869905273525267,0.9924471689983668,0.9923531838453078,1.169178084684722,1.1351791392631114
all_sampled,final,17,0.01472492363208739,0.12208907330574005,0.025875123309713064,0.9926849759827214,0.9926156146690532,1.7572331073641727,1.7199938383559235
response_128_plus,FP,0,0.0,0.0,0.0,1.0,1.0,1.7884732666558352,1.7884732666558352
response_128_plus,FP,1,0.0,0.0,0.0,1.0,1.0,0.666134126903944,0.666134126903944
response_128_plus,FP,2,0.0,0.0,0.0,1.0,1.0,0.3042289073781359,0.3042289073781359
response_128_plus,FP,3,0.0,0.0,0.0,1.0,1.0,0.20096538020502566,0.20096538020502566
response_128_plus,FP,4,0.0,0.0,0.0,1.0,1.0,0.16956494725595558,0.16956494725595558
response_128_plus,FP,5,0.0,0.0,0.0,1.0,1.0,0.1359675065316051,0.1359675065316051
response_128_plus,FP,6,0.0,0.0,0.0,1.0,1.0,0.13370198954351792,0.13370198954351792
response_128_plus,FP,7,0.0,0.0,0.0,1.0,1.0,0.13921745284736808,0.13921745284736808
response_128_plus,FP,8,0.0,0.0,0.0,1.0,1.0,0.14987015777103124,0.14987015777103124
response_128_plus,FP,9,0.0,0.0,0.0,1.0,1.0,0.1656462842790096,0.1656462842790096
response_128_plus,FP,10,0.0,0.0,0.0,1.0,1.0,0.18114453690367954,0.18114453690367954
response_128_plus,FP,11,0.0,0.0,0.0,1.0,1.0,0.20871587203454448,0.20871587203454448
response_128_plus,FP,12,0.0,0.0,0.0,1.0,1.0,0.22805517182307286,0.22805517182307286
response_128_plus,FP,13,0.0,0.0,0.0,1.0,1.0,0.312424145507857,0.312424145507857
response_128_plus,FP,14,0.0,0.0,0.0,1.0,1.0,0.47311667874319646,0.47311667874319646
response_128_plus,FP,15,0.0,0.0,0.0,1.0,1.0,0.6847499673308113,0.6847499673308113
response_128_plus,FP,16,0.0,0.0,0.0,1.0,1.0,1.1284605543991493,1.1284605543991493
response_128_plus,FP,17,0.0,0.0,0.0,1.0,1.0,1.815804316758329,1.815804316758329
response_128_plus,previous,0,0.009233732469465877,0.09124848350653078,0.016514283673091688,0.9958862616547665,0.9957691974692772,1.7884732666558352,1.874898249124621
response_128_plus,previous,1,0.009067697874674586,0.057540709531703475,0.006040303006775104,0.9959693098525718,0.9957004461463997,0.666134126903944,0.690019222588968
response_128_plus,previous,2,0.012884978067996693,0.04560119935985897,0.003919982799217878,0.9945266646873877,0.9937385351431322,0.3042289073781359,0.3126649757963719
response_128_plus,previous,3,0.012412661468464049,0.03551822617623657,0.00249451523136615,0.994587573972976,0.9937973137041729,0.20096538020502566,0.20119136483420805
response_128_plus,previous,4,0.011633015008946038,0.030757442981488175,0.001972551576419675,0.9950200096037498,0.9941785913502795,0.16956494725595558,0.16925525703663769
response_128_plus,previous,5,0.012041691692488381,0.027990532618454318,0.0016372787938499888,0.9947256113678054,0.9939692728164751,0.1359675065316051,0.1354362415403694
response_128_plus,previous,6,0.011388561352966052,0.02679909432316257,0.0015226733109299797,0.9949935643475889,0.9942990696277467,0.13370198954351792,0.13101938811637934
response_128_plus,previous,7,0.011173350722837642,0.027391465649957678,0.0015555254274037555,0.9950231518427047,0.9944068245878602,0.13921745284736808,0.13648311126672916
response_128_plus,previous,8,0.010901329453550076,0.02840883843968608,0.0016337839651175395,0.9951077408099068,0.9945527195967264,0.14987015777103124,0.1464477168024503
response_128_plus,previous,9,0.009962569377318686,0.028500371069477688,0.0016502625992246866,0.9954649100143976,0.9950307911587584,0.1656462842790096,0.16170833831230902
response_128_plus,previous,10,0.01025683678691906,0.030622221198297796,0.0018579699498630776,0.9953282093215859,0.9948725185670542,0.18114453690367954,0.17738393609460132
response_128_plus,previous,11,0.010614714490878438,0.03462975373595002,0.002215459391361409,0.9949955446158969,0.9946848141109238,0.20871587203454448,0.20503216574793984
response_128_plus,previous,12,0.01199282219632813,0.03932108397676919,0.0027350251266271735,0.9943446459776633,0.993989602985166,0.22805517182307286,0.2240293371649623
response_128_plus,previous,13,0.01155597199451358,0.045894396217672044,0.0036103646758986322,0.9944836772268965,0.994230719830345,0.312424145507857,0.3044221248697219
response_128_plus,previous,14,0.014464913492400604,0.0636390118571707,0.006843591829832225,0.9929111947129358,0.9927421964162743,0.47311667874319646,0.4649524775402071
response_128_plus,previous,15,0.016538884805228766,0.08178335112706593,0.01132500083006845,0.9918984639423071,0.9916992751040272,0.6847499673308113,0.6700147523264314
response_128_plus,previous,16,0.017164264659848077,0.1062336572368687,0.019369195613905887,0.9916228740644939,0.9913947936357482,1.1284605543991493,1.09733543595454
response_128_plus,previous,17,0.018403158527973366,0.13922843387103967,0.03341653469708189,0.9909329215941749,0.9907560332439052,1.815804316758329,1.7794320953947869
response_128_plus,final,0,0.009233732469465877,0.09124848350653078,0.016514283673091688,0.9958862616547665,0.9957691974692772,1.7884732666558352,1.874898249124621
response_128_plus,final,1,0.009113390654486823,0.05773139095863046,0.006070740526761144,0.9959453479277396,0.9956797506292866,0.666134126903944,0.6901284771230236
response_128_plus,final,2,0.012883788208195572,0.04556576876707043,0.003919620809470651,0.9945295191707384,0.9937501837024697,0.3042289073781359,0.3130058864097136
response_128_plus,final,3,0.012515828425332819,0.03574157896165226,0.0025152482180778772,0.9945475193896182,0.9937577911735933,0.20096538020502566,0.20182918275122003
response_128_plus,final,4,0.01176127466476464,0.030954144230902005,0.001994299918193623,0.9949632688057665,0.9941169577851432,0.16956494725595558,0.16942116427384882
response_128_plus,final,5,0.012238776880284682,0.028208130773659183,0.0016640759754089649,0.9946190066228207,0.9938664850159481,0.1359675065316051,0.13513314158649772
response_128_plus,final,6,0.011514098132707795,0.027072261166832083,0.001539457828142337,0.9949202253607785,0.9942398329940961,0.13370198954351792,0.13078971078214766
response_128_plus,final,7,0.011199021895206832,0.027569364834765304,0.0015590993026325997,0.9949944774845039,0.9943969761489979,0.13921745284736808,0.1362983728759876
response_128_plus,final,8,0.01074113018994625,0.028240429099201134,0.0016097748762064312,0.9951584869965464,0.994635546649892,0.14987015777103124,0.14636367410552692
response_128_plus,final,9,0.009870462451649116,0.0285651205497613,0.0016350054292311594,0.9954966327713809,0.9950782701862826,0.1656462842790096,0.161668775633873
response_128_plus,final,10,0.010219710127061028,0.03087337022673507,0.0018512446582563142,0.9953240433993543,0.9948967369418243,0.18114453690367954,0.1770500053375068
response_128_plus,final,11,0.010565228315117496,0.03463546621402104,0.002205130841033809,0.9950121168359453,0.9947113172229999,0.20871587203454448,0.20486514840673223
response_128_plus,final,12,0.011844424430322756,0.039176122192072525,0.0027011822486026583,0.9943979738827636,0.994067556709188,0.22805517182307286,0.22362045452201507
response_128_plus,final,13,0.01149901331678699,0.04612181615782772,0.0035925694096806443,0.9944817400817332,0.9942788978331387,0.312424145507857,0.303008689120812
response_128_plus,final,14,0.014535385055522656,0.06406864131073624,0.006876933101722371,0.992884608313703,0.9927208844235483,0.47311667874319646,0.46111131478751205
response_128_plus,final,15,0.016613380346901102,0.08249791579159396,0.011376011649794873,0.9917961655418397,0.9916750162907488,0.6847499673308113,0.6656504518193885
response_128_plus,final,16,0.017186106881629606,0.10697004169773143,0.01939384369960678,0.9915896349010189,0.991392897692468,1.1284605543991493,1.0939976216164302
response_128_plus,final,17,0.016877926973055807,0.13261456344012654,0.030647012655606574,0.9917095821028254,0.9915297601599958,1.815804316758329,1.7742733715862504
