layer,sx_base,previous_s10,final_s10,changed_s10,boundary_i,static_shift_min,static_shift_max,observed_effective_shift_min,observed_effective_shift_max,observed_k_min,observed_k_max
0,0.27601292998754307,0.05587364292277092,0.05587364292277092,False,8,17,26,14,26,0,3
1,0.10382454303004575,0.015597196087885403,0.02405416465274725,True,8,16,26,13,28,-2,3
2,0.06280070737217022,0.009485999398950673,0.009485999398950673,False,3,18,25,15,27,-2,3
3,0.042651044977868584,0.008266318226204395,0.011690339346390162,True,8,20,26,16,27,-1,4
4,0.038223395864209544,0.006105389029873048,0.006105389029873048,False,3,18,25,15,27,-2,3
5,0.02827253072388529,0.004182325832027247,0.004182325832027247,False,-6,14,25,12,26,-1,2
6,0.02733908898875332,0.0037679748362536222,0.0037679748362536222,False,-3,17,25,15,26,-1,2
7,0.03349633455882586,0.00876180009154544,0.00438090004577272,True,-8,19,25,17,26,-1,2
8,0.020624144760792735,0.013832422840943694,0.006916211420471847,True,-8,18,26,15,27,-1,3
9,0.0315673476227179,0.002970516748132714,0.002970516748132714,False,-3,14,25,12,26,-1,2
10,0.03457919291093757,0.002565332683342034,0.002565332683342034,False,-8,17,24,15,25,-1,2
11,0.03465209908748336,0.007084301397567827,0.007084301397567827,False,4,17,26,15,27,-1,2
12,0.04774677847314069,0.007888346198730557,0.007888346198730557,False,4,17,25,15,26,-1,2
13,0.05373425199724336,0.00924775857367402,0.00924775857367402,False,1,18,25,15,26,-1,3
14,0.13430402061353605,0.006447202790898175,0.006447202790898175,False,-2,14,24,12,25,-1,2
15,0.12424406176432232,0.013736828215985496,0.013736828215985496,False,-1,18,25,16,26,-1,2
16,0.11704762929063195,0.029950542701875964,0.029950542701875964,False,-2,18,26,15,26,0,3
17,0.10194593584553704,0.20900178747943293,0.10450089373971647,True,-8,20,28,17,29,-1,3
