layer,boundary_i,i,s10,balanced_nmse,worst_nmse,prefill_nmse,decode_nmse,clip_rate,static_shift_min,static_shift_max,observed_effective_shift_min,observed_effective_shift_max,incumbent,best_outward,selected,accepted
0,8,8,0.05587364292277092,0.009413844253400114,0.011246615023846593,0.011246615023846593,0.007581073482953635,3.814697265625e-06,17,26,14,26,True,False,True,False
0,8,9,0.06093063965945914,0.009420831818767274,0.011247899164148286,0.011247899164148286,0.007593764473386264,0.0,17,26,14,26,False,True,False,False
0,8,10,0.06644533370488061,0.009442678645354412,0.011265322674003465,0.011265322674003465,0.007620034616705356,0.0,18,26,15,26,False,False,False,False
0,8,11,0.07245915020469577,0.009480618024351233,0.011302790444534905,0.011302790444534905,0.007658445604167561,0.0,18,26,15,26,False,False,False,False
0,8,12,0.07901726360057415,0.009500042179730477,0.011324759739796573,0.011324759739796573,0.0076753246196643796,0.0,20,26,17,26,False,False,False,False
0,8,13,0.08616893697047509,0.009545238532075739,0.011384845339233318,0.011384845339233318,0.007705631724918158,0.0,17,26,14,26,False,False,False,False
0,8,14,0.09396789208184829,0.009586213034838607,0.011422640832120223,0.011422640832120223,0.0077497852375569935,0.0,18,26,15,26,False,False,False,False
0,8,15,0.10247271293751,0.00964490609566229,0.011469545907862772,0.011469545907862772,0.007820266283461809,0.0,20,26,17,26,False,False,False,False
0,8,16,0.11174728584554185,0.00970074285238174,0.011535145671339876,0.011535145671339876,0.007866340033423604,0.0,18,27,15,27,False,False,False,False
1,8,8,0.015597196087885403,0.004902673766345996,0.005117891008235596,0.005117891008235596,0.004687456524456396,1.9073486328125e-05,11,25,8,27,True,False,False,True
1,8,9,0.01700886294173534,0.0047563753418261405,0.0048212761336274565,0.0048212761336274565,0.0046914745500248245,1.1444091796875e-05,14,25,11,27,False,False,False,True
1,8,10,0.018548296561805927,0.004643800352633746,0.004703192951206692,0.0045844077540608,0.004703192951206692,1.1444091796875e-05,18,25,15,27,False,False,False,True
1,8,11,0.020227060828417777,0.004562830202926096,0.004715043555905726,0.004410616849946467,0.004715043555905726,7.62939453125e-06,17,25,14,27,False,False,False,True
1,8,12,0.02205776624248012,0.004521285799668065,0.004728594124077026,0.004313977475259105,0.004728594124077026,7.62939453125e-06,16,26,13,28,False,False,False,True
1,8,13,0.02405416465274725,0.004506376904601752,0.0047463922006660345,0.004266361608537471,0.0047463922006660345,3.814697265625e-06,16,26,13,28,False,True,True,True
1,8,14,0.02623125255662419,0.0045236786960331345,0.0047688729462,0.004278484445866269,0.0047688729462,0.0,18,26,15,28,False,False,False,True
1,8,15,0.028605383750493988,0.004547745356956097,0.004791693354602072,0.004303797359310123,0.004791693354602072,0.0,17,26,14,28,False,False,False,True
1,8,16,0.031194392175770806,0.004575076592503498,0.004817974738774829,0.0043321784462321666,0.004817974738774829,0.0,12,26,9,28,False,False,False,True
3,8,8,0.008266318226204395,0.02052361561700471,0.02731610728544325,0.01373112394856617,0.02731610728544325,1.52587890625e-05,19,25,15,26,True,False,False,True
3,8,9,0.00901448394634765,0.02032383856317652,0.027316240862181238,0.0133314362641718,0.027316240862181238,1.1444091796875e-05,18,26,14,27,False,False,False,True
3,8,10,0.00983036444947894,0.02020418069147864,0.027366281995050836,0.013042079387906446,0.027366281995050836,7.62939453125e-06,17,26,13,27,False,False,False,True
3,8,11,0.010720088447074432,0.020091018380363704,0.027377285724395482,0.012804751036331927,0.027377285724395482,7.62939453125e-06,18,26,14,27,False,False,False,True
3,8,12,0.011690339346390162,0.02005343122947004,0.02738944530285911,0.01271741715608097,0.02738944530285911,3.814697265625e-06,20,26,16,27,False,True,True,True
3,8,13,0.012748405454719385,0.020076845578599,0.027411462189575783,0.012742228967622221,0.027411462189575783,0.0,18,26,14,27,False,False,False,True
3,8,14,0.01390223472752344,0.02011840402338867,0.027460153637211094,0.012776654409566246,0.027460153637211094,0.0,20,26,16,27,False,False,False,True
3,8,15,0.015160494471691793,0.020158757553700987,0.02749735423986004,0.012820160867541935,0.02749735423986004,0.0,18,26,14,27,False,False,False,True
3,8,16,0.01653263645240879,0.020210138546479798,0.027547935680177486,0.012872341412782111,0.027547935680177486,0.0,20,26,16,27,False,False,False,True
7,-8,-8,0.00876180009154544,0.007582781738476781,0.007897884561697125,0.007897884561697125,0.007267678915256436,0.0,20,26,18,27,True,False,False,True
7,-8,-9,0.008034606109698226,0.007493939672950934,0.0078034766278753005,0.0078034766278753005,0.007184402718026568,0.0,18,26,16,27,False,False,False,True
7,-8,-10,0.007367766288150228,0.007432186264364439,0.0077531816736143835,0.0077531816736143835,0.007111190855114495,0.0,16,26,14,27,False,False,False,True
7,-8,-11,0.006756271475620832,0.007385258517221268,0.007697783969512639,0.007697783969512639,0.007072733064929897,0.0,16,26,14,27,False,False,False,True
7,-8,-12,0.006195528260132694,0.007343087491069909,0.007662005576234428,0.007662005576234428,0.00702416940590539,0.0,19,25,17,26,False,False,False,True
7,-8,-13,0.005681324464330482,0.007280987728557937,0.007596819341713727,0.007596819341713727,0.006965156115402146,0.0,17,25,15,26,False,False,False,True
7,-8,-14,0.0052097975045486645,0.007253038055912875,0.007561165490090663,0.007561165490090663,0.006944910621735086,0.0,14,25,12,26,False,False,False,True
7,-8,-15,0.004777405375948732,0.007229112952699072,0.007531501663609956,0.007531501663609956,0.006926724241788188,0.0,19,25,17,26,False,False,False,True
7,-8,-16,0.00438090004577272,0.00720799711361733,0.007512077446484563,0.007512077446484563,0.006903916780750098,3.814697265625e-06,19,25,17,26,False,True,True,True
8,-8,-8,0.013832422840943694,0.007581899484450359,0.008151870270180179,0.008151870270180179,0.007011928698720539,0.0,19,27,16,28,True,False,False,True
8,-8,-9,0.012684387672462012,0.007383653301479947,0.007964970581957324,0.007964970581957324,0.0068023360210025694,0.0,19,27,16,28,False,False,False,True
8,-8,-10,0.011631634781223154,0.007194423944144839,0.007784025862550249,0.007784025862550249,0.006604822025739429,0.0,20,27,17,28,False,False,False,True
8,-8,-11,0.010666256123461714,0.007036329966408195,0.007605276578336593,0.007605276578336593,0.006467383354479796,0.0,19,27,16,28,False,False,False,True
8,-8,-12,0.009780999991070976,0.006918357396005121,0.0074867855338649385,0.0074867855338649385,0.006349929258145304,0.0,20,27,17,28,False,False,False,True
8,-8,-13,0.008969216538396937,0.006805360966995396,0.007360356547264209,0.007360356547264209,0.006250365386726583,0.0,19,27,16,28,False,False,False,True
8,-8,-14,0.008224807830088197,0.006714818696785349,0.007271254502349156,0.007271254502349156,0.006158382891221543,0.0,16,27,13,28,False,False,False,True
8,-8,-15,0.007542182034772315,0.006642602219646607,0.007190245377464818,0.007190245377464818,0.006094959061828398,0.0,18,26,15,27,False,False,False,True
8,-8,-16,0.006916211420471847,0.006588385683147032,0.007134729399602809,0.007134729399602809,0.0060420419666912546,0.0,18,26,15,27,False,True,True,True
10,-8,-8,0.002565332683342034,0.0072570749280616,0.007669343095766095,0.006844806760357106,0.007669343095766095,7.62939453125e-06,17,24,15,25,True,False,True,False
10,-8,-9,0.0023524204427897337,0.007265607596057075,0.007672206555070142,0.006859008637044008,0.007672206555070142,2.288818359375e-05,18,24,16,25,False,True,False,False
10,-8,-10,0.0021571790573555088,0.007293401523417836,0.007700225233553291,0.00688657781328238,0.007700225233553291,2.6702880859375e-05,14,24,12,25,False,False,False,False
10,-8,-11,0.001978141917511443,0.007355471696713169,0.007759449227360968,0.0069514941660653706,0.007759449227360968,3.4332275390625e-05,12,24,10,25,False,False,False,False
10,-8,-12,0.0018139641363906346,0.007441837665786664,0.007839256220455818,0.007044419111117511,0.007839256220455818,6.103515625e-05,16,24,14,25,False,False,False,False
10,-8,-13,0.0016634124472984814,0.007570638068685838,0.007960595084050637,0.007180681053321037,0.007960595084050637,0.0001068115234375,12,24,10,25,False,False,False,False
10,-8,-14,0.0015253559396896845,0.007752305742372083,0.00813339711808544,0.007371214366658728,0.00813339711808544,0.000118255615234375,17,23,15,24,False,False,False,False
10,-8,-15,0.0013987575640217016,0.007991282730337002,0.008360423483508187,0.007622141977165815,0.008360423483508187,0.000164031982421875,14,23,12,24,False,False,False,False
10,-8,-16,0.001282666341671017,0.00828799146724516,0.008645526497590981,0.007930456436899339,0.008645526497590981,0.000225067138671875,16,23,14,24,False,False,False,False
17,-8,-8,0.20900178747943293,0.019765318880423502,0.020751359422100053,0.020751359422100053,0.018779278338746947,0.0,21,29,18,30,True,False,False,True
17,-8,-9,0.19165548415564343,0.01825019191735046,0.01893910529040216,0.01893910529040216,0.01756127854429876,0.0,18,29,15,30,False,False,False,True
17,-8,-10,0.17574885387307382,0.01700017806788671,0.017465319946264,0.017465319946264,0.01653503618950942,0.0,20,29,17,30,False,False,False,True
17,-8,-11,0.16116240959019565,0.01597263002383803,0.016292941733562383,0.016292941733562383,0.015652318314113678,0.0,20,29,17,30,False,False,False,True
17,-8,-12,0.1477865812068167,0.014935183081955575,0.015168489530441745,0.015168489530441745,0.014701876633469408,0.0,20,29,17,30,False,False,False,True
17,-8,-13,0.13552089249804639,0.014273934673170768,0.014339219531374419,0.014339219531374419,0.014208649814967115,0.0,22,29,19,30,False,False,False,True
17,-8,-14,0.12427320635941413,0.013640609682140734,0.013643307147618574,0.013643307147618574,0.013637912216662896,0.0,21,28,18,29,False,False,False,True
17,-8,-15,0.11395903269359123,0.013122716129412165,0.013228798283507332,0.013016633975316997,0.013228798283507332,0.0,14,28,11,29,False,False,False,True
17,-8,-16,0.10450089373971647,0.012635361202952576,0.01281232837020499,0.012458394035700163,0.01281232837020499,0.0,20,28,17,29,False,True,True,True
