layer,module,module_name,s_X,s_10,output_scale_policy,zero_point,input_range,weight_range,output_range,accumulator,rounding,scale_file,parameter_file,s_W_min,s_W_max,multiplier_min,multiplier_max,shift_min,shift_max,ratio_min,ratio_max,output_channels
0,q_proj,model.layers.0.self_attn.q_proj,0.1963493016761119,0.07829076966195074,mse,0,"[-127,127]","[-127,127]","[-512,511]",INT32,nearest-even,calibration_outputs/gguf-all-126-oasst1/modules/0000/scales.npz,calibration_outputs/gguf-all-126-oasst1/modules/0000/qparams.npz,7.832050323486328e-05,0.0016145706176757812,79,65367,16,28,0.0001964238719773482,0.004049261677414313,2048
0,k_proj,model.layers.0.self_attn.k_proj,0.1963493016761119,0.03024389738466232,mse,0,"[-127,127]","[-127,127]","[-512,511]",INT32,nearest-even,calibration_outputs/gguf-all-126-oasst1/modules/0001/scales.npz,calibration_outputs/gguf-all-126-oasst1/modules/0001/qparams.npz,8.600950241088867e-05,0.0007996559143066406,37,65337,14,26,0.0005583905249080851,0.005191522718064358,256
0,v_proj,model.layers.0.self_attn.v_proj,0.1963493016761119,0.03317802587696017,mse,0,"[-127,127]","[-127,127]","[-512,511]",INT32,nearest-even,calibration_outputs/gguf-all-126-oasst1/modules/0002/scales.npz,calibration_outputs/gguf-all-126-oasst1/modules/0002/qparams.npz,0.0003998279571533203,0.0019989013671875,695,64909,17,24,0.002366202873817087,0.011829603395398005,256
0,o_proj,model.layers.0.self_attn.o_proj,0.19018647802157665,0.06724393067947003,mse,0,"[-127,127]","[-127,127]","[-512,511]",INT32,nearest-even,calibration_outputs/gguf-all-126-oasst1/modules/0003/scales.npz,calibration_outputs/gguf-all-126-oasst1/modules/0003/qparams.npz,0.0001913309097290039,0.0015459060668945312,315,54711,17,26,0.0005411425461054006,0.0043722969083456915,2048
0,gate_proj,model.layers.0.mlp.gate_proj,0.693679328978531,0.1,fixed,0,"[-127,127]","[-127,127]","[-512,511]",INT32,nearest-even,calibration_outputs/gguf-all-126-oasst1/modules/0004/scales.npz,calibration_outputs/gguf-all-126-oasst1/modules/0004/qparams.npz,9.757280349731445e-05,0.0011844635009765625,367,65317,17,26,0.0006768423685657115,0.008216378465569834,16384
0,up_proj,model.layers.0.mlp.up_proj,0.693679328978531,0.1114146830459375,mse,0,"[-127,127]","[-127,127]","[-512,511]",INT32,nearest-even,calibration_outputs/gguf-all-126-oasst1/modules/0005/scales.npz,calibration_outputs/gguf-all-126-oasst1/modules/0005/qparams.npz,0.00011485815048217773,0.000949859619140625,709,65449,18,26,0.0007151187130455814,0.005913924136530558,16384
0,down_proj,model.layers.0.mlp.down_proj,1.870993546613558,0.028220451285919337,mse,0,"[-127,127]","[-127,127]","[-512,511]",INT32,nearest-even,calibration_outputs/gguf-all-126-oasst1/modules/0006/scales.npz,calibration_outputs/gguf-all-126-oasst1/modules/0006/qparams.npz,0.00017392635345458984,0.0015306472778320312,1153,65205,15,22,0.011531179342335074,0.10148070099765753,2048
1,q_proj,model.layers.1.self_attn.q_proj,0.410057878869725,0.027982859175556003,mse,0,"[-127,127]","[-127,127]","[-512,511]",INT32,nearest-even,calibration_outputs/gguf-all-126-oasst1/modules/0007/scales.npz,calibration_outputs/gguf-all-126-oasst1/modules/0007/qparams.npz,4.875659942626953e-05,0.0005612373352050781,33,65239,13,26,0.0007144740863042879,0.008224312954329065,2048
1,k_proj,model.layers.1.self_attn.k_proj,0.410057878869725,0.03681590083769439,mse,0,"[-127,127]","[-127,127]","[-512,511]",INT32,nearest-even,calibration_outputs/gguf-all-126-oasst1/modules/0008/scales.npz,calibration_outputs/gguf-all-126-oasst1/modules/0008/qparams.npz,8.26716423034668e-05,0.0007190704345703125,449,64645,17,25,0.0009208020858999911,0.008009052894230347,256
1,v_proj,model.layers.1.self_attn.v_proj,0.410057878869725,0.02420471984613091,mse,0,"[-127,127]","[-127,127]","[-512,511]",INT32,nearest-even,calibration_outputs/gguf-all-126-oasst1/modules/0009/scales.npz,calibration_outputs/gguf-all-126-oasst1/modules/0009/qparams.npz,0.0003402233123779297,0.0008997917175292969,207,64749,15,23,0.005763803535120295,0.01524358412161457,256
1,o_proj,model.layers.1.self_attn.o_proj,0.13748164439764549,0.017179812327030135,mse,0,"[-127,127]","[-127,127]","[-512,511]",INT32,nearest-even,calibration_outputs/gguf-all-126-oasst1/modules/0010/scales.npz,calibration_outputs/gguf-all-126-oasst1/modules/0010/qparams.npz,0.00010138750076293945,0.0010385513305664062,3097,61939,19,26,0.0008113546330378375,0.008311018886567479,2048
1,gate_proj,model.layers.1.mlp.gate_proj,0.6731993307278851,0.1,fixed,0,"[-127,127]","[-127,127]","[-512,511]",INT32,nearest-even,calibration_outputs/gguf-all-126-oasst1/modules/0011/scales.npz,calibration_outputs/gguf-all-126-oasst1/modules/0011/qparams.npz,5.120038986206055e-05,0.0006341934204101562,1099,64681,19,27,0.0003446806818814595,0.004269385861721454,16384
1,up_proj,model.layers.1.mlp.up_proj,0.6731993307278851,0.042277841788850606,mse,0,"[-127,127]","[-127,127]","[-512,511]",INT32,nearest-even,calibration_outputs/gguf-all-126-oasst1/modules/0012/scales.npz,calibration_outputs/gguf-all-126-oasst1/modules/0012/qparams.npz,0.0001277923583984375,0.0008726119995117188,311,64967,15,24,0.0020348657004685055,0.013894791909915542,16384
1,down_proj,model.layers.1.mlp.down_proj,0.6534489909494956,0.00936830448450864,mse,0,"[-127,127]","[-127,127]","[-512,511]",INT32,nearest-even,calibration_outputs/gguf-all-126-oasst1/modules/0013/scales.npz,calibration_outputs/gguf-all-126-oasst1/modules/0013/qparams.npz,0.00019025802612304688,0.0011148452758789062,235,65531,13,22,0.01327069539592024,0.07776161863574316,2048
2,q_proj,model.layers.2.self_attn.q_proj,0.28375268170214074,0.0232895007159644,mse,0,"[-127,127]","[-127,127]","[-512,511]",INT32,nearest-even,calibration_outputs/gguf-all-126-oasst1/modules/0014/scales.npz,calibration_outputs/gguf-all-126-oasst1/modules/0014/qparams.npz,8.26716423034668e-05,0.0006113052368164062,261,65207,16,25,0.0010072478792234794,0.007447969898569578,2048
2,k_proj,model.layers.2.self_attn.k_proj,0.28375268170214074,0.03247343051843931,mse,0,"[-127,127]","[-127,127]","[-512,511]",INT32,nearest-even,calibration_outputs/gguf-all-126-oasst1/modules/0015/scales.npz,calibration_outputs/gguf-all-126-oasst1/modules/0015/qparams.npz,0.00013077259063720703,0.0007495880126953125,131,65395,15,25,0.0011426902761435486,0.006549896496253997,256
2,v_proj,model.layers.2.self_attn.v_proj,0.28375268170214074,0.01525644716845253,mse,0,"[-127,127]","[-127,127]","[-512,511]",INT32,nearest-even,calibration_outputs/gguf-all-126-oasst1/modules/0016/scales.npz,calibration_outputs/gguf-all-126-oasst1/modules/0016/qparams.npz,0.000247955322265625,0.0005536079406738281,2569,62381,19,23,0.004611688872142967,0.010296482270303817,256
2,o_proj,model.layers.2.self_attn.o_proj,0.0781887985589936,0.01041680210337196,mse,0,"[-127,127]","[-127,127]","[-512,511]",INT32,nearest-even,calibration_outputs/gguf-all-126-oasst1/modules/0017/scales.npz,calibration_outputs/gguf-all-126-oasst1/modules/0017/qparams.npz,0.0001461505889892578,0.0006422996520996094,113,65393,15,25,0.0010970102770849676,0.004821118574986791,2048
2,gate_proj,model.layers.2.mlp.gate_proj,0.3925844928411048,0.1,fixed,0,"[-127,127]","[-127,127]","[-512,511]",INT32,nearest-even,calibration_outputs/gguf-all-126-oasst1/modules/0018/scales.npz,calibration_outputs/gguf-all-126-oasst1/modules/0018/qparams.npz,4.851818084716797e-05,0.0005998611450195312,1377,64321,20,28,0.0001904748542145844,0.002354961833925771,16384
2,up_proj,model.layers.2.mlp.up_proj,0.3925844928411048,0.0489013163462807,mse,0,"[-127,127]","[-127,127]","[-512,511]",INT32,nearest-even,calibration_outputs/gguf-all-126-oasst1/modules/0019/scales.npz,calibration_outputs/gguf-all-126-oasst1/modules/0019/qparams.npz,0.00010907649993896484,0.0006613731384277344,179,65509,16,25,0.0008756766813022247,0.00530956746214726,16384
2,down_proj,model.layers.2.mlp.down_proj,0.8677332119678888,0.007314705481437474,mse,0,"[-127,127]","[-127,127]","[-512,511]",INT32,nearest-even,calibration_outputs/gguf-all-126-oasst1/modules/0020/scales.npz,calibration_outputs/gguf-all-126-oasst1/modules/0020/qparams.npz,0.00018835067749023438,0.0008726119995117188,269,64593,12,21,0.022343775668027362,0.10351673284174702,2048
3,q_proj,model.layers.3.self_attn.q_proj,0.28896481972041094,0.026321897007572682,mse,0,"[-127,127]","[-127,127]","[-512,511]",INT32,nearest-even,calibration_outputs/gguf-all-126-oasst1/modules/0021/scales.npz,calibration_outputs/gguf-all-126-oasst1/modules/0021/qparams.npz,7.063150405883789e-05,0.0011692047119140625,4405,65517,19,26,0.0007754007939120687,0.012835664112556237,2048
3,k_proj,model.layers.3.self_attn.k_proj,0.28896481972041094,0.03571855800816563,mse,0,"[-127,127]","[-127,127]","[-512,511]",INT32,nearest-even,calibration_outputs/gguf-all-126-oasst1/modules/0022/scales.npz,calibration_outputs/gguf-all-126-oasst1/modules/0022/qparams.npz,9.948015213012695e-05,0.0008497238159179688,3865,65497,20,26,0.0008047991248546343,0.006874305766283802,256
3,v_proj,model.layers.3.self_attn.v_proj,0.28896481972041094,0.012599050011709707,mse,0,"[-127,127]","[-127,127]","[-512,511]",INT32,nearest-even,calibration_outputs/gguf-all-126-oasst1/modules/0023/scales.npz,calibration_outputs/gguf-all-126-oasst1/modules/0023/qparams.npz,0.00023746490478515625,0.0005421638488769531,3145,65091,19,23,0.005446363284326351,0.01243476918529932,256
3,o_proj,model.layers.3.self_attn.o_proj,0.06252980795432264,0.005210351265756162,mse,0,"[-127,127]","[-127,127]","[-512,511]",INT32,nearest-even,calibration_outputs/gguf-all-126-oasst1/modules/0024/scales.npz,calibration_outputs/gguf-all-126-oasst1/modules/0024/qparams.npz,9.66191291809082e-05,0.00095367431640625,9823,61157,20,25,0.0011595332606657346,0.011445115466163945,2048
3,gate_proj,model.layers.3.mlp.gate_proj,0.3985322666919138,0.1,fixed,0,"[-127,127]","[-127,127]","[-512,511]",INT32,nearest-even,calibration_outputs/gguf-all-126-oasst1/modules/0025/scales.npz,calibration_outputs/gguf-all-126-oasst1/modules/0025/qparams.npz,4.947185516357422e-05,0.0008649826049804688,119,64785,17,28,0.00019716130575793292,0.0034472347821194248,16384
3,up_proj,model.layers.3.mlp.up_proj,0.3985322666919138,0.02734790244485872,mse,0,"[-127,127]","[-127,127]","[-512,511]",INT32,nearest-even,calibration_outputs/gguf-all-126-oasst1/modules/0026/scales.npz,calibration_outputs/gguf-all-126-oasst1/modules/0026/qparams.npz,0.0001004338264465332,0.0009765625,67,64411,14,25,0.0014635901450571352,0.014231134087012523,16384
3,down_proj,model.layers.3.mlp.down_proj,0.6794691911832554,0.005114523464045695,mse,0,"[-127,127]","[-127,127]","[-512,511]",INT32,nearest-even,calibration_outputs/gguf-all-126-oasst1/modules/0027/scales.npz,calibration_outputs/gguf-all-126-oasst1/modules/0027/qparams.npz,0.0002027750015258789,0.0011224746704101562,753,65329,14,21,0.026938847235238993,0.14912180221458574,2048
4,q_proj,model.layers.4.self_attn.q_proj,0.27298406165415845,0.030007605268378926,mse,0,"[-127,127]","[-127,127]","[-512,511]",INT32,nearest-even,calibration_outputs/gguf-all-126-oasst1/modules/0028/scales.npz,calibration_outputs/gguf-all-126-oasst1/modules/0028/qparams.npz,4.9233436584472656e-05,0.000957489013671875,369,65427,16,26,0.0004478845735212458,0.008710433158650475,2048
4,k_proj,model.layers.4.self_attn.k_proj,0.27298406165415845,0.030708015190072466,mse,0,"[-127,127]","[-127,127]","[-512,511]",INT32,nearest-even,calibration_outputs/gguf-all-126-oasst1/modules/0029/scales.npz,calibration_outputs/gguf-all-126-oasst1/modules/0029/qparams.npz,0.00011676549911499023,0.0009188652038574219,1129,65357,18,25,0.001038006527357389,0.008168406649178924,256
4,v_proj,model.layers.4.self_attn.v_proj,0.27298406165415845,0.011643317407621777,mse,0,"[-127,127]","[-127,127]","[-512,511]",INT32,nearest-even,calibration_outputs/gguf-all-126-oasst1/modules/0030/scales.npz,calibration_outputs/gguf-all-126-oasst1/modules/0030/qparams.npz,0.0002086162567138672,0.0004036426544189453,703,60865,17,23,0.004891124332620101,0.009463626851572378,256
4,o_proj,model.layers.4.self_attn.o_proj,0.04941546072171429,0.0026378932247043438,mse,0,"[-127,127]","[-127,127]","[-512,511]",INT32,nearest-even,calibration_outputs/gguf-all-126-oasst1/modules/0031/scales.npz,calibration_outputs/gguf-all-126-oasst1/modules/0031/qparams.npz,9.512901306152344e-05,0.0012998580932617188,413,64629,16,25,0.0017820448395761087,0.02435014652974673,2048
4,gate_proj,model.layers.4.mlp.gate_proj,0.41927710105115035,0.1,fixed,0,"[-127,127]","[-127,127]","[-512,511]",INT32,nearest-even,calibration_outputs/gguf-all-126-oasst1/modules/0032/scales.npz,calibration_outputs/gguf-all-126-oasst1/modules/0032/qparams.npz,5.936622619628906e-05,0.0009074211120605469,261,65441,18,27,0.00024890899219926936,0.0038046089329735714,16384
4,up_proj,model.layers.4.mlp.up_proj,0.41927710105115035,0.03304968914172574,mse,0,"[-127,127]","[-127,127]","[-512,511]",INT32,nearest-even,calibration_outputs/gguf-all-126-oasst1/modules/0033/scales.npz,calibration_outputs/gguf-all-126-oasst1/modules/0033/qparams.npz,9.995698928833008e-05,0.0005998611450195312,1183,65461,18,25,0.0012680808136770131,0.007609997202650841,16384
4,down_proj,model.layers.4.mlp.down_proj,0.5494619654858206,0.0033289869740030973,mse,0,"[-127,127]","[-127,127]","[-512,511]",INT32,nearest-even,calibration_outputs/gguf-all-126-oasst1/modules/0034/scales.npz,calibration_outputs/gguf-all-126-oasst1/modules/0034/qparams.npz,0.00018262863159179688,0.0008420944213867188,343,62885,13,20,0.03014355047107528,0.13899088807289542,2048
5,q_proj,model.layers.5.self_attn.q_proj,0.23957949360524575,0.027872737051548958,mse,0,"[-127,127]","[-127,127]","[-512,511]",INT32,nearest-even,calibration_outputs/gguf-all-126-oasst1/modules/0035/scales.npz,calibration_outputs/gguf-all-126-oasst1/modules/0035/qparams.npz,6.967782974243164e-05,0.001453399658203125,157,65429,14,26,0.0005989142413366474,0.012492664551542179,2048
5,k_proj,model.layers.5.self_attn.k_proj,0.23957949360524575,0.031007355153142752,mse,0,"[-127,127]","[-127,127]","[-512,511]",INT32,nearest-even,calibration_outputs/gguf-all-126-oasst1/modules/0036/scales.npz,calibration_outputs/gguf-all-126-oasst1/modules/0036/qparams.npz,0.00011295080184936523,0.0009455680847167969,219,64779,17,26,0.0008727186106563054,0.007305967303140702,256
5,v_proj,model.layers.5.self_attn.v_proj,0.23957949360524575,0.00709677490582036,mse,0,"[-127,127]","[-127,127]","[-512,511]",INT32,nearest-even,calibration_outputs/gguf-all-126-oasst1/modules/0037/scales.npz,calibration_outputs/gguf-all-126-oasst1/modules/0037/qparams.npz,0.00017881393432617188,0.0006880760192871094,523,65053,16,23,0.00603656624367372,0.023228706905656475,256
5,o_proj,model.layers.5.self_attn.o_proj,0.037041513938603436,0.004422438287004189,mse,0,"[-127,127]","[-127,127]","[-512,511]",INT32,nearest-even,calibration_outputs/gguf-all-126-oasst1/modules/0038/scales.npz,calibration_outputs/gguf-all-126-oasst1/modules/0038/qparams.npz,9.614229202270508e-05,0.001514434814453125,2051,65365,20,26,0.0008052698124727814,0.01268462206776716,2048
5,gate_proj,model.layers.5.mlp.gate_proj,0.4235353544941099,0.1,fixed,0,"[-127,127]","[-127,127]","[-512,511]",INT32,nearest-even,calibration_outputs/gguf-all-126-oasst1/modules/0039/scales.npz,calibration_outputs/gguf-all-126-oasst1/modules/0039/qparams.npz,6.389617919921875e-05,0.0007996559143066406,135,65021,17,27,0.0002706229090796028,0.0033868255113917458,16384
5,up_proj,model.layers.5.mlp.up_proj,0.4235353544941099,0.02295824805342389,mse,0,"[-127,127]","[-127,127]","[-512,511]",INT32,nearest-even,calibration_outputs/gguf-all-126-oasst1/modules/0040/scales.npz,calibration_outputs/gguf-all-126-oasst1/modules/0040/qparams.npz,9.417533874511719e-05,0.0012149810791015625,795,65159,17,24,0.0017373531894594014,0.022414055325278757,16384
5,down_proj,model.layers.5.mlp.down_proj,0.39574008851539433,0.005974751188610353,mse,0,"[-127,127]","[-127,127]","[-512,511]",INT32,nearest-even,calibration_outputs/gguf-all-126-oasst1/modules/0041/scales.npz,calibration_outputs/gguf-all-126-oasst1/modules/0041/qparams.npz,0.00018548965454101562,0.001438140869140625,363,65407,14,22,0.012285983129587797,0.09525584863454188,2048
6,q_proj,model.layers.6.self_attn.q_proj,0.30385045930156557,0.027094309049189323,mse,0,"[-127,127]","[-127,127]","[-512,511]",INT32,nearest-even,calibration_outputs/gguf-all-126-oasst1/modules/0042/scales.npz,calibration_outputs/gguf-all-126-oasst1/modules/0042/qparams.npz,6.031990051269531e-05,0.0008459091186523438,921,65089,17,26,0.0006764604863158745,0.009486489349599695,2048
6,k_proj,model.layers.6.self_attn.k_proj,0.30385045930156557,0.03207205589875921,mse,0,"[-127,127]","[-127,127]","[-512,511]",INT32,nearest-even,calibration_outputs/gguf-all-126-oasst1/modules/0043/scales.npz,calibration_outputs/gguf-all-126-oasst1/modules/0043/qparams.npz,0.0001239776611328125,0.0008459091186523438,993,65371,18,25,0.0011745635950889048,0.008014137760337374,256
6,v_proj,model.layers.6.self_attn.v_proj,0.30385045930156557,0.007808138355767178,mse,0,"[-127,127]","[-127,127]","[-512,511]",INT32,nearest-even,calibration_outputs/gguf-all-126-oasst1/modules/0044/scales.npz,calibration_outputs/gguf-all-126-oasst1/modules/0044/qparams.npz,0.00018167495727539062,0.00035572052001953125,299,58061,15,22,0.007069805464057501,0.013842716210464292,256
6,o_proj,model.layers.6.self_attn.o_proj,0.04065028138048067,0.006970633613799508,mse,0,"[-127,127]","[-127,127]","[-512,511]",INT32,nearest-even,calibration_outputs/gguf-all-126-oasst1/modules/0045/scales.npz,calibration_outputs/gguf-all-126-oasst1/modules/0045/qparams.npz,0.0001461505889892578,0.002399444580078125,667,65081,19,26,0.0008522987859489568,0.013992716120375696,2048
6,gate_proj,model.layers.6.mlp.gate_proj,0.46477343341496985,0.1,fixed,0,"[-127,127]","[-127,127]","[-512,511]",INT32,nearest-even,calibration_outputs/gguf-all-126-oasst1/modules/0046/scales.npz,calibration_outputs/gguf-all-126-oasst1/modules/0046/qparams.npz,5.59687614440918e-05,0.0006613731384277344,513,64771,19,27,0.0002601279342035393,0.003073886643154922,16384
6,up_proj,model.layers.6.mlp.up_proj,0.46477343341496985,0.017367394868996817,mse,0,"[-127,127]","[-127,127]","[-512,511]",INT32,nearest-even,calibration_outputs/gguf-all-126-oasst1/modules/0047/scales.npz,calibration_outputs/gguf-all-126-oasst1/modules/0047/qparams.npz,0.00011199712753295898,0.0007152557373046875,295,64709,16,24,0.002997184660609627,0.019141147380157274,16384
6,down_proj,model.layers.6.mlp.down_proj,0.3423328850212998,0.005328721116110415,mse,0,"[-127,127]","[-127,127]","[-512,511]",INT32,nearest-even,calibration_outputs/gguf-all-126-oasst1/modules/0048/scales.npz,calibration_outputs/gguf-all-126-oasst1/modules/0048/qparams.npz,0.0001729726791381836,0.0018224716186523438,265,65271,13,22,0.011112279098302697,0.11708099438652766,2048
7,q_proj,model.layers.7.self_attn.q_proj,0.3265497402882013,0.02399895152961916,mse,0,"[-127,127]","[-127,127]","[-512,511]",INT32,nearest-even,calibration_outputs/gguf-all-126-oasst1/modules/0049/scales.npz,calibration_outputs/gguf-all-126-oasst1/modules/0049/qparams.npz,0.00011152029037475586,0.0006995201110839844,833,65367,17,25,0.0015174380353156713,0.009518253758666337,2048
7,k_proj,model.layers.7.self_attn.k_proj,0.3265497402882013,0.026009080630288423,mse,0,"[-127,127]","[-127,127]","[-512,511]",INT32,nearest-even,calibration_outputs/gguf-all-126-oasst1/modules/0050/scales.npz,calibration_outputs/gguf-all-126-oasst1/modules/0050/qparams.npz,0.0001595020294189453,0.000965118408203125,159,65187,15,24,0.0020025831371195237,0.012117274348370453,256
7,v_proj,model.layers.7.self_attn.v_proj,0.3265497402882013,0.007652526638663362,mse,0,"[-127,127]","[-127,127]","[-512,511]",INT32,nearest-even,calibration_outputs/gguf-all-126-oasst1/modules/0051/scales.npz,calibration_outputs/gguf-all-126-oasst1/modules/0051/qparams.npz,0.00018262863159179688,0.00036525726318359375,2355,56071,18,22,0.00779315578127899,0.01558631156255798,256
7,o_proj,model.layers.7.self_attn.o_proj,0.04130151328139418,0.002927675783664818,mse,0,"[-127,127]","[-127,127]","[-512,511]",INT32,nearest-even,calibration_outputs/gguf-all-126-oasst1/modules/0052/scales.npz,calibration_outputs/gguf-all-126-oasst1/modules/0052/qparams.npz,0.0001023411750793457,0.0011920928955078125,423,65063,17,25,0.0014437546074456322,0.016817176557316623,2048
7,gate_proj,model.layers.7.mlp.gate_proj,0.4877010555717889,0.1,fixed,0,"[-127,127]","[-127,127]","[-512,511]",INT32,nearest-even,calibration_outputs/gguf-all-126-oasst1/modules/0053/scales.npz,calibration_outputs/gguf-all-126-oasst1/modules/0053/qparams.npz,6.633996963500977e-05,0.0007076263427734375,301,64181,18,27,0.0003235407321759468,0.0034511011432101,16384
7,up_proj,model.layers.7.mlp.up_proj,0.4877010555717889,0.021029127380288302,mse,0,"[-127,127]","[-127,127]","[-512,511]",INT32,nearest-even,calibration_outputs/gguf-all-126-oasst1/modules/0054/scales.npz,calibration_outputs/gguf-all-126-oasst1/modules/0054/qparams.npz,0.00011581182479858398,0.0011301040649414062,65,65447,13,24,0.0026858722276278373,0.026209025957706536,16384
7,down_proj,model.layers.7.mlp.down_proj,0.3126631909468043,0.00876180009154544,mse,0,"[-127,127]","[-127,127]","[-512,511]",INT32,nearest-even,calibration_outputs/gguf-all-126-oasst1/modules/0055/scales.npz,calibration_outputs/gguf-all-126-oasst1/modules/0055/qparams.npz,0.00017881393432617188,0.0015382766723632812,535,65303,16,23,0.006380941668153471,0.05489311419056826,2048
8,q_proj,model.layers.8.self_attn.q_proj,0.36531415323572836,0.01931758939326242,mse,0,"[-127,127]","[-127,127]","[-512,511]",INT32,nearest-even,calibration_outputs/gguf-all-126-oasst1/modules/0056/scales.npz,calibration_outputs/gguf-all-126-oasst1/modules/0056/qparams.npz,8.744001388549805e-05,0.0009613037109375,67,65243,13,25,0.0016535745729558855,0.0181791756732328,2048
8,k_proj,model.layers.8.self_attn.k_proj,0.36531415323572836,0.029029180624886193,mse,0,"[-127,127]","[-127,127]","[-512,511]",INT32,nearest-even,calibration_outputs/gguf-all-126-oasst1/modules/0057/scales.npz,calibration_outputs/gguf-all-126-oasst1/modules/0057/qparams.npz,0.00010955333709716797,0.00099945068359375,1249,64935,17,25,0.0013786604965863422,0.012577464203895421,256
8,v_proj,model.layers.8.self_attn.v_proj,0.36531415323572836,0.00819967066035962,mse,0,"[-127,127]","[-127,127]","[-512,511]",INT32,nearest-even,calibration_outputs/gguf-all-126-oasst1/modules/0058/scales.npz,calibration_outputs/gguf-all-126-oasst1/modules/0058/qparams.npz,0.00017786026000976562,0.0003902912139892578,567,62863,16,22,0.00792408292614332,0.017388369638199223,256
8,o_proj,model.layers.8.self_attn.o_proj,0.03271618039589229,0.002984912652735104,mse,0,"[-127,127]","[-127,127]","[-512,511]",INT32,nearest-even,calibration_outputs/gguf-all-126-oasst1/modules/0059/scales.npz,calibration_outputs/gguf-all-126-oasst1/modules/0059/qparams.npz,8.26716423034668e-05,0.0013990402221679688,87,64711,15,26,0.0009061237891656754,0.015334201571230522,2048
8,gate_proj,model.layers.8.mlp.gate_proj,0.5243468997985359,0.1,fixed,0,"[-127,127]","[-127,127]","[-512,511]",INT32,nearest-even,calibration_outputs/gguf-all-126-oasst1/modules/0060/scales.npz,calibration_outputs/gguf-all-126-oasst1/modules/0060/qparams.npz,7.206201553344727e-05,0.0007152557373046875,107,65271,15,27,0.00037785494438197004,0.0037504212841882887,16384
8,up_proj,model.layers.8.mlp.up_proj,0.5243468997985359,0.027438949335823946,mse,0,"[-127,127]","[-127,127]","[-512,511]",INT32,nearest-even,calibration_outputs/gguf-all-126-oasst1/modules/0061/scales.npz,calibration_outputs/gguf-all-126-oasst1/modules/0061/qparams.npz,0.00011050701141357422,0.0011377334594726562,1223,65317,18,24,0.0021117429873693484,0.021741612806313985,16384
8,down_proj,model.layers.8.mlp.down_proj,0.570872749869279,0.013832422840943694,mse,0,"[-127,127]","[-127,127]","[-512,511]",INT32,nearest-even,calibration_outputs/gguf-all-126-oasst1/modules/0062/scales.npz,calibration_outputs/gguf-all-126-oasst1/modules/0062/qparams.npz,0.0001748800277709961,0.0015840530395507812,473,64877,15,23,0.00721740822260993,0.06537486057398825,2048
9,q_proj,model.layers.9.self_attn.q_proj,0.41246044729638287,0.020108040622374222,mse,0,"[-127,127]","[-127,127]","[-512,511]",INT32,nearest-even,calibration_outputs/gguf-all-126-oasst1/modules/0063/scales.npz,calibration_outputs/gguf-all-126-oasst1/modules/0063/qparams.npz,8.600950241088867e-05,0.0013837814331054688,633,65475,16,25,0.0017642453833448517,0.02838442191249763,2048
9,k_proj,model.layers.9.self_attn.k_proj,0.41246044729638287,0.04230240454427595,mse,0,"[-127,127]","[-127,127]","[-512,511]",INT32,nearest-even,calibration_outputs/gguf-all-126-oasst1/modules/0064/scales.npz,calibration_outputs/gguf-all-126-oasst1/modules/0064/qparams.npz,0.00014317035675048828,0.0009379386901855469,43,65405,13,25,0.0013959516018310972,0.009145168362370585,256
9,v_proj,model.layers.9.self_attn.v_proj,0.41246044729638287,0.007969601232448748,mse,0,"[-127,127]","[-127,127]","[-512,511]",INT32,nearest-even,calibration_outputs/gguf-all-126-oasst1/modules/0065/scales.npz,calibration_outputs/gguf-all-126-oasst1/modules/0065/qparams.npz,0.00019228458404541016,0.00035762786865234375,541,64693,15,22,0.009951537502360077,0.01850874922943598,256
9,o_proj,model.layers.9.self_attn.o_proj,0.04086306714636134,0.004032875028774582,mse,0,"[-127,127]","[-127,127]","[-512,511]",INT32,nearest-even,calibration_outputs/gguf-all-126-oasst1/modules/0066/scales.npz,calibration_outputs/gguf-all-126-oasst1/modules/0066/qparams.npz,7.87973403930664e-05,0.0012845993041992188,411,65375,17,26,0.0007984132879056641,0.013016190000713216,2048
9,gate_proj,model.layers.9.mlp.gate_proj,0.532886234794076,0.1,fixed,0,"[-127,127]","[-127,127]","[-512,511]",INT32,nearest-even,calibration_outputs/gguf-all-126-oasst1/modules/0067/scales.npz,calibration_outputs/gguf-all-126-oasst1/modules/0067/qparams.npz,8.64863395690918e-05,0.0009417533874511719,25,65311,14,27,0.0004608737985409524,0.005018474167434216,16384
9,up_proj,model.layers.9.mlp.up_proj,0.532886234794076,0.03126452246252506,mse,0,"[-127,127]","[-127,127]","[-512,511]",INT32,nearest-even,calibration_outputs/gguf-all-126-oasst1/modules/0068/scales.npz,calibration_outputs/gguf-all-126-oasst1/modules/0068/qparams.npz,0.00010907649993896484,0.0007343292236328125,51,65417,13,25,0.0018591477105291687,0.01251622939547506,16384
9,down_proj,model.layers.9.mlp.down_proj,0.15795133996197558,0.005881323101451991,mse,0,"[-127,127]","[-127,127]","[-512,511]",INT32,nearest-even,calibration_outputs/gguf-all-126-oasst1/modules/0069/scales.npz,calibration_outputs/gguf-all-126-oasst1/modules/0069/qparams.npz,0.00017201900482177734,0.0013380050659179688,389,64939,16,23,0.004619816296747467,0.035934038887521544,2048
10,q_proj,model.layers.10.self_attn.q_proj,0.4139352032518762,0.032276920465837716,mse,0,"[-127,127]","[-127,127]","[-512,511]",INT32,nearest-even,calibration_outputs/gguf-all-126-oasst1/modules/0070/scales.npz,calibration_outputs/gguf-all-126-oasst1/modules/0070/qparams.npz,4.875659942626953e-05,0.0015687942504882812,105,64943,14,26,0.0006252787627228608,0.02011899393015366,2048
10,k_proj,model.layers.10.self_attn.k_proj,0.4139352032518762,0.03507830783016727,mse,0,"[-127,127]","[-127,127]","[-512,511]",INT32,nearest-even,calibration_outputs/gguf-all-126-oasst1/modules/0071/scales.npz,calibration_outputs/gguf-all-126-oasst1/modules/0071/qparams.npz,0.00014126300811767578,0.001438140869140625,229,65091,16,25,0.0016669484816731746,0.01697052023873855,256
10,v_proj,model.layers.10.self_attn.v_proj,0.4139352032518762,0.006515828976112621,mse,0,"[-127,127]","[-127,127]","[-512,511]",INT32,nearest-even,calibration_outputs/gguf-all-126-oasst1/modules/0072/scales.npz,calibration_outputs/gguf-all-126-oasst1/modules/0072/qparams.npz,0.00018453598022460938,0.0003478527069091797,1209,62479,16,22,0.011723134348920583,0.022098259709399392,256
10,o_proj,model.layers.10.self_attn.o_proj,0.03297549345361905,0.0035575404381475682,mse,0,"[-127,127]","[-127,127]","[-512,511]",INT32,nearest-even,calibration_outputs/gguf-all-126-oasst1/modules/0073/scales.npz,calibration_outputs/gguf-all-126-oasst1/modules/0073/qparams.npz,8.124113082885742e-05,0.000965118408203125,577,65181,18,26,0.0007530389111210075,0.00894585917011838,2048
10,gate_proj,model.layers.10.mlp.gate_proj,0.5594419344203678,0.1,fixed,0,"[-127,127]","[-127,127]","[-512,511]",INT32,nearest-even,calibration_outputs/gguf-all-126-oasst1/modules/0074/scales.npz,calibration_outputs/gguf-all-126-oasst1/modules/0074/qparams.npz,8.362531661987305e-05,0.0008573532104492188,657,60285,18,26,0.00046783508896337513,0.004796393385352236,16384
10,up_proj,model.layers.10.mlp.up_proj,0.5594419344203678,0.009464029980750407,mse,0,"[-127,127]","[-127,127]","[-512,511]",INT32,nearest-even,calibration_outputs/gguf-all-126-oasst1/modules/0075/scales.npz,calibration_outputs/gguf-all-126-oasst1/modules/0075/qparams.npz,0.00010955333709716797,0.0007610321044921875,189,65319,13,23,0.006475965413518976,0.04498646702927654,16384
10,down_proj,model.layers.10.mlp.down_proj,0.19859527227446788,0.0047048408855794675,mse,0,"[-127,127]","[-127,127]","[-512,511]",INT32,nearest-even,calibration_outputs/gguf-all-126-oasst1/modules/0076/scales.npz,calibration_outputs/gguf-all-126-oasst1/modules/0076/qparams.npz,0.00017786026000976562,0.0013074874877929688,617,65005,15,23,0.0075076304645521775,0.05519014137748545,2048
11,q_proj,model.layers.11.self_attn.q_proj,0.4397388968880721,0.02993460240811296,mse,0,"[-127,127]","[-127,127]","[-512,511]",INT32,nearest-even,calibration_outputs/gguf-all-126-oasst1/modules/0077/scales.npz,calibration_outputs/gguf-all-126-oasst1/modules/0077/qparams.npz,4.494190216064453e-05,0.0018606185913085938,555,63461,16,26,0.0006601959234580428,0.02733246146772714,2048
11,k_proj,model.layers.11.self_attn.k_proj,0.4397388968880721,0.027843273012165583,mse,0,"[-127,127]","[-127,127]","[-512,511]",INT32,nearest-even,calibration_outputs/gguf-all-126-oasst1/modules/0078/scales.npz,calibration_outputs/gguf-all-126-oasst1/modules/0078/qparams.npz,9.417533874511719e-05,0.001007080078125,191,65195,16,25,0.001487345239754821,0.01590518048790978,256
11,v_proj,model.layers.11.self_attn.v_proj,0.4397388968880721,0.008833896412441585,mse,0,"[-127,127]","[-127,127]","[-512,511]",INT32,nearest-even,calibration_outputs/gguf-all-126-oasst1/modules/0079/scales.npz,calibration_outputs/gguf-all-126-oasst1/modules/0079/qparams.npz,0.00014412403106689453,0.0003211498260498047,4113,65409,18,22,0.007174290876578413,0.015986385129447677,256
11,o_proj,model.layers.11.self_attn.o_proj,0.04839379768671952,0.003043535185311351,mse,0,"[-127,127]","[-127,127]","[-512,511]",INT32,nearest-even,calibration_outputs/gguf-all-126-oasst1/modules/0080/scales.npz,calibration_outputs/gguf-all-126-oasst1/modules/0080/qparams.npz,0.00012981891632080078,0.0013608932495117188,3991,65383,19,24,0.0020641885142837,0.02163891283660489,2048
11,gate_proj,model.layers.11.mlp.gate_proj,0.49798695121224473,0.1,fixed,0,"[-127,127]","[-127,127]","[-512,511]",INT32,nearest-even,calibration_outputs/gguf-all-126-oasst1/modules/0081/scales.npz,calibration_outputs/gguf-all-126-oasst1/modules/0081/qparams.npz,9.226799011230469e-05,0.0008883476257324219,155,65535,16,27,0.0004594825509050815,0.00442385525755125,16384
11,up_proj,model.layers.11.mlp.up_proj,0.49798695121224473,0.027613686366683543,mse,0,"[-127,127]","[-127,127]","[-512,511]",INT32,nearest-even,calibration_outputs/gguf-all-126-oasst1/modules/0082/scales.npz,calibration_outputs/gguf-all-126-oasst1/modules/0082/qparams.npz,0.00011438131332397461,0.0007572174072265625,543,65139,16,24,0.0020627597757676597,0.013655706196640098,16384
11,down_proj,model.layers.11.mlp.down_proj,0.2596352044052965,0.007084301397567825,mse,0,"[-127,127]","[-127,127]","[-512,511]",INT32,nearest-even,calibration_outputs/gguf-all-126-oasst1/modules/0083/scales.npz,calibration_outputs/gguf-all-126-oasst1/modules/0083/qparams.npz,0.0001748800277709961,0.0015382766723632812,101,65309,13,23,0.0064092433690518735,0.05637687555163284,2048
12,q_proj,model.layers.12.self_attn.q_proj,0.4234142754021592,0.02069385360136338,mse,0,"[-127,127]","[-127,127]","[-512,511]",INT32,nearest-even,calibration_outputs/gguf-all-126-oasst1/modules/0084/scales.npz,calibration_outputs/gguf-all-126-oasst1/modules/0084/qparams.npz,8.314847946166992e-05,0.0007958412170410156,469,65311,16,25,0.0017012903377133578,0.01628360472340412,2048
12,k_proj,model.layers.12.self_attn.k_proj,0.4234142754021592,0.028945812932623778,mse,0,"[-127,127]","[-127,127]","[-512,511]",INT32,nearest-even,calibration_outputs/gguf-all-126-oasst1/modules/0085/scales.npz,calibration_outputs/gguf-all-126-oasst1/modules/0085/qparams.npz,8.845329284667969e-05,0.0009765625,597,65123,16,25,0.001293879255862966,0.014284984991953393,256
12,v_proj,model.layers.12.self_attn.v_proj,0.4234142754021592,0.009990869144770494,mse,0,"[-127,127]","[-127,127]","[-512,511]",INT32,nearest-even,calibration_outputs/gguf-all-126-oasst1/modules/0086/scales.npz,calibration_outputs/gguf-all-126-oasst1/modules/0086/qparams.npz,0.00024318695068359375,0.0004401206970214844,271,65265,14,22,0.010306293178191738,0.018652369810727404,256
12,o_proj,model.layers.12.self_attn.o_proj,0.040459539007952836,0.004856618219669769,mse,0,"[-127,127]","[-127,127]","[-512,511]",INT32,nearest-even,calibration_outputs/gguf-all-126-oasst1/modules/0087/scales.npz,calibration_outputs/gguf-all-126-oasst1/modules/0087/qparams.npz,9.465217590332031e-05,0.0018072128295898438,85,64747,15,26,0.0007885288136584058,0.015055537550455203,2048
12,gate_proj,model.layers.12.mlp.gate_proj,0.5469219177726685,0.1,fixed,0,"[-127,127]","[-127,127]","[-512,511]",INT32,nearest-even,calibration_outputs/gguf-all-126-oasst1/modules/0088/scales.npz,calibration_outputs/gguf-all-126-oasst1/modules/0088/qparams.npz,9.179115295410156e-05,0.0007996559143066406,711,65281,18,26,0.0005020259340822157,0.004373493462108445,16384
12,up_proj,model.layers.12.mlp.up_proj,0.5469219177726685,0.013578050990628256,mse,0,"[-127,127]","[-127,127]","[-512,511]",INT32,nearest-even,calibration_outputs/gguf-all-126-oasst1/modules/0089/scales.npz,calibration_outputs/gguf-all-126-oasst1/modules/0089/qparams.npz,0.0001201629638671875,0.0007228851318359375,647,64971,15,23,0.004840146696226923,0.029117707902698475,16384
12,down_proj,model.layers.12.mlp.down_proj,0.3489435150867372,0.007809064325257302,mse,0,"[-127,127]","[-127,127]","[-512,511]",INT32,nearest-even,calibration_outputs/gguf-all-126-oasst1/modules/0090/scales.npz,calibration_outputs/gguf-all-126-oasst1/modules/0090/qparams.npz,0.00017786026000976562,0.0016994476318359375,1233,65195,16,22,0.007947582672781188,0.07593883283054197,2048
13,q_proj,model.layers.13.self_attn.q_proj,0.5112491517555057,0.02473130454847349,mse,0,"[-127,127]","[-127,127]","[-512,511]",INT32,nearest-even,calibration_outputs/gguf-all-126-oasst1/modules/0091/scales.npz,calibration_outputs/gguf-all-126-oasst1/modules/0091/qparams.npz,4.565715789794922e-05,0.0011615753173828125,99,64993,13,26,0.000943831458673881,0.024012255178376754,2048
13,k_proj,model.layers.13.self_attn.k_proj,0.5112491517555057,0.03058599798008071,mse,0,"[-127,127]","[-127,127]","[-512,511]",INT32,nearest-even,calibration_outputs/gguf-all-126-oasst1/modules/0092/scales.npz,calibration_outputs/gguf-all-126-oasst1/modules/0092/qparams.npz,0.0001239776611328125,0.0008535385131835938,339,64955,16,24,0.0020723036120011756,0.014267013328777325,256
13,v_proj,model.layers.13.self_attn.v_proj,0.5112491517555057,0.006482152542112583,mse,0,"[-127,127]","[-127,127]","[-512,511]",INT32,nearest-even,calibration_outputs/gguf-all-126-oasst1/modules/0093/scales.npz,calibration_outputs/gguf-all-126-oasst1/modules/0093/qparams.npz,0.00011390447616577148,0.0003478527069091797,303,56589,14,21,0.00898367732671825,0.027435238555064217,256
13,o_proj,model.layers.13.self_attn.o_proj,0.04793363481056033,0.006331390260360215,mse,0,"[-127,127]","[-127,127]","[-512,511]",INT32,nearest-even,calibration_outputs/gguf-all-126-oasst1/modules/0094/scales.npz,calibration_outputs/gguf-all-126-oasst1/modules/0094/qparams.npz,9.512901306152344e-05,0.0016536712646484375,269,64927,17,26,0.0007202019121343281,0.012519600156801253,2048
13,gate_proj,model.layers.13.mlp.gate_proj,0.5543916957584891,0.1,fixed,0,"[-127,127]","[-127,127]","[-512,511]",INT32,nearest-even,calibration_outputs/gguf-all-126-oasst1/modules/0095/scales.npz,calibration_outputs/gguf-all-126-oasst1/modules/0095/qparams.npz,8.64863395690918e-05,0.0007381439208984375,553,65463,18,26,0.00047947308453653316,0.004092208600207048,16384
13,up_proj,model.layers.13.mlp.up_proj,0.5543916957584891,0.019696777307986274,mse,0,"[-127,127]","[-127,127]","[-512,511]",INT32,nearest-even,calibration_outputs/gguf-all-126-oasst1/modules/0096/scales.npz,calibration_outputs/gguf-all-126-oasst1/modules/0096/qparams.npz,0.00011152029037475586,0.0007190704345703125,367,64905,15,24,0.0031388852057169783,0.02023918285503454,16384
13,down_proj,model.layers.13.mlp.down_proj,0.5886309766393947,0.00924775857367402,mse,0,"[-127,127]","[-127,127]","[-512,511]",INT32,nearest-even,calibration_outputs/gguf-all-126-oasst1/modules/0097/scales.npz,calibration_outputs/gguf-all-126-oasst1/modules/0097/qparams.npz,0.00018453598022460938,0.001468658447265625,411,65433,14,22,0.011745937504677421,0.09348187988218723,2048
14,q_proj,model.layers.14.self_attn.q_proj,0.5221090241679995,0.02297044330148192,mse,0,"[-127,127]","[-127,127]","[-512,511]",INT32,nearest-even,calibration_outputs/gguf-all-126-oasst1/modules/0098/scales.npz,calibration_outputs/gguf-all-126-oasst1/modules/0098/qparams.npz,4.684925079345703e-05,0.0007843971252441406,521,64507,16,25,0.0010648648044679087,0.01782903413078585,2048
14,k_proj,model.layers.14.self_attn.k_proj,0.5221090241679995,0.021826114068106618,mse,0,"[-127,127]","[-127,127]","[-512,511]",INT32,nearest-even,calibration_outputs/gguf-all-126-oasst1/modules/0099/scales.npz,calibration_outputs/gguf-all-126-oasst1/modules/0099/qparams.npz,9.179115295410156e-05,0.0009303092956542969,171,65209,15,24,0.002195763714354993,0.022254207827047227,256
14,v_proj,model.layers.14.self_attn.v_proj,0.5221090241679995,0.013131198788238835,mse,0,"[-127,127]","[-127,127]","[-512,511]",INT32,nearest-even,calibration_outputs/gguf-all-126-oasst1/modules/0100/scales.npz,calibration_outputs/gguf-all-126-oasst1/modules/0100/qparams.npz,0.00014030933380126953,0.0005726814270019531,333,65407,14,23,0.005578833321619997,0.022770361322907787,256
14,o_proj,model.layers.14.self_attn.o_proj,0.059502935785008225,0.00665561399765493,mse,0,"[-127,127]","[-127,127]","[-512,511]",INT32,nearest-even,calibration_outputs/gguf-all-126-oasst1/modules/0101/scales.npz,calibration_outputs/gguf-all-126-oasst1/modules/0101/qparams.npz,0.0001615285873413086,0.0016841888427734375,561,65443,17,25,0.0014441079610986321,0.015057090239410683,2048
14,gate_proj,model.layers.14.mlp.gate_proj,0.6668131670613927,0.1,fixed,0,"[-127,127]","[-127,127]","[-512,511]",INT32,nearest-even,calibration_outputs/gguf-all-126-oasst1/modules/0102/scales.npz,calibration_outputs/gguf-all-126-oasst1/modules/0102/qparams.npz,0.00010138750076293945,0.0005884170532226562,23,65401,14,26,0.0006760652048417502,0.0039236423881233145,16384
14,up_proj,model.layers.14.mlp.up_proj,0.6668131670613927,0.028330732807872353,mse,0,"[-127,127]","[-127,127]","[-512,511]",INT32,nearest-even,calibration_outputs/gguf-all-126-oasst1/modules/0103/scales.npz,calibration_outputs/gguf-all-126-oasst1/modules/0103/qparams.npz,0.00011676549911499023,0.0007457733154296875,73,65291,14,24,0.002748279502559689,0.017553074597257187,16384
14,down_proj,model.layers.14.mlp.down_proj,0.8091608483021654,0.00703072449753549,mse,0,"[-127,127]","[-127,127]","[-512,511]",INT32,nearest-even,calibration_outputs/gguf-all-126-oasst1/modules/0104/scales.npz,calibration_outputs/gguf-all-126-oasst1/modules/0104/qparams.npz,0.0001634359359741211,0.0012226104736328125,1551,64047,15,21,0.018809720199139502,0.14070932922127988,2048
15,q_proj,model.layers.15.self_attn.q_proj,0.5212994673120694,0.02967633571321144,mse,0,"[-127,127]","[-127,127]","[-512,511]",INT32,nearest-even,calibration_outputs/gguf-all-126-oasst1/modules/0105/scales.npz,calibration_outputs/gguf-all-126-oasst1/modules/0105/qparams.npz,5.6684017181396484e-05,0.0007419586181640625,673,65135,17,25,0.0009957209086502979,0.013033368949399483,2048
15,k_proj,model.layers.15.self_attn.k_proj,0.5212994673120694,0.021530750564063266,mse,0,"[-127,127]","[-127,127]","[-512,511]",INT32,nearest-even,calibration_outputs/gguf-all-126-oasst1/modules/0106/scales.npz,calibration_outputs/gguf-all-126-oasst1/modules/0106/qparams.npz,6.341934204101562e-05,0.0009379386901855469,729,65227,18,25,0.001535500080449784,0.022709238031915224,256
15,v_proj,model.layers.15.self_attn.v_proj,0.5212994673120694,0.02005295172459187,mse,0,"[-127,127]","[-127,127]","[-512,511]",INT32,nearest-even,calibration_outputs/gguf-all-126-oasst1/modules/0107/scales.npz,calibration_outputs/gguf-all-126-oasst1/modules/0107/qparams.npz,0.0001480579376220703,0.0007076263427734375,4663,63743,18,23,0.0038489358112330334,0.01839555795127157,256
15,o_proj,model.layers.15.self_attn.o_proj,0.0728716737642063,0.004019391533994654,mse,0,"[-127,127]","[-127,127]","[-512,511]",INT32,nearest-even,calibration_outputs/gguf-all-126-oasst1/modules/0108/scales.npz,calibration_outputs/gguf-all-126-oasst1/modules/0108/qparams.npz,0.00014901161193847656,0.0019683837890625,233,64905,15,24,0.002701584426503302,0.03568684964033801,2048
15,gate_proj,model.layers.15.mlp.gate_proj,0.8713639627291462,0.1,fixed,0,"[-127,127]","[-127,127]","[-512,511]",INT32,nearest-even,calibration_outputs/gguf-all-126-oasst1/modules/0109/scales.npz,calibration_outputs/gguf-all-126-oasst1/modules/0109/qparams.npz,0.00010716915130615234,0.0011301040649414062,641,65213,18,26,0.0009338333636444836,0.009847319563236602,16384
15,up_proj,model.layers.15.mlp.up_proj,0.8713639627291462,0.03118999734926476,mse,0,"[-127,127]","[-127,127]","[-512,511]",INT32,nearest-even,calibration_outputs/gguf-all-126-oasst1/modules/0110/scales.npz,calibration_outputs/gguf-all-126-oasst1/modules/0110/qparams.npz,0.00011819601058959961,0.0006303787231445312,147,65317,15,24,0.0033020760794824967,0.017611072423906648,16384
15,down_proj,model.layers.15.mlp.down_proj,0.7310742956446851,0.018481999366045256,mse,0,"[-127,127]","[-127,127]","[-512,511]",INT32,nearest-even,calibration_outputs/gguf-all-126-oasst1/modules/0111/scales.npz,calibration_outputs/gguf-all-126-oasst1/modules/0111/qparams.npz,0.00017201900482177734,0.0013914108276367188,71,64753,13,23,0.006804386814265441,0.05503867144567305,2048
16,q_proj,model.layers.16.self_attn.q_proj,0.5084650234913263,0.03163715224746439,mse,0,"[-127,127]","[-127,127]","[-512,511]",INT32,nearest-even,calibration_outputs/gguf-all-126-oasst1/modules/0112/scales.npz,calibration_outputs/gguf-all-126-oasst1/modules/0112/qparams.npz,7.30752944946289e-05,0.0012607574462890625,21,65059,11,25,0.0011744493006580583,0.020262603268775898,2048
16,k_proj,model.layers.16.self_attn.k_proj,0.5084650234913263,0.023877710994060983,mse,0,"[-127,127]","[-127,127]","[-512,511]",INT32,nearest-even,calibration_outputs/gguf-all-126-oasst1/modules/0113/scales.npz,calibration_outputs/gguf-all-126-oasst1/modules/0113/qparams.npz,0.00011724233627319336,0.0008420944213867188,275,64565,15,24,0.0024966223639340773,0.017932018687168604,256
16,v_proj,model.layers.16.self_attn.v_proj,0.5084650234913263,0.009878570599917948,mse,0,"[-127,127]","[-127,127]","[-512,511]",INT32,nearest-even,calibration_outputs/gguf-all-126-oasst1/modules/0114/scales.npz,calibration_outputs/gguf-all-126-oasst1/modules/0114/qparams.npz,0.00022399425506591797,0.0005269050598144531,1401,65163,16,22,0.011529324309830828,0.027120603219506257,256
16,o_proj,model.layers.16.self_attn.o_proj,0.050307964715431995,0.008932531393021317,mse,0,"[-127,127]","[-127,127]","[-512,511]",INT32,nearest-even,calibration_outputs/gguf-all-126-oasst1/modules/0115/scales.npz,calibration_outputs/gguf-all-126-oasst1/modules/0115/qparams.npz,0.00012493133544921875,0.0012149810791015625,11,64295,12,26,0.000703612552712816,0.006842766352336852,2048
16,gate_proj,model.layers.16.mlp.gate_proj,1.0033412542868787,0.1,fixed,0,"[-127,127]","[-127,127]","[-512,511]",INT32,nearest-even,calibration_outputs/gguf-all-126-oasst1/modules/0116/scales.npz,calibration_outputs/gguf-all-126-oasst1/modules/0116/qparams.npz,9.131431579589844e-05,0.0006341934204101562,103,65057,15,26,0.0009161942014500488,0.006363124218948119,16384
16,up_proj,model.layers.16.mlp.up_proj,1.0033412542868787,0.04268388557187473,mse,0,"[-127,127]","[-127,127]","[-512,511]",INT32,nearest-even,calibration_outputs/gguf-all-126-oasst1/modules/0117/scales.npz,calibration_outputs/gguf-all-126-oasst1/modules/0117/qparams.npz,0.0001062154769897461,0.0007266998291015625,87,65207,14,24,0.0024967354419531173,0.0170820418116119,16384
16,down_proj,model.layers.16.mlp.down_proj,1.1444030521422859,0.018145165785509298,mse,0,"[-127,127]","[-127,127]","[-512,511]",INT32,nearest-even,calibration_outputs/gguf-all-126-oasst1/modules/0118/scales.npz,calibration_outputs/gguf-all-126-oasst1/modules/0118/qparams.npz,0.00016629695892333984,0.0013227462768554688,9,64835,8,22,0.010488234144756744,0.0834246925234558,2048
17,q_proj,model.layers.17.self_attn.q_proj,0.7801551518477793,0.019627759008522237,mse,0,"[-127,127]","[-127,127]","[-512,511]",INT32,nearest-even,calibration_outputs/gguf-all-126-oasst1/modules/0119/scales.npz,calibration_outputs/gguf-all-126-oasst1/modules/0119/qparams.npz,6.538629531860352e-05,0.0006613731384277344,413,65385,15,24,0.0025989444404172705,0.026287955798423007,2048
17,k_proj,model.layers.17.self_attn.k_proj,0.7801551518477793,0.03161156489809467,mse,0,"[-127,127]","[-127,127]","[-512,511]",INT32,nearest-even,calibration_outputs/gguf-all-126-oasst1/modules/0120/scales.npz,calibration_outputs/gguf-all-126-oasst1/modules/0120/qparams.npz,0.00011199712753295898,0.00095367431640625,185,64463,15,24,0.002764024379010009,0.0235361309548484,256
17,v_proj,model.layers.17.self_attn.v_proj,0.7801551518477793,0.007584077251045921,mse,0,"[-127,127]","[-127,127]","[-512,511]",INT32,nearest-even,calibration_outputs/gguf-all-126-oasst1/modules/0121/scales.npz,calibration_outputs/gguf-all-126-oasst1/modules/0121/qparams.npz,0.00013840198516845703,0.0003383159637451172,33,65527,11,22,0.014237067764603907,0.03480172120236511,256
17,o_proj,model.layers.17.self_attn.o_proj,0.04963882701603446,0.017197297552991358,mse,0,"[-127,127]","[-127,127]","[-512,511]",INT32,nearest-even,calibration_outputs/gguf-all-126-oasst1/modules/0122/scales.npz,calibration_outputs/gguf-all-126-oasst1/modules/0122/qparams.npz,9.709596633911133e-05,0.001922607421875,243,64795,18,27,0.00028026088763135297,0.0055494752556396075,2048
17,gate_proj,model.layers.17.mlp.gate_proj,1.3803368515855685,0.1,fixed,0,"[-127,127]","[-127,127]","[-512,511]",INT32,nearest-even,calibration_outputs/gguf-all-126-oasst1/modules/0123/scales.npz,calibration_outputs/gguf-all-126-oasst1/modules/0123/qparams.npz,7.832050323486328e-05,0.0010995864868164062,487,64545,17,25,0.001081086768498085,0.015177997492581943,16384
17,up_proj,model.layers.17.mlp.up_proj,1.3803368515855685,0.057270489689215415,mse,0,"[-127,127]","[-127,127]","[-512,511]",INT32,nearest-even,calibration_outputs/gguf-all-126-oasst1/modules/0124/scales.npz,calibration_outputs/gguf-all-126-oasst1/modules/0124/qparams.npz,8.553266525268555e-05,0.0012149810791015625,37,65317,12,24,0.0020615135387055524,0.029283548413222286,16384
17,down_proj,model.layers.17.mlp.down_proj,18.486479992002952,0.41800357495886586,mse,0,"[-127,127]","[-127,127]","[-512,511]",INT32,nearest-even,calibration_outputs/gguf-all-126-oasst1/modules/0125/scales.npz,calibration_outputs/gguf-all-126-oasst1/modules/0125/qparams.npz,0.00014901161193847656,0.0012149810791015625,39,65277,11,23,0.006590135462233391,0.05373332850486617,2048
