layer,j,s_X,s_10,selection_split,feasible,mse,nmse
0,-4,0.16411827008696706,0.02793682146138546,calibration,True,0.02078302145710152,0.008350294634590917
0,-3,0.19517061448935946,0.02793682146138546,calibration,True,0.020191113533411582,0.008112475241026705
0,-2,0.23209828339019947,0.02793682146138546,calibration,True,0.020496766497259865,0.008235281845895843
0,-1,0.27601292998754307,0.02793682146138546,calibration,True,0.020771601119187286,0.008345706120519117
0,0,0.3282365401739341,0.02793682146138546,calibration,True,0.02078302145710152,0.008350294634590917
0,1,0.3903412289787189,0.02793682146138546,calibration,True,0.020191113533411582,0.008112475241026705
0,2,0.46419656678039894,0.02793682146138546,calibration,True,0.020496766497259865,0.008235281845895843
0,3,0.5520258599750861,0.02793682146138546,calibration,True,0.020771601119187286,0.008345706120519117
0,4,0.6564730803478682,0.02793682146138546,calibration,True,0.02078302145710152,0.008350294634590917
1,-4,0.051912271515022874,0.007798598043942701,calibration,True,0.0016983579214747777,0.0040121345437780925
1,-3,0.06173444264161829,0.007798598043942701,calibration,True,0.0017817404911228834,0.004209114275673267
1,-2,0.07341503843013986,0.007798598043942701,calibration,True,0.0017012435438385344,0.004018951425555211
1,-1,0.0873056860493205,0.007798598043942701,calibration,True,0.0016743342495399262,0.003955381957753992
1,0,0.10382454303004575,0.007798598043942701,calibration,True,0.0016983579214747777,0.0040121345437780925
1,1,0.12346888528323657,0.007798598043942701,calibration,True,0.0017817404911228834,0.004209114275673267
1,2,0.1468300768602797,0.007798598043942701,calibration,True,0.0017012435438385344,0.004018951425555211
1,3,0.174611372098641,0.007798598043942701,calibration,True,0.0016743342495399262,0.003955381957753992
1,4,0.2076490860600915,0.007798598043942701,calibration,True,0.0016983579214747777,0.0040121345437780925
2,-4,0.044406806046173565,0.007314705481437474,calibration,True,0.0016766907123144641,0.00897845163947851
2,-3,0.05280888970465546,0.007314705481437474,calibration,True,0.0018418190839792296,0.009862691701410617
2,-2,0.06280070737217022,0.007314705481437474,calibration,True,0.0019334836956437934,0.01035354327996192
2,-1,0.07468304803418865,0.007314705481437474,calibration,True,0.0018402912327097605,0.009854510264825745
2,0,0.08881361209234713,0.007314705481437474,calibration,True,0.0016766907123144641,0.00897845163947851
2,1,0.10561777940931091,0.007314705481437474,calibration,True,0.0018418190839792296,0.009862691701410617
2,2,0.12560141474434044,0.007314705481437474,calibration,True,0.0019334836956437934,0.01035354327996192
2,3,0.1493660960683773,0.007314705481437474,calibration,True,0.0018402912327097605,0.009854510264825745
2,4,0.17762722418469426,0.007314705481437474,calibration,True,0.0016766907123144641,0.00897845163947851
3,-4,0.025360463074991197,0.004133159113102198,calibration,True,0.001409178088142504,0.021259333808964026
3,-3,0.030158843128543316,0.004133159113102198,calibration,True,0.0014631498748219397,0.022073570305358007
3,-2,0.03586511082871464,0.004133159113102198,calibration,True,0.0016417155437382796,0.024767471945084277
3,-1,0.042651044977868584,0.004133159113102198,calibration,True,0.0014742683427619065,0.022241307246039215
3,0,0.050720926149982394,0.004133159113102198,calibration,True,0.001409178088142504,0.021259333808964026
3,1,0.06031768625708663,0.004133159113102198,calibration,True,0.0014631498748219397,0.022073570305358007
3,2,0.07173022165742927,0.004133159113102198,calibration,True,0.0016417155437382796,0.024767471945084277
3,3,0.08530208995573717,0.004133159113102198,calibration,True,0.0014742683427619065,0.022241307246039215
3,4,0.10144185229996479,0.004133159113102198,calibration,True,0.001409178088142504,0.021259333808964026
4,-4,0.019111697932104772,0.00470789852759855,calibration,True,0.00040778384336713307,0.013611487773759312
4,-3,0.022727767160641784,0.00470789852759855,calibration,True,0.00040182572383656075,0.013412610666526874
4,-2,0.027028022415560404,0.00470789852759855,calibration,True,0.0004142912636692862,0.01382870008690563
4,-1,0.032141916561037466,0.00470789852759855,calibration,True,0.00041490043378898374,0.013849033682194587
4,0,0.038223395864209544,0.00470789852759855,calibration,True,0.00040778384336713307,0.013611487773759312
4,1,0.04545553432128357,0.00470789852759855,calibration,True,0.00040182572383656075,0.013412610666526874
4,2,0.05405604483112081,0.00470789852759855,calibration,True,0.0004142912636692862,0.01382870008690563
4,3,0.06428383312207493,0.00470789852759855,calibration,True,0.00041490043378898374,0.013849033682194587
4,4,0.07644679172841909,0.00470789852759855,calibration,True,0.00040778384336713307,0.013611487773759312
5,-4,0.01681094734798871,0.0070338055991494425,calibration,True,0.0002321661338339504,0.011350952698994417
5,-3,0.0199916981961643,0.0070338055991494425,calibration,True,0.0002374862823432168,0.011611062789484617
5,-2,0.02377426973586565,0.0070338055991494425,calibration,True,0.00024002515897518942,0.01173519230003035
5,-1,0.02827253072388529,0.0070338055991494425,calibration,True,0.00022616061419244304,0.011057333779396147
5,0,0.03362189469597742,0.0070338055991494425,calibration,True,0.0002321661338339504,0.011350952698994417
5,1,0.0399833963923286,0.0070338055991494425,calibration,True,0.0002374862823432168,0.011611062789484617
5,2,0.0475485394717313,0.0070338055991494425,calibration,True,0.00024002515897518942,0.01173519230003035
5,3,0.05654506144777058,0.0070338055991494425,calibration,True,0.00022616061419244304,0.011057333779396147
5,4,0.06724378939195484,0.0070338055991494425,calibration,True,0.0002321661338339504,0.011350952698994417
6,-4,0.016255919571559,0.004886458808583359,calibration,True,0.00015640015113250954,0.010175000945379957
6,-3,0.019331655215409946,0.004886458808583359,calibration,True,0.00015900835396729122,0.010344684069836541
6,-2,0.02298934192694497,0.004886458808583359,calibration,True,0.00017284287187705502,0.01124472305184148
6,-1,0.02733908898875332,0.004886458808583359,calibration,True,0.00017897643991837168,0.011643757580689688
6,0,0.032511839143118,0.004886458808583359,calibration,True,0.00015640015113250954,0.010175000945379957
6,1,0.03866331043081989,0.004886458808583359,calibration,True,0.00015900835396729122,0.010344684069836541
6,2,0.04597868385388994,0.004886458808583359,calibration,True,0.00017284287187705502,0.01124472305184148
6,3,0.05467817797750664,0.004886458808583359,calibration,True,0.00017897643991837168,0.011643757580689688
6,4,0.065023678286236,0.004886458808583359,calibration,True,0.00015640015113250954,0.010175000945379957
7,-4,0.014083473827327893,0.01752360018309088,calibration,True,0.00013494738873489096,0.010154375080755078
7,-3,0.01674816727941293,0.01752360018309088,calibration,True,0.00013537561228764162,0.010186597583271123
7,-2,0.01991703969193363,0.01752360018309088,calibration,True,0.00012999048027860364,0.009781382997114306
7,-1,0.02368548531143907,0.01752360018309088,calibration,True,0.0001324543673351406,0.009966782904168789
7,0,0.028166947654655786,0.01752360018309088,calibration,True,0.00013494738873489096,0.010154375080755078
7,1,0.03349633455882586,0.01752360018309088,calibration,True,0.00013537561228764162,0.010186597583271123
7,2,0.03983407938386726,0.01752360018309088,calibration,True,0.00012999048027860364,0.009781382997114306
7,3,0.04737097062287814,0.01752360018309088,calibration,True,0.0001324543673351406,0.009966782904168789
7,4,0.05633389530931157,0.01752360018309088,calibration,True,0.00013494738873489096,0.010154375080755078
8,-4,0.012263189845190406,0.027664845681887387,calibration,True,0.00014831896686349225,0.011939411595371164
8,-3,0.014583472616529548,0.027664845681887387,calibration,True,0.0001512411654184709,0.012174643353312142
8,-2,0.01734276939702429,0.027664845681887387,calibration,True,0.00015077669179900668,0.012137254057558222
8,-1,0.020624144760792735,0.027664845681887387,calibration,True,0.00015072600146627275,0.012133173576422091
8,0,0.024526379690380812,0.027664845681887387,calibration,True,0.00014831896686349225,0.011939411595371164
8,1,0.029166945233059096,0.027664845681887387,calibration,True,0.0001512411654184709,0.012174643353312142
8,2,0.03468553879404858,0.027664845681887387,calibration,True,0.00015077669179900668,0.012137254057558222
8,3,0.04124828952158547,0.027664845681887387,calibration,True,0.00015072600146627275,0.012133173576422091
8,4,0.049052759380761625,0.027664845681887387,calibration,True,0.00014831896686349225,0.011939411595371164
9,-4,0.013272434727505675,0.0038522836167317947,calibration,True,7.989147461489765e-05,0.0057297921638341754
9,-3,0.01578367381135895,0.0038522836167317947,calibration,True,8.202493829868038e-05,0.005882803527763658
9,-2,0.01877005719735018,0.0038522836167317947,calibration,True,8.233623179784258e-05,0.005905129402467433
9,-1,0.022321485568096867,0.0038522836167317947,calibration,True,7.911526288056744e-05,0.0056741224952709165
9,0,0.02654486945501135,0.0038522836167317947,calibration,True,7.989147461489765e-05,0.0057297921638341754
9,1,0.0315673476227179,0.0038522836167317947,calibration,True,8.202493829868038e-05,0.005882803527763658
9,2,0.03754011439470036,0.0038522836167317947,calibration,True,8.233623179784258e-05,0.005905129402467433
9,3,0.04464297113619373,0.0038522836167317947,calibration,True,7.911526288056744e-05,0.0056741224952709165
9,4,0.0530897389100227,0.0038522836167317947,calibration,True,7.989147461489765e-05,0.0057297921638341754
10,-4,0.014538759680587031,0.005130665366684068,calibration,True,9.245511886434096e-05,0.006137730351740411
10,-3,0.017289596455468785,0.005130665366684068,calibration,True,9.781347150944152e-05,0.006493450230413856
10,-2,0.02056091112036931,0.005130665366684068,calibration,True,9.808995517594093e-05,0.006511804889544454
10,-1,0.02445118179528175,0.005130665366684068,calibration,True,9.500502882215983e-05,0.006307008807433861
10,0,0.029077519361174062,0.005130665366684068,calibration,True,9.245511886434096e-05,0.006137730351740411
10,1,0.03457919291093757,0.005130665366684068,calibration,True,9.781347150944152e-05,0.006493450230413856
10,2,0.04112182224073862,0.005130665366684068,calibration,True,9.808995517594093e-05,0.006511804889544454
10,3,0.0489023635905635,0.005130665366684068,calibration,True,9.500502882215983e-05,0.006307008807433861
10,4,0.058155038722348125,0.005130665366684068,calibration,True,9.245511886434096e-05,0.006137730351740411
11,-4,0.020604261392307255,0.005009357558189546,calibration,True,0.00021613845085452483,0.008255768629449312
11,-3,0.02450273424710766,0.005009357558189546,calibration,True,0.00022069164180910702,0.008429685352263397
11,-2,0.029138825903681272,0.005009357558189546,calibration,True,0.00022491809672107375,0.00859112184696411
11,-1,0.03465209908748336,0.005009357558189546,calibration,True,0.00021858819946135453,0.00834934086344258
11,0,0.04120852278461451,0.005009357558189546,calibration,True,0.00021613845085452483,0.008255768629449312
11,1,0.04900546849421532,0.005009357558189546,calibration,True,0.00022069164180910702,0.008429685352263397
11,2,0.058277651807362545,0.005009357558189546,calibration,True,0.00022491809672107375,0.00859112184696411
11,3,0.06930419817496672,0.005009357558189546,calibration,True,0.00021858819946135453,0.00834934086344258
11,4,0.08241704556922902,0.005009357558189546,calibration,True,0.00021613845085452483,0.008255768629449312
12,-4,0.023873389236570345,0.005577903089469502,calibration,True,0.00038416387244382506,0.012006633913761522
12,-3,0.028390404339358834,0.005577903089469502,calibration,True,0.00038741124562279516,0.01210812711428876
12,-2,0.03376207083816966,0.005577903089469502,calibration,True,0.0003841370986085493,0.01200579712596943
12,-1,0.04015009485797723,0.005577903089469502,calibration,True,0.00037728295007361597,0.011791577991499614
12,0,0.04774677847314069,0.005577903089469502,calibration,True,0.00038416387244382506,0.012006633913761522
12,1,0.05678080867871767,0.005577903089469502,calibration,True,0.00038741124562279516,0.01210812711428876
12,2,0.06752414167633931,0.005577903089469502,calibration,True,0.0003841370986085493,0.01200579712596943
12,3,0.08030018971595446,0.005577903089469502,calibration,True,0.00037728295007361597,0.011791577991499614
12,4,0.09549355694628138,0.005577903089469502,calibration,True,0.00038416387244382506,0.012006633913761522
13,-4,0.03799585396923756,0.00848023200263974,calibration,True,0.0008755744229308264,0.013847128654352604
13,-3,0.04518493988082169,0.00848023200263974,calibration,True,0.0008455441967266809,0.013372203399710982
13,-2,0.05373425199724336,0.00848023200263974,calibration,True,0.0008566190168156402,0.013547350656847963
13,-1,0.06390115479447096,0.00848023200263974,calibration,True,0.0009077608141629919,0.014356153459827459
13,0,0.07599170793847512,0.00848023200263974,calibration,True,0.0008755744229308264,0.013847128654352604
13,1,0.09036987976164337,0.00848023200263974,calibration,True,0.0008455441967266809,0.013372203399710982
13,2,0.10746850399448672,0.00848023200263974,calibration,True,0.0008566190168156402,0.013547350656847963
13,3,0.12780230958894193,0.00848023200263974,calibration,True,0.0009077608141629919,0.014356153459827459
13,4,0.15198341587695025,0.00848023200263974,calibration,True,0.0008755744229308264,0.013847128654352604
14,-4,0.05646788474404173,0.00766705943080151,calibration,True,0.0019710643978957582,0.017869718619830263
14,-3,0.06715201030676803,0.00766705943080151,calibration,True,0.001967616089663003,0.017838456172038317
14,-2,0.07985764844354461,0.00766705943080151,calibration,True,0.0020199876467287803,0.0183132580047166
14,-1,0.0949672837164492,0.00766705943080151,calibration,True,0.002001982714463336,0.01815002484313341
14,0,0.11293576948808345,0.00766705943080151,calibration,True,0.0019710643978957582,0.017869718619830263
14,1,0.13430402061353605,0.00766705943080151,calibration,True,0.001967616089663003,0.017838456172038317
14,2,0.15971529688708921,0.00766705943080151,calibration,True,0.0020199876467287803,0.0183132580047166
14,3,0.1899345674328984,0.00766705943080151,calibration,True,0.002001982714463336,0.01815002484313341
14,4,0.2258715389761669,0.00766705943080151,calibration,True,0.0019710643978957582,0.017869718619830263
15,-4,0.06212203088216116,0.01498011739182648,calibration,True,0.0020201648771700155,0.012910531853483507
15,-3,0.07387596112348481,0.01498011739182648,calibration,True,0.001990267187970933,0.01271946078145743
15,-2,0.08785381859571256,0.01498011739182648,calibration,True,0.0019142123312233246,0.01223340706289776
15,-1,0.10447638615417973,0.01498011739182648,calibration,True,0.00198465762313377,0.01268361100190091
15,0,0.12424406176432232,0.01498011739182648,calibration,True,0.0020201648771700155,0.012910531853483507
15,1,0.14775192224696962,0.01498011739182648,calibration,True,0.001990267187970933,0.01271946078145743
15,2,0.17570763719142513,0.01498011739182648,calibration,True,0.0019142123312233246,0.01223340706289776
15,3,0.20895277230835946,0.01498011739182648,calibration,True,0.00198465762313377,0.01268361100190091
15,4,0.24848812352864463,0.01498011739182648,calibration,True,0.0020201648771700155,0.012910531853483507
16,-4,0.0695969367733102,0.03561739847926372,calibration,True,0.0036112730104812234,0.011243636915291367
16,-3,0.08276517239321501,0.03561739847926372,calibration,True,0.0037933171835185893,0.011810428342645639
16,-2,0.09842493188443809,0.03561739847926372,calibration,True,0.0036066157171159015,0.0112291365118448
16,-1,0.11704762929063195,0.03561739847926372,calibration,True,0.003401406004584314,0.010590219572444246
16,0,0.1391938735466204,0.03561739847926372,calibration,True,0.0036112730104812234,0.011243636915291367
16,1,0.16553034478643003,0.03561739847926372,calibration,True,0.0037933171835185893,0.011810428342645639
16,2,0.19684986376887617,0.03561739847926372,calibration,True,0.0036066157171159015,0.0112291365118448
16,3,0.2340952585812639,0.03561739847926372,calibration,True,0.003401406004584314,0.010590219572444246
16,4,0.2783877470932408,0.03561739847926372,calibration,True,0.0036112730104812234,0.011243636915291367
17,-4,0.07208666255078797,0.41800357495886586,calibration,True,0.17556372028300438,0.09133655978024509
17,-3,0.08572597200219725,0.41800357495886586,calibration,True,0.16652598271449726,0.08663470078356018
17,-2,0.10194593584553704,0.41800357495886586,calibration,True,0.15888036196597594,0.08265708686977026
17,-1,0.12123483225312358,0.41800357495886586,calibration,True,0.15312738391022773,0.07966411529650752
17,0,0.14417332510157593,0.41800357495886586,calibration,True,0.14950204599684697,0.07777804286357362
17,1,0.1714519440043945,0.41800357495886586,calibration,True,0.15157710117290998,0.07885758481466848
17,2,0.2038918716910741,0.41800357495886586,calibration,True,0.15554113120617613,0.08091986092456446
17,3,0.24246966450624716,0.41800357495886586,calibration,True,0.1578057704247332,0.08209803347087984
17,4,0.28834665020315187,0.41800357495886586,calibration,True,0.14950204599684697,0.07777804286357362
