population,kind,feature,count,mean_delta_nll,pearson
all,group,no_positive,48,0.031726983909888755,
all,group,positive_1_3,1216,-0.04004369352091643,
all,group,positive_4_8,5756,1.0749974189330493,
all,group,positive_gt8,3089,0.08640073785935583,
all,group,max0,48,0.031726983909888755,
all,group,max1,3235,-0.040608430957994185,
all,group,max2,5693,0.12664702029946645,
all,group,max_ge3,1133,5.133495744827005,
all,correlation,positive_layers,10109,,-0.051820257081347534
all,correlation,negative_layers,10109,,0.2496145956885246
all,correlation,sum_k,10109,,-0.0966540747954923
all,correlation,max_k,10109,,0.42333931431509636
all,correlation,mean_k,10109,,-0.09665407479549228
non_bos,group,no_positive,48,0.031726983909888755,
non_bos,group,positive_1_3,1216,-0.04004369352091643,
non_bos,group,positive_4_8,5724,0.09979003341620232,
non_bos,group,positive_gt8,3089,0.08640073785935583,
non_bos,group,max0,48,0.031726983909888755,
non_bos,group,max1,3235,-0.040608430957994185,
non_bos,group,max2,5693,0.12664702029946645,
non_bos,group,max_ge3,1101,0.1814384076155372,
non_bos,correlation,positive_layers,10077,,0.048636105231566855
non_bos,correlation,negative_layers,10077,,-0.005899700306155899
non_bos,correlation,sum_k,10077,,0.0573473843915859
non_bos,correlation,max_k,10077,,0.11773142443804208
non_bos,correlation,mean_k,10077,,0.05734738439158595
