layer,s_h_target,s_h_effective,relative_error,alpha_relative_error,old_sX_down_base,ratio,log2_ratio,nearest_old_pot_k,within_old_pot_family
0,0.9242752639123138,0.9242839708894487,9.420329067324804e-06,9.420240325486723e-06,0.5552270844226747,1.6646953954894321,0.7352582183658497,1,False
1,0.16033744932005145,0.16033747303505153,1.479068063972439e-07,1.4790678454085443e-07,0.11273562063382367,1.422243228303531,0.5081682119757769,1,False
2,0.1310988304048144,0.13109918899554832,2.7352702751413793e-06,2.735262793462237e-06,0.07017309799698591,1.868225755134529,0.9016687998729586,1,False
3,0.10273501992550886,0.10273462934587256,-3.8018159395246413e-06,3.8018303934027127e-06,0.12484905700449112,0.822870687298639,-0.28126236345176764,0,False
4,0.09729588175629461,0.09729513605886003,-7.664224025910615e-06,7.664282766703042e-06,0.037249290004833964,2.611999746739702,1.385154757000196,1,False
5,0.046593790112062765,0.04659360920157658,-3.882716682776796e-06,3.88273175830016e-06,0.053060478629855794,0.8781226706718687,-0.18750560158697804,0,False
6,0.07549535887751013,0.0754952774478138,-1.078605328112775e-06,1.0786064914444747e-06,0.03796390180407604,1.988606909727813,0.9917581251242946,1,False
7,0.0390584401513202,0.03905865490005455,5.498139032657185e-06,5.498108803190125e-06,0.030466186218710067,1.2820329600712421,0.3584333530019498,0,False
8,0.03343249953147318,0.03343238261876052,-3.496977919755143e-06,3.4969901487051037e-06,0.032015071233292246,1.0442701306250546,0.06249495491847589,0,False
9,0.038938102000617744,0.03893820057842187,2.531654062808598e-06,2.5316476535374348e-06,0.023383857410043018,1.665174393412889,0.7356732783996307,1,False
10,0.05009910237468324,0.050099492428619684,7.78564720629893e-06,7.78558659047328e-06,0.03956971448242851,1.26610699834256,0.3403993316661739,0,False
11,0.07452437046962444,0.07452464035241216,3.6214031197367384e-06,3.6213900051909066e-06,0.07452437046962444,1.0000036214031198,5.224570861897736e-06,0,False
12,0.07296151173470809,0.07296128004228115,-3.17554312444884e-06,3.17555320854111e-06,0.06579250304108764,1.1089603932034109,0.14920784020710118,0,False
13,0.20673134333154997,0.20673000094660718,-6.493378900143354e-06,6.49342106442413e-06,0.12453805017166093,1.6599746074525368,0.7311611729080487,1,False
14,0.2362652594768557,0.23626438267850186,-3.711076083634457e-06,3.7110898557154892e-06,0.10165363894591115,2.32420978853709,1.2167402956022737,1,False
15,0.22292577051065776,0.22292542008340643,-1.5719459016559481e-06,1.5719483727295593e-06,0.14861333651805486,1.5000364388987626,0.5849975471078341,1,False
16,0.22059144122454605,0.22059139106947367,-2.2736635698387752e-07,2.2736640866791872e-07,0.22722050081367864,0.9708252128638654,-0.042716518329373995,0,False
17,0.32735642106007234,0.32735680122985605,1.1613329058218623e-06,1.161331557190109e-06,0.21088551144559423,1.5522963099070461,0.6344039724932546,1,False
