layer,retained_percentile,selection_policy,clipping_fraction,s_act,score,input_nmse,table_nmse,total_nmse,worst_total_nmse,saturation_rate,output_code_utilization,zero_code_fraction,min_used_code,max_used_code,prefill_total_nmse,decode_total_nmse,op_name,s10,s10_source,selected_lut_sha256,absmax_s_act,absmax_total_nmse,absmax_lut_sha256
0,99.995,PERCENTILE_CLIPPING,4.999999999995453e-05,0.08661417322834646,0.0001542410859018469,3.890298465702959e-05,0.00011518152694873831,0.0001542410859018469,0.00016147616181293986,4.9591064453125e-05,0.4392156862745098,0.35599851608276367,-2,127,0.00016147616181293986,0.0001470060099907539,model.layers.0.mlp.gelu,0.1,AUTHORITATIVE_FIXED_LINEAR_ARTIFACT,2a25cdcad43a3bad07431bea106bb1ce1f5130574fc6bb8777acc236e048037d,0.12125984251968504,0.00023529456175321517,bd86a205e0861c84f2a196e9b93c28dc2949133be10887a1b039f6772170051b
1,99.95,PERCENTILE_CLIPPING,0.0004999999999999716,0.059842519685039376,0.00020536226436330306,4.9329979812097276e-05,0.0001561790111321108,0.00020536226436330306,0.00021671424834758285,0.0003533363342285156,0.3137254901960784,0.1295313835144043,-3,127,0.00019401028037902324,0.00021671424834758285,model.layers.1.mlp.gelu,0.1,AUTHORITATIVE_FIXED_LINEAR_ARTIFACT,eb4a0fa441458f45273a45e8749b147f1dda3923408a62184d78af5913cd8161,0.08188976377952756,0.000248702502919284,d4f3ff04b46125b1e8b9158156d3c2a5ac816b4d3934a85267463dfc4a1923ed
2,99.99,PERCENTILE_CLIPPING,0.00010000000000005117,0.042519684937849155,0.0005937527640896072,0.0001726969970877302,0.00042186508255897116,0.0005937527640896072,0.0006418805422875975,9.775161743164062e-05,0.23137254901960785,0.1396641731262207,-4,127,0.0006418805422875975,0.000545624985891617,model.layers.2.mlp.gelu,0.1,AUTHORITATIVE_FIXED_LINEAR_ARTIFACT,272f1d2620338e53fd4730c2f361b1a3f38fde7e51d3aa92195e1844ef0aed2e,0.07559055118110238,0.0009464250129593274,a47f53fc76583ccbf36038dbe2e4d4ddda6f6a2f61e3779aace196a2de7e517e
3,99.995,PERCENTILE_CLIPPING,4.999999999995453e-05,0.03779526892647814,0.0016559842726003482,0.00046037215802069615,0.0012044502280120916,0.0016559842726003482,0.0017306951763672491,4.57763671875e-05,0.20784313725490197,0.03537464141845703,-4,127,0.0017306951763672491,0.0015812733688334475,model.layers.3.mlp.gelu,0.1,AUTHORITATIVE_FIXED_LINEAR_ARTIFACT,4a9183b28db1c91e94a25a8056ceff3e0311bf9839489c9be8330f6d1d687a7b,0.07480314960629922,0.002887265961544482,da005b195b65bdd75c2054049eaa923933edc89895ab26372b148e6cc1d360e0
4,99.99,PERCENTILE_CLIPPING,0.00010000000000005117,0.027554203168067923,0.00255729776341382,0.0009689024035883181,0.0015815524752365304,0.00255729776341382,0.002760891594185609,8.630752563476562e-05,0.16470588235294117,0.033007144927978516,-6,127,0.0023537039326420317,0.002760891594185609,model.layers.4.mlp.gelu,0.1,AUTHORITATIVE_FIXED_LINEAR_ARTIFACT,ade519f474b2c40f469d4061b8888a42db6bdc019791a33c07265092166fe174,0.06692913385826772,0.00675322314074453,18e564c395c45f3075afb2eba510aba206d6ec19209a1f145060ed805305d475
5,99.995,PERCENTILE_CLIPPING,4.999999999995453e-05,0.031495509874423684,0.005123055199476869,0.0015168322122754655,0.003600769690226076,0.005123055199476869,0.0051533390966433095,4.3392181396484375e-05,0.1803921568627451,0.042781829833984375,-5,127,0.005092771302310429,0.0051533390966433095,model.layers.5.mlp.gelu,0.1,AUTHORITATIVE_FIXED_LINEAR_ARTIFACT,49b1876dbc661a9e1c007cecbf8a569b165a9fb0641a9039cc820d250ff962a4,0.07637795275590552,0.009177899916659054,4977bcb8d9be2ac9f5785cf2a91e65c893a1c17683d341d33595dcaf44f7cf42
6,99.995,PERCENTILE_CLIPPING,4.999999999995453e-05,0.03228312435916734,0.00451689548420141,0.0013747139603687412,0.003125139995313146,0.00451689548420141,0.004599963003400548,4.6253204345703125e-05,0.1843137254901961,0.0558009147644043,-5,127,0.00443382796500227,0.004599963003400548,model.layers.6.mlp.gelu,0.1,AUTHORITATIVE_FIXED_LINEAR_ARTIFACT,5f09299f9932f0a0744d72ab1e9a11db2bb1f7805721e2d1458657d1eecb2c39,0.07874015748031496,0.00878664214398132,f139ff3fd91dbd52f0191108fa962b4d0b62c6a559d16121534164db981e94f3
7,99.995,PERCENTILE_CLIPPING,4.999999999995453e-05,0.03228312435916734,0.004703903872310543,0.0016933384575233922,0.002996550584390037,0.004703903872310543,0.005169484081001504,4.9114227294921875e-05,0.1843137254901961,0.05042219161987305,-5,127,0.004238323663619582,0.005169484081001504,model.layers.7.mlp.gelu,0.1,AUTHORITATIVE_FIXED_LINEAR_ARTIFACT,5f09299f9932f0a0744d72ab1e9a11db2bb1f7805721e2d1458657d1eecb2c39,0.06692913385826772,0.01013066336946511,18e564c395c45f3075afb2eba510aba206d6ec19209a1f145060ed805305d475
8,99.995,PERCENTILE_CLIPPING,4.999999999995453e-05,0.027554203168067923,0.0033271414170587535,0.001899154854263549,0.0013990412728182504,0.0033271414170587535,0.003412499665621296,4.8160552978515625e-05,0.16470588235294117,0.04428529739379883,-6,127,0.003412499665621296,0.003241783168496211,model.layers.8.mlp.gelu,0.1,AUTHORITATIVE_FIXED_LINEAR_ARTIFACT,ade519f474b2c40f469d4061b8888a42db6bdc019791a33c07265092166fe174,0.05196850393700617,0.0047015777853176245,3e787bc8b548d54621a695c9f4e17d494e88663404c3e5b10a450e1252f93918
9,99.99,PERCENTILE_CLIPPING,0.00010000000000005117,0.026764520858398005,0.003421068932970254,0.0016606001562220224,0.001765468013721546,0.003421068932970254,0.003900020066565764,8.726119995117188e-05,0.1607843137254902,0.05108785629272461,-6,127,0.003900020066565764,0.002942117799374745,model.layers.9.mlp.gelu,0.1,AUTHORITATIVE_FIXED_LINEAR_ARTIFACT,828a3c865a4ac6b92af821cf8a836fea2e2b741987b3feb1c17f33c77e87db96,0.06377952755905511,0.006497089104407585,8c6c2b31010f847974391d672c26c26783afd554d06f066994513c47ed775f26
10,99.995,PERCENTILE_CLIPPING,4.999999999995453e-05,0.029131718062823688,0.003271179103689641,0.0018169456230615899,0.0014491476153304012,0.003271179103689641,0.003430134539609648,4.57763671875e-05,0.17254901960784313,0.04990243911743164,-6,127,0.0031122236677696346,0.003430134539609648,model.layers.10.mlp.gelu,0.1,AUTHORITATIVE_FIXED_LINEAR_ARTIFACT,cc33121e257ed41399a877ff1a51f9098e2e8eec5e3f0f0a4cef948ebdff2385,0.05354330708661399,0.004100118348151839,be03c242dc69fcba361d9f04256daf22ce28d1fcbf301c8285283fd0dd8ac45d
11,99.995,PERCENTILE_CLIPPING,4.999999999995453e-05,0.03543303041939046,0.002578022956849247,0.0013790759959150917,0.0011975046896004669,0.002578022956849247,0.002604820361881784,4.9591064453125e-05,0.2,0.05302286148071289,-5,127,0.002604820361881784,0.0025512255518167102,model.layers.11.mlp.gelu,0.1,AUTHORITATIVE_FIXED_LINEAR_ARTIFACT,b93bc64685a33717da78fa2c2a68023572d29d9e208e8835c59a162b7f69a540,0.05354330708661399,0.002885655230045971,be03c242dc69fcba361d9f04256daf22ce28d1fcbf301c8285283fd0dd8ac45d
12,99.995,PERCENTILE_CLIPPING,4.999999999995453e-05,0.03464559840991142,0.0023275265276621908,0.0011379456246041054,0.0011900771225755843,0.0023275265276621908,0.0024155369112144327,4.38690185546875e-05,0.19607843137254902,0.053876399993896484,-5,127,0.0022395161441099492,0.0024155369112144327,model.layers.12.mlp.gelu,0.1,AUTHORITATIVE_FIXED_LINEAR_ARTIFACT,d96239ff50b43a58235b4dbe5dd54bd6e76f76992365c186ba2e3b23544ad8fa,0.05354330708661399,0.002707407679205243,be03c242dc69fcba361d9f04256daf22ce28d1fcbf301c8285283fd0dd8ac45d
13,99.995,PERCENTILE_CLIPPING,4.999999999995453e-05,0.03937007693559355,0.0018906536284096964,0.0008104779731103178,0.0010815785722327808,0.0018906536284096964,0.0020425104189780254,4.57763671875e-05,0.21568627450980393,0.09585046768188477,-4,127,0.0020425104189780254,0.0017387968378413674,model.layers.13.mlp.gelu,0.1,AUTHORITATIVE_FIXED_LINEAR_ARTIFACT,3b86864a7e548f92d5ca5ab0b00c0cf0c43b8d00c4c4ef9558a2879a5c1bdc79,0.062204724409448825,0.0029869874841863308,06ea7ebf69707ca18aa8cb71a52af2e17e89fe23e033b7c734699f4623d914ff
14,99.995,PERCENTILE_CLIPPING,4.999999999995453e-05,0.04803149606272904,0.004169463416480998,0.0007736307794305183,0.0034071776959487435,0.004169463416480998,0.004344003875450622,4.8160552978515625e-05,0.25882352941176473,0.15511608123779297,-4,127,0.003994922957511375,0.004344003875450622,model.layers.14.mlp.gelu,0.1,AUTHORITATIVE_FIXED_LINEAR_ARTIFACT,7b7f6483ed7e328e1b726fd8fd990b1fd49c92b9af3411884fbe8bf11fedab81,0.09055118110236221,0.006850494024830668,87206a91c31b9a8b1543e06a5f9bc313518a0854cf50a35e40ebc77b7b907502
15,99.995,PERCENTILE_CLIPPING,4.999999999995453e-05,0.05590551181102362,0.003231536302037893,0.0006531731828133838,0.002578118083160005,0.003231536302037893,0.00346200497451335,4.863739013671875e-05,0.29411764705882354,0.17142868041992188,-3,127,0.00346200497451335,0.0030010676295624357,model.layers.15.mlp.gelu,0.1,AUTHORITATIVE_FIXED_LINEAR_ARTIFACT,63fd742b2e1cc86cf803ecfd92e14b4cac0cfacca9ad7fa2e674414246ae9bab,0.09763779527559055,0.006997828259612754,f778e72077f1a4d1bbab92c1991500d5e41cf9f3299d511f990273d0fc741f8d
16,99.99,PERCENTILE_CLIPPING,0.00010000000000005117,0.06456692913385828,0.002132806360347979,0.0004861471969502987,0.0016428786398421146,0.002132806360347979,0.0023158799931464373,8.344650268554688e-05,0.33725490196078434,0.12415885925292969,-3,127,0.0019497327275495209,0.0023158799931464373,model.layers.16.mlp.gelu,0.1,AUTHORITATIVE_FIXED_LINEAR_ARTIFACT,eeda8969666a81bd12791abdf43e95532e1b0deec16c30b7a505fd6e138345e1,0.12755905511811022,0.00421073553026655,a8091a8f6adf7c21aeac67960415f9a5351fbf1ecd35fedcbbc4ec4b782c3fa9
17,99.995,PERCENTILE_CLIPPING,4.999999999995453e-05,0.08672633858261938,0.0015919961020446926,0.00036845606637682436,0.001223349807212971,0.0015919961020446926,0.0016715977051934888,5.0067901611328125e-05,0.4392156862745098,0.19022178649902344,-2,127,0.0016715977051934888,0.0015123944988958962,model.layers.17.mlp.gelu,0.1,AUTHORITATIVE_FIXED_LINEAR_ARTIFACT,8f5b520735264030a488526b077fecb4bf5e84064b133b5b01a3c657819eee58,0.1078740157480315,0.0026738892903770527,94417e241184d504e51c6adcbdd836b1e3a2e142def193f7dd2ad535e69987f8
