layer,module_name,contract,sx_base,output_scale,output_scale_name,weight_scale_min,weight_scale_max,multiplier_min,multiplier_max,shift_min,shift_max,feasible_k_min,feasible_k_max,observed_k_min,observed_k_max,effective_shift_min,effective_shift_max,input_clip_rate,output_saturation_rate,prefill_nmse,decode_nmse,balanced_nmse,parameter_hash
0,model.layers.0.self_attn.q_proj,ORDINARY_INT8,0.095427669680057,0.16126557211294099,s8,7.832050323486328e-05,0.0016145706176757812,2109,65025,22,30,-1,7,0,0,22,30,0.00042724609375,9.1552734375e-05,0.000798732773535934,0.000820182658898501,0.0008094577162172174,8095283eec962d6b2103e30842378f439d97f4716a9701a99c6cb718a28d8bf8
0,model.layers.0.self_attn.k_proj,ORDINARY_INT8,0.1963493016761119,0.10883985576799235,s8,8.600950241088867e-05,0.0007996559143066406,1215,62347,20,28,-3,7,-2,-1,21,30,0.000762939453125,0.0,0.0006081317463031313,0.0006414608960284603,0.0006247963211657957,3ba6736158a730ccd50604915d203ac715941afa23b48278b9634a3ff0c31e03
0,model.layers.0.self_attn.v_proj,ORDINARY_INT8,0.08921225825575393,0.1309096360725107,s8,0.0003998279571533203,0.0019989013671875,23,65073,15,27,-4,7,-1,1,14,28,0.000762939453125,0.0,0.00046085872838600887,0.00038764202550877776,0.0004242503769473933,4b9beb6defbf05a5197c88d22ebb81f0691067e76acc370183af939e352d4de1
0,model.layers.0.self_attn.o_proj,ORDINARY_INT8,0.07960024630756629,0.2316453207376417,s8,0.0001913309097290039,0.0015459060668945312,701,65273,22,29,-2,7,-1,0,22,30,0.00067138671875,0.000213623046875,0.0004942931577712859,0.00043025248576324083,0.00046227282176726335,7523634cca31109d2e666f1fc35e3a293f34d6a8bd23c5618fd43ccbe0dfdf11
0,model.layers.0.mlp.gate_proj,GATE_PREACT_INT10,0.38115268617164433,0.028939161731223927,s10,9.757280349731445e-05,0.0011844635009765625,561,65433,17,25,-6,7,0,0,17,25,0.000274658203125,0.0,0.00018501767390121103,0.0007704111648236972,0.0004777144193624541,6c735bbfbc0abcdb98a182981d6a3500d2e27ad4aabac1a48bdcac6942a89454
0,model.layers.0.mlp.up_proj,ORDINARY_INT8,0.4134524317701438,0.3508029394105316,s8,0.00011485815048217773,0.000949859619140625,139,64455,18,28,-3,7,-1,0,18,29,0.000213623046875,3.0517578125e-05,0.00352143630005727,0.00319956893973096,0.003360502619894115,e395bf571f8f20b6657b58d060eca56b5e1224ed4a6f6b38af17de65ee1b9931
0,model.layers.0.mlp.down_proj,ORDINARY_INT8,0.5552270844226747,0.1974593584239719,s8,0.00017392635345458984,0.0015306472778320312,255,63121,18,26,-5,7,-1,2,16,27,3.814697265625e-05,3.0517578125e-05,0.010941991468415287,0.01003063180502614,0.010486311636720713,d4d744e1de2b22413b5a2bc5747d19e56d7d3a4f0f9d64597389e5cc932b8cc6
1,model.layers.1.self_attn.q_proj,ORDINARY_INT8,0.16311261034387303,0.1062335919144171,s8,4.875659942626953e-05,0.0005612373352050781,41,65347,16,29,-2,7,0,1,15,29,0.000152587890625,0.000274658203125,0.0006988724451598187,0.0008347344015317143,0.0007668034233457666,47f3f9949304a2420ea0023c7e1c2a2b8901137a5e5047cd45e16eebafa0d0c4
1,model.layers.1.self_attn.k_proj,ORDINARY_INT8,0.14639384382118853,0.147339522473753,s8,8.26716423034668e-05,0.0007190704345703125,541,65115,21,29,-2,7,0,1,20,29,0.0003662109375,0.0,0.0009058561799634175,0.0008577887473718146,0.000881822463667616,2c7d97b53d7e71604ffba10454d8648498e65c2bcdb9f1f9d4fcde5ac7ccfb83
1,model.layers.1.self_attn.v_proj,ORDINARY_INT8,0.410057878869725,0.08504748583816174,s8,0.0003402233123779297,0.0008997917175292969,515,65303,18,25,-6,7,-2,0,18,27,0.00018310546875,0.0,0.0007046237374927067,0.0009048655358253775,0.0008047446366590421,6f51306f3cb625b13de60c7b2c9326419d91feafd79c316671b688f409f0a798
1,model.layers.1.self_attn.o_proj,ORDINARY_INT8,0.05928578714686116,0.07033492685423265,s8,0.00010138750076293945,0.0010385513305664062,389,65221,19,29,-2,7,-1,1,18,30,0.000457763671875,6.103515625e-05,0.001287453153659717,0.0015450148926153331,0.001416234023137525,59d2e540ca80916eb541abe20ce04617ccdd516c6e8eac79619b7a9e295f127c
1,model.layers.1.mlp.gate_proj,GATE_PREACT_INT10,0.6731993307278851,0.0164190925399534,s10,5.120038986206055e-05,0.0006341934204101562,279,60845,15,24,-7,7,-2,-1,16,26,0.000274658203125,0.0,0.0004372549888842897,0.0006371117322859026,0.0005371833605850962,7d35e034e9ca4ba81bdfb23c588e3d6686d4225f33a7c7ff98d1f41a7ecfd6b5
1,model.layers.1.mlp.up_proj,ORDINARY_INT8,0.21565185453621397,0.13757201891078144,s8,0.0001277923583984375,0.0008726119995117188,493,65511,20,28,-3,7,0,1,19,28,0.00048828125,0.000148773193359375,0.0020868010136613426,0.002103843068073884,0.0020953220408676133,6e95a6d117f2e048f69c64b283b7f28f68f93db93b477f4126e9a2fdee09bee5
1,model.layers.1.mlp.down_proj,ORDINARY_INT8,0.11273562063382367,0.031097712253941884,s8,0.00019025802612304688,0.0011148452758789062,8831,61251,22,26,-5,7,-1,1,21,27,0.000118255615234375,6.103515625e-05,0.0034201395655711012,0.0031161216089046918,0.0032681305872378965,225994616f7af67db5994ba09842fb26694161b9cd4fd1dd54fe29b96a7fd78e
2,model.layers.2.self_attn.q_proj,ORDINARY_INT8,0.15276099822339145,0.07850831584400847,s8,8.26716423034668e-05,0.0006113052368164062,359,64009,19,28,-3,7,-1,1,18,29,0.00054931640625,0.000274658203125,0.000780799841380327,0.0006469163720343691,0.0007138581067073481,cd02a43eedeff9002bb85271146a2806ac042919efb7a6bb749a844f39cc7b98
2,model.layers.2.self_attn.k_proj,ORDINARY_INT8,0.1382983098169653,0.113210564626693,s8,0.00013077259063720703,0.0007495880126953125,277,65243,19,28,-3,7,-1,1,18,29,0.000274658203125,0.0,0.0007465951967080318,0.0005999165262564963,0.000673255861482264,cc89665c3bc5d19b3c64c64b04766b14431a6566340e43c805837d89a0598dd7
2,model.layers.2.self_attn.v_proj,ORDINARY_INT8,0.11531813313641887,0.057983045222772395,s8,0.000247955322265625,0.0005536079406738281,533,57469,20,26,-5,7,0,1,19,26,0.000244140625,0.0,0.0005693036132752873,0.00036233249823784235,0.00046581805575656484,f12f30165520f31990913965cdd64ab07311c2413b25eedcc80ffea640068055
2,model.layers.2.self_attn.o_proj,ORDINARY_INT8,0.03755794847320012,0.03216139653001022,s8,0.0001461505889892578,0.0006422996520996094,1733,65397,22,28,-3,7,-1,0,22,29,0.000335693359375,0.0001220703125,0.0014990536165599422,0.0012252858412007545,0.0013621697288803483,0ba49f6866c11e8efd14c5249fcc7aedd8a2d13b4d6f8a519bcab2a546b515f3
2,model.layers.2.mlp.gate_proj,GATE_PREACT_INT10,0.3925844928411048,0.012308702159862605,s10,4.851818084716797e-05,0.0005998611450195312,57,65321,12,25,-6,7,-1,-1,13,26,0.000213623046875,1.52587890625e-05,0.00023393177822833463,0.00014450257540620396,0.0001892171768172693,288eeb5bb30837a26907f9516c842165d7d332002391b2129c7f5697f903bf78
2,model.layers.2.mlp.up_proj,ORDINARY_INT8,0.3925844928411048,0.16087628905347132,s8,0.00010907649993896484,0.0006613731384277344,75,65165,17,27,-4,7,-1,0,17,28,0.00030517578125,3.814697265625e-05,0.0035134258459933974,0.002876463965013068,0.0031949449055032326,b7c6c7e64ecba2c56c2588cd43f41008f6a24fafd5db8b396ba2a3784890c79d
2,model.layers.2.mlp.down_proj,ORDINARY_INT8,0.07017309799698591,0.027446738685356298,s8,0.00018835067749023438,0.0008726119995117188,1031,64961,20,27,-4,7,-1,2,18,28,4.1961669921875e-05,3.0517578125e-05,0.008834047956269953,0.005846392671189394,0.007340220313729674,28574671bd08ca5fe1705ce6cc6e5e9f860c56a6a1c724ebfc6a6f2680249dae
3,model.layers.3.self_attn.q_proj,ORDINARY_INT8,0.28896481972041094,0.09859726679066162,s8,7.063150405883789e-05,0.0011692047119140625,381,65415,17,28,-3,7,-1,-1,18,29,0.000213623046875,6.103515625e-05,0.0008947928080869997,0.0007189546636156383,0.000806873735851319,442f9e6b5413fa7f154d4f378c388b8957f6b74e3b527cd7b3e10439bb48baa6
3,model.layers.3.self_attn.k_proj,ORDINARY_INT8,0.28896481972041094,0.12221031332045294,s8,9.948015213012695e-05,0.0008497238159179688,193,64655,17,28,-3,7,-1,0,17,29,0.00018310546875,0.0,0.000775275539216766,0.00048676181491574393,0.000631018677066255,4673ea41532f48fec6c7aacaa3a1a6cd5621d455bba9ab64e161586b57698622
3,model.layers.3.self_attn.v_proj,ORDINARY_INT8,0.12437907541830709,0.051398122270321804,s8,0.00023746490478515625,0.0005421638488769531,1337,64931,21,26,-5,7,0,1,20,26,0.000274658203125,0.0,0.0010253317585132357,0.0006997704402729967,0.0008625510993931162,e39ffa68742d261594b20bb599ff88c1ae338dd63cde45d16cbacb25c90efe08
3,model.layers.3.self_attn.o_proj,ORDINARY_INT8,0.024737048686339996,0.018107310878058176,s8,9.66191291809082e-05,0.00095367431640625,347,65225,19,28,-3,7,0,1,18,28,0.000518798828125,3.0517578125e-05,0.0018566261800730267,0.0020459219533515887,0.0019512740667123078,e6cd90fab6ee2eacff12c04b603884487ebfb2c2052e90a49dd218ae21d8d747
3,model.layers.3.mlp.gate_proj,GATE_PREACT_INT10,0.14680306742510457,0.013761605246231738,s10,4.947185516357422e-05,0.0008649826049804688,3547,65371,20,26,-5,7,0,0,20,26,0.00030517578125,3.814697265625e-06,0.0003910200754727348,0.00023493955887531176,0.0003129798171740233,69c6dd10bfd04e3675dd1ce1a8a1607acb83fdd71544ac5a9e84c8a13b2d5c85
3,model.layers.3.mlp.up_proj,ORDINARY_INT8,0.13840941181333047,0.09751125654547656,s8,0.0001004338264465332,0.0009765625,349,64453,19,28,-3,7,0,1,18,28,0.000244140625,0.00019073486328125,0.001389480963988573,0.0014130623545981916,0.0014012716592933824,d9d9dfd00eecd3e73a843b41736af04e2d4e629d440f8590f848d5021d4706ed
3,model.layers.3.mlp.down_proj,ORDINARY_INT8,0.12484905700449112,0.012405936694033738,s8,0.0002027750015258789,0.0011224746704101562,573,65253,17,24,-7,7,-3,1,16,27,3.814697265625e-05,3.0517578125e-05,0.02060835929380791,0.017769595597666693,0.019188977445737304,256bfcd1ce950709b07721566ff767483b24ecd9bb73737b7f2d125e1b376310
4,model.layers.4.self_attn.q_proj,ORDINARY_INT8,0.09634488847930335,0.10732179131588204,s8,4.9233436584472656e-05,0.000957489013671875,825,65325,20,30,-1,7,0,1,19,30,0.000396728515625,0.000244140625,0.0009763336503488428,0.0008396400578060419,0.0009079868540774424,f1ef0b8961eeb1aeee2c78ba5e77187afba106b9db8a5a88faf930a3b7882bac
4,model.layers.4.self_attn.k_proj,ORDINARY_INT8,0.16466832618433414,0.11610498821965298,s8,0.00011676549911499023,0.0009188652038574219,423,65127,19,28,-3,7,-2,1,18,30,0.000579833984375,0.000244140625,0.0008438021122755426,0.0006540575768803907,0.0007489298445779667,29754086c0f682ffca1cef69d92e4048dd4ed8f944635a3dfbc357ad44723351
4,model.layers.4.self_attn.v_proj,ORDINARY_INT8,0.11649668686033234,0.03545460187840315,s8,0.0002086162567138672,0.0004036426544189453,3087,65295,22,26,-5,7,-1,1,21,27,0.000152587890625,0.0,0.0007580768072943013,0.0008927405886829288,0.0008254086979886151,9f9fcfb1c6f306495c040cc9bc5199238047ee5c9ad5d59668f66bd020222268
4,model.layers.4.self_attn.o_proj,ORDINARY_INT8,0.04941546072171429,0.011896271987136098,s8,9.512901306152344e-05,0.0012998580932617188,135,65365,17,27,-4,7,-2,-1,18,29,0.000335693359375,6.103515625e-05,0.0015083121181297993,0.0015494571593738721,0.0015288846387518356,25d00256f84976758ca75a65d12cb08f623e7ff132b47a486c97729d283ec333
4,model.layers.4.mlp.gate_proj,GATE_PREACT_INT10,0.11649970557745987,0.010057491756816287,s10,5.936622619628906e-05,0.0009074211120605469,1529,65377,18,26,-5,7,0,0,18,26,0.000244140625,3.814697265625e-06,0.00017093608990127615,0.00011385543345257822,0.00014239576167692717,7aee0f7b57a312b3de7de18ac0c30f42ea57ddf7ebf8e4ca219043c84c633bdf
4,model.layers.4.mlp.up_proj,ORDINARY_INT8,0.11881688636118971,0.10025475014341967,s8,9.995698928833008e-05,0.0005998611450195312,989,65117,21,28,-3,7,0,0,21,28,0.00030517578125,0.000125885009765625,0.0023255888296230412,0.001618298491559427,0.001971943660591234,f3311152dba9f603f2692e18a1e5a998a65d2dcbd8e3094f61eb85ae761ef83c
4,model.layers.4.mlp.down_proj,ORDINARY_INT8,0.037249290004833964,0.009367353370561347,s8,0.00018262863159179688,0.0008420944213867188,465,65405,18,26,-5,7,-1,2,16,27,7.62939453125e-05,3.0517578125e-05,0.006988412949145957,0.01398072763312617,0.010484570291136064,1a377757d4e393191560e9885a648bb43d0aabe5bea6552112e8547ce3e923de
5,model.layers.5.self_attn.q_proj,ORDINARY_INT8,0.12937771727111855,0.09970886930353032,s8,6.967782974243164e-05,0.001453399658203125,17,63943,15,29,-2,7,-1,0,15,30,0.000274658203125,6.103515625e-05,0.0006377115019238075,0.0006785358674471326,0.00065812368468547,2fca979267dae4f0792ac37b3453e4342cec80d0483f3ba9a5160e800edeb938
5,model.layers.5.self_attn.k_proj,ORDINARY_INT8,0.10364419832004337,0.1254371181872335,s8,0.00011295080184936523,0.0009455680847167969,623,65255,21,29,-2,7,-1,1,20,30,0.0006103515625,0.0,0.0007797084186789334,0.0005424181586245519,0.0006610632886517426,c58742289b4a8a3976813c56af03254c861407c2a0d2d30da1e792a9af2c4974
5,model.layers.5.self_attn.v_proj,ORDINARY_INT8,0.10818679689422367,0.034472264150000445,s8,0.00017881393432617188,0.0006880760192871094,601,59905,20,26,-5,7,-1,1,19,27,0.000518798828125,0.0,0.0005809517987036059,0.0008089678641555801,0.0006949598314295929,009bebe837626f982a083b4dcfbb48dbce85f283b0230b5fa422ed4f5e83a7c8
5,model.layers.5.self_attn.o_proj,ORDINARY_INT8,0.018516457925631304,0.012275409523253771,s8,9.614229202270508e-05,0.001514434814453125,21,65405,16,28,-3,7,-1,1,15,29,0.0006103515625,3.0517578125e-05,0.001663145099528995,0.0023240017373671604,0.0019935734184480776,dc96fac691ac13243e2cf29b712545391e17db98b947d8c0fb5b5a731f58760a
5,model.layers.5.mlp.gate_proj,GATE_PREACT_INT10,0.11933438608965535,0.01320703788138844,s10,6.389617919921875e-05,0.0007996559143066406,1047,64985,19,26,-5,7,0,0,19,26,0.000244140625,3.814697265625e-06,0.0001531943645919909,0.00016402444839290657,0.00015860940649244874,7e3c1764150d63677bc4bce28e5e5017d3b4c5eb380721e33a2df62b3d74c696
5,model.layers.5.mlp.up_proj,ORDINARY_INT8,0.11931548531599871,0.08440741749627216,s8,9.417533874511719e-05,0.0012149810791015625,781,65273,21,28,-3,7,0,0,21,28,0.00030517578125,5.7220458984375e-05,0.001555591530536267,0.0012027262266451667,0.0013791588785907168,3437cd73d89fee69a9478918ff18a6ea8fb4a87bf6eff7a0549198df4f3d857b
5,model.layers.5.mlp.down_proj,ORDINARY_INT8,0.053060478629855794,0.013284933764887012,s8,0.00018548965454101562,0.001438140869140625,167,65183,17,26,-5,7,-2,2,15,28,6.103515625e-05,3.0517578125e-05,0.017940912086476597,0.012401746662880924,0.015171329374678761,60ee76087dcc06cda8593f7ea9d9dfb30fa1a6a3ad6257e321e4d4ad7f5db22a
6,model.layers.6.self_attn.q_proj,ORDINARY_INT8,0.1081139947485736,0.0860538400925796,s8,6.031990051269531e-05,0.0008459091186523438,1681,65491,21,29,-2,7,0,1,20,29,0.00018310546875,9.1552734375e-05,0.000777478603376782,0.0007314225320233338,0.0007544505677000579,25866218262f4c9b980ca86e851217c7183bb40f503078a5cb3f4f54aa41fca3
6,model.layers.6.self_attn.k_proj,ORDINARY_INT8,0.09118716388140093,0.11423217325345456,s8,0.0001239776611328125,0.0008459091186523438,1191,65087,22,29,-2,7,0,1,21,29,0.00048828125,0.0,0.0007772411894735997,0.0016357593340414717,0.0012065002617575357,38d517e627c047c0f2f8f639dd814b38e394dffbfa179a36d9ae5f4ca35167ad
6,model.layers.6.self_attn.v_proj,ORDINARY_INT8,0.12029644823449803,0.02480919462971074,s8,0.00018167495727539062,0.00035572052001953125,347,59117,18,26,-5,7,-1,0,18,27,0.000732421875,0.0,0.0007715852670298474,0.0006636895123134169,0.0007176373896716321,28c9d854b0e98a57d887ac9c7a2e19fc161e14a0e2e6fd6876dc468bf971eda8
6,model.layers.6.self_attn.o_proj,ORDINARY_INT8,0.020690504905572272,0.013129626114064652,s8,0.0001461505889892578,0.002399444580078125,235,65455,18,28,-3,7,-1,0,18,29,0.000701904296875,3.0517578125e-05,0.0029349091903528948,0.002605690675636497,0.0027702999329946958,1f5e57f809356ed616fc6cbc811054bad89f0dcab40819679dbdd68b444dd7a4
6,model.layers.6.mlp.gate_proj,GATE_PREACT_INT10,0.46477343341496985,0.020765666778062575,s10,5.59687614440918e-05,0.0006613731384277344,153,63161,14,25,-6,7,-2,-1,15,27,0.000213623046875,3.814697265625e-06,0.0004373073456589657,0.0001263047217504108,0.00028180603370468824,083a178dbdd274effa1be048e096dc1bbca32935d136ad7df031dc866a00ceff
6,model.layers.6.mlp.up_proj,ORDINARY_INT8,0.11871249281515286,0.06158372591673261,s8,0.00011199712753295898,0.0007152557373046875,373,65139,19,28,-3,7,0,0,19,28,0.000335693359375,6.103515625e-05,0.000957005993130307,0.0008496309910897094,0.0009033184921100082,422d43627a71438cb86be65131c26fe961f958f8a630f02548cdb863e2948e0a
6,model.layers.6.mlp.down_proj,ORDINARY_INT8,0.03796390180407604,0.022150978241464066,s8,0.0001729726791381836,0.0018224716186523438,19,65429,15,27,-4,7,-1,1,14,28,8.0108642578125e-05,3.0517578125e-05,0.01180222684757162,0.012968651723169968,0.012385439285370795,49692b86f7a1a27c60d8b746c13c516cb6fe366d507954f09d6d4d0b884eafcc
7,model.layers.7.self_attn.q_proj,ORDINARY_INT8,0.12458640638953143,0.07863552287393287,s8,0.00011152029037475586,0.0006995201110839844,709,64591,20,28,-3,7,-1,0,20,29,0.000396728515625,0.00018310546875,0.0007900589014618966,0.0009071408121150846,0.0008485998567884906,a457cdf1930589110e8d693fc51cb8b5245521fb08e76bd5d80462e63c278e36
7,model.layers.7.self_attn.k_proj,ORDINARY_INT8,0.3265497402882013,0.11168423450405662,s8,0.0001595020294189453,0.000965118408203125,63,65261,16,26,-5,7,-2,-1,17,28,0.00042724609375,0.0,0.0006505486759999843,0.001112966393158976,0.0008817575345794802,9e3aeff5b94dbb129fd551e1d6c3512e142ad5bbd24861a30a2360ff1678cd05
7,model.layers.7.self_attn.v_proj,ORDINARY_INT8,0.14147980961096343,0.027941024211517115,s8,0.00018262863159179688,0.00036525726318359375,319,64651,18,26,-5,7,-1,0,18,27,0.000335693359375,0.0,0.0011184054668508222,0.0005994000018750192,0.0008589027343629207,9735754203a12c01f32406b74bf587150f3413a9121410c104e3cdd5b555cfec
7,model.layers.7.self_attn.o_proj,ORDINARY_INT8,0.016351611538913347,0.00923983189874767,s8,0.0001023411750793457,0.0011920928955078125,849,64841,21,28,-3,7,-1,1,20,29,0.000579833984375,3.0517578125e-05,0.001995631721848557,0.002438476452417389,0.002217054087132973,9790429cc50e25dae6a047114013f19c38a2c956887ebfa0c7d1c5db5282734b
7,model.layers.7.mlp.gate_proj,GATE_PREACT_INT10,0.10528400833082811,0.01826035831321036,s10,6.633996963500977e-05,0.0007076263427734375,65,65083,15,27,-4,7,0,1,14,27,0.00030517578125,3.814697265625e-06,0.00043378037730605585,0.00026050255470053384,0.00034714146600329485,436c4111130822bdbc92881a48306212b707679e42b405f5c3bb7b9448034e22
7,model.layers.7.mlp.up_proj,ORDINARY_INT8,0.12182157621608944,0.07736080742356534,s8,0.00011581182479858398,0.0011301040649414062,511,64601,20,28,-3,7,0,0,20,28,0.000244140625,6.4849853515625e-05,0.0017292996100909332,0.0016973462690446901,0.0017133229395678118,14c7a124d369fb48d2af53c052c63215d2fba5bf114fd6a0fc37f6c05b7f4360
7,model.layers.7.mlp.down_proj,ORDINARY_INT8,0.030466186218710067,0.012600633983158928,s8,0.00017881393432617188,0.0015382766723632812,251,65185,19,27,-4,7,-1,2,17,28,4.57763671875e-05,3.0517578125e-05,0.008858155008693814,0.013189902748558429,0.011024028878626121,8677c618c09d36dca53ad8758acad48ddf16351b175f21f27184053df2cd0f8f
8,model.layers.8.self_attn.q_proj,ORDINARY_INT8,0.10405754959481159,0.07214758533303722,s8,8.744001388549805e-05,0.0009613037109375,503,65491,20,28,-3,7,0,1,19,28,0.00030517578125,6.103515625e-05,0.001043073432094627,0.0008403322514365354,0.0009417028417655813,bbc8e24cab6b7436623961d4361b5196eaab6da3416cd1fc8441b2e59e925822
8,model.layers.8.self_attn.k_proj,ORDINARY_INT8,0.1039057806225152,0.10528381154249168,s8,0.00010955333709716797,0.00099945068359375,99,64931,18,28,-3,7,0,1,17,28,0.00030517578125,0.0,0.000807997223691383,0.000791006814825914,0.0007995020192586485,fc77f4faa24d6376db7c9d01eb38b035f36578335037ac5f897d3879fe5001d1
8,model.layers.8.self_attn.v_proj,ORDINARY_INT8,0.15102799710338816,0.03267564690485716,s8,0.00017786026000976562,0.0003902912139892578,31,64413,15,26,-5,7,0,1,14,26,0.0001220703125,0.0,0.0013579868271716671,0.0010351963757567863,0.0011965916014642268,5e917723e89c106e8ee0dd5ea79d35da12b1d30f503e78212efc98fe6c8409d9
8,model.layers.8.self_attn.o_proj,ORDINARY_INT8,0.01523883511700968,0.008199892514286348,s8,8.26716423034668e-05,0.0013990402221679688,873,64227,21,28,-3,7,-1,1,20,29,0.000732421875,6.103515625e-05,0.002499828673958907,0.002933594165018551,0.002716711419488729,1d1d9a59b6bb4c037f3ff36de6dbb21afce5aa9b75d82feb225ec0da8ade3bea
8,model.layers.8.mlp.gate_proj,GATE_PREACT_INT10,0.08892446803295706,0.028123432265258486,s10,7.206201553344727e-05,0.0007152557373046875,349,64453,18,27,-4,7,0,1,17,27,0.000274658203125,7.62939453125e-06,0.00035504133190783087,0.00026687869767668814,0.00031096001479225953,c858aea4daf727f8e7af05c38064f56bb39181a6eb21a4ccdfc700cabfb02b0d
8,model.layers.8.mlp.up_proj,ORDINARY_INT8,0.09110095002566207,0.09398937657000642,s8,0.00011050701141357422,0.0011377334594726562,209,65507,20,29,-2,7,0,1,19,29,0.000274658203125,4.1961669921875e-05,0.003057149020453107,0.002415023270082186,0.0027360861452676464,1ea26d2248f84c7237f5cda80a45aeb2a66cec6119379a9477dfb0a79507ff63
8,model.layers.8.mlp.down_proj,ORDINARY_INT8,0.032015071233292246,0.006666981783853734,s8,0.0001748800277709961,0.0015840530395507812,467,65039,18,26,-5,7,-1,0,18,27,9.1552734375e-05,9.1552734375e-05,0.004217690460550429,0.004133848419146445,0.0041757694398484365,9db9a801a6286cd3ef90f2f26b2bdae5272edbfe2b4b2f43c66ee27b00da177f
9,model.layers.9.self_attn.q_proj,ORDINARY_INT8,0.10732028256050377,0.07260436417439406,s8,8.600950241088867e-05,0.0013837814331054688,575,64849,20,28,-3,7,-1,1,19,29,0.000457763671875,0.0001220703125,0.0011500186440868726,0.0007890213637787516,0.0009695200039328122,5dfb29a9e7d6f1d820e85428212808594df6bbf1bc5503bf1c4aec77a0198f74
9,model.layers.9.self_attn.k_proj,ORDINARY_INT8,0.41246044729638287,0.15819532093667765,s8,0.00014317035675048828,0.0009379386901855469,951,65245,20,27,-4,7,-2,-1,21,29,0.000274658203125,0.0,0.001121496723227729,0.0013171277850519032,0.0012193122541398161,50f730230b16ef4e33b6b0e42cabc987b8264fcde6740832da09ba6abe14bb44
9,model.layers.9.self_attn.v_proj,ORDINARY_INT8,0.41246044729638287,0.026026371438645828,s8,0.00019228458404541016,0.00035762786865234375,2189,64913,19,24,-7,7,-2,-1,20,26,0.00030517578125,0.0,0.0016319874031602629,0.0008290076426316444,0.0012304975228959536,554be995fa803d9e36ff5f61b2089af8af2449a09ce2a1f7b966eaf5fb256deb
9,model.layers.9.self_attn.o_proj,ORDINARY_INT8,0.015320439976970041,0.0062589127364673725,s8,7.87973403930664e-05,0.0012845993041992188,41,64739,16,28,-3,7,-1,0,16,29,0.00030517578125,6.103515625e-05,0.0015557145484958366,0.001574502618679729,0.0015651085835877827,c4645f4306bbc3f1106da6fbb48a73b2e20e5931a04ea2610268b77bb217accd
9,model.layers.9.mlp.gate_proj,GATE_PREACT_INT10,0.09623129536786418,0.011526146463491874,s10,8.64863395690918e-05,0.0009417533874511719,305,65155,16,26,-5,7,0,1,15,26,0.00018310546875,3.814697265625e-06,0.00034403378182690773,0.0001186394490613929,0.00023133661544415032,0e10b982cf079dcf6b8613f15977b0b4f6b5bfc7af51a359f2cb7d8935efbbf7
9,model.layers.9.mlp.up_proj,ORDINARY_INT8,0.0987805644358237,0.1093835589199681,s8,0.00010907649993896484,0.0007343292236328125,375,64327,20,29,-2,7,0,1,19,29,0.000244140625,4.57763671875e-05,0.0033010261993369257,0.002759041522770901,0.0030300338610539136,3e444373098640897f433d967b4983516667a2ff38e33ba283ffa07015f0a3cb
9,model.layers.9.mlp.down_proj,ORDINARY_INT8,0.023383857410043018,0.009880891143171927,s8,0.00017201900482177734,0.0013380050659179688,439,65317,19,27,-4,7,0,1,18,27,3.4332275390625e-05,6.103515625e-05,0.00584603140678115,0.007246695585947795,0.0065463634963644724,c2758d4eb625b4e734c0c379405178ff3e388e94bd2e7bd6c73b4c843dd5be4b
10,model.layers.10.self_attn.q_proj,ORDINARY_INT8,0.17020381380830707,0.10719628551990694,s8,4.875659942626953e-05,0.0015687942504882812,13,65137,14,29,-2,7,-1,1,13,30,0.000396728515625,9.1552734375e-05,0.001380143719519601,0.0012318500884935261,0.0013059969040065634,5e69e4d684da65731e7ac4008517c152704071d904da2fb14953932de9366ab8
10,model.layers.10.self_attn.k_proj,ORDINARY_INT8,0.4139352032518762,0.12011085589828545,s8,0.00014126300811767578,0.001438140869140625,389,65341,18,27,-4,7,-2,-1,19,29,0.000335693359375,0.0,0.0007011835575038094,0.0012523573430286686,0.0009767704502662389,395bbd9d95e60bfcf248225ef555cf178eaa152b62b9312349816da352636205
10,model.layers.10.self_attn.v_proj,ORDINARY_INT8,0.11477958705127939,0.029774757968711842,s8,0.00018453598022460938,0.0003478527069091797,983,65133,20,26,-5,7,0,1,19,26,0.00030517578125,0.0,0.0012454496704388698,0.0006551495237328539,0.0009502995970858618,f18cc9a29c6ba3511d71515050f50df55fd2bfa49f425cd28c400b5e805491b2
10,model.layers.10.self_attn.o_proj,ORDINARY_INT8,0.03297549345361905,0.006854955603734897,s8,8.124113082885742e-05,0.000965118408203125,555,65461,18,27,-4,7,-2,-1,19,29,0.00042724609375,3.0517578125e-05,0.0011810001695538727,0.001666877915242072,0.0014239390423979722,b9f4580e048452f18825de2733762e7169ef03eaa6d1c052fb803306bebce3d2
10,model.layers.10.mlp.gate_proj,GATE_PREACT_INT10,0.08847024153286855,0.012879267779617237,s10,8.362531661987305e-05,0.0008573532104492188,571,64241,18,26,-5,7,0,1,17,26,0.000457763671875,3.814697265625e-06,0.0004363197742206431,0.0003261996769470858,0.0003812597255838645,a9c998722a0fc0e632e715b21d1d2a6bef413a5dfcc953763638d2453a957eca
10,model.layers.10.mlp.up_proj,ORDINARY_INT8,0.08686534227063326,0.037518330056123865,s8,0.00010955333709716797,0.0007610321044921875,35,64531,16,27,-4,7,0,1,15,27,0.00042724609375,3.0517578125e-05,0.0009655938755221083,0.0005529100818698666,0.0007592519786959874,fa7b0bdb4b9f4df12b3a40633d6aaf8bd69336c5f0874c3dd1bf8558b0500257
10,model.layers.10.mlp.down_proj,ORDINARY_INT8,0.03956971448242851,0.010791122316057403,s8,0.00017786026000976562,0.0013074874877929688,97,64361,17,26,-5,7,-1,1,16,27,4.9591064453125e-05,6.103515625e-05,0.005177839047955762,0.00686389102810581,0.006020865038030785,5fbce52567f62b3188a1dc7fe20abde055971c16cc42c8a53c3031cbb353542c
11,model.layers.11.self_attn.q_proj,ORDINARY_INT8,0.17049293308989058,0.12020670425338811,s8,4.494190216064453e-05,0.0018606185913085938,89,65493,18,29,-2,7,-1,0,18,30,0.00030517578125,3.0517578125e-05,0.0010376717708346598,0.0008951389707960265,0.0009664053708153431,ec593dc8f412d1f6d2c51bde6f30ad69c1927c6288a0da335fe2d80c5f7410f8
11,model.layers.11.self_attn.k_proj,ORDINARY_INT8,0.4397388968880721,0.09917697279919685,s8,9.417533874511719e-05,0.001007080078125,19,64061,14,27,-4,7,-2,-1,15,29,0.000579833984375,0.0,0.000687139870724214,0.001109869780073831,0.0008985048253990224,7dbd5b4b8d5c599dcce682e5d7c7faed6f27807ce41524c0e914178e85e0bfad
11,model.layers.11.self_attn.v_proj,ORDINARY_INT8,0.11554226481337232,0.024071399072985653,s8,0.00014412403106689453,0.0003211498260498047,39,64397,15,26,-5,7,0,1,14,26,0.00079345703125,0.0,0.0007666600446814115,0.0004795139800401183,0.0006230870123607649,deefeb2c441baeab8f53f77db65793b2a1749d5492e622a2f3eb29215520aa94
11,model.layers.11.self_attn.o_proj,ORDINARY_INT8,0.04839379768671952,0.007152244032713371,s8,0.00012981891632080078,0.0013608932495117188,133,65443,16,26,-5,7,-2,-1,17,28,0.000335693359375,6.103515625e-05,0.0007753168102377485,0.000773503736261322,0.0007744102732495353,9e288ae3be2563ca01620ebe8109c34be5e51a452e7faf88c42dc84a2a1ecea8
11,model.layers.11.mlp.gate_proj,GATE_PREACT_INT10,0.10553604786790262,0.011616590187941438,s10,9.226799011230469e-05,0.0008883476257324219,269,65339,17,26,-5,7,0,1,16,26,0.000274658203125,3.814697265625e-06,0.00024130583453564814,0.00013860227732870317,0.00018995405593217566,e1065b1f63ab8d833256815aba214aae6ca00eabbae75bb90883b3a608fabfc1
11,model.layers.11.mlp.up_proj,ORDINARY_INT8,0.09209837558530405,0.09363548585080599,s8,0.00011438131332397461,0.0007572174072265625,599,65467,21,29,-2,7,0,1,20,29,0.000579833984375,4.57763671875e-05,0.0019446033621328934,0.0020176019797786067,0.00198110267095575,b4438327c40b3c227cfecc6746321c823c48b9826e1d3ab8886f001696125746
11,model.layers.11.mlp.down_proj,ORDINARY_INT8,0.07452437046962444,0.02555784647533401,s8,0.0001748800277709961,0.0015382766723632812,155,65083,17,26,-5,7,-1,0,17,27,3.814697265625e-05,3.0517578125e-05,0.010288692092996746,0.008684914371828771,0.009486803232412758,1abc67aa71a4108b64a3df242e0b3cbe4f5e2dfdec5c5834d760ad407544cd0f
12,model.layers.12.self_attn.q_proj,ORDINARY_INT8,0.11312568096591148,0.07528802194651672,s8,8.314847946166992e-05,0.0007958412170410156,1,64767,10,28,-3,7,0,1,9,28,0.000213623046875,9.1552734375e-05,0.0009096438546470692,0.0008815638371509503,0.0008956038458990097,f3fe9c584d2a83706aa09f791085305c6aaabeb393e85983eb7491ace1e972ce
12,model.layers.12.self_attn.k_proj,ORDINARY_INT8,0.1495629258043184,0.10429021515842071,s8,8.845329284667969e-05,0.0009765625,185,65487,19,28,-3,7,0,1,18,28,0.00018310546875,0.0,0.0015353322144757865,0.0008112696701744749,0.0011733009423251306,1f9d37a47ddda93ea98383f94bd13b53e43c49a4fafd29c9200c021f28ac6488
12,model.layers.12.self_attn.v_proj,ORDINARY_INT8,0.4234142754021592,0.0335057757252191,s8,0.00024318695068359375,0.0004401206970214844,605,65207,17,24,-7,7,-2,-1,18,26,0.000640869140625,0.0,0.0011625803667207491,0.0009657545814963485,0.0010641674741085488,3b942c5aacefae530ac0eb6c6b65340ec13e3cab33abcfec3db7d2f4829d8263
12,model.layers.12.self_attn.o_proj,ORDINARY_INT8,0.01640556365486205,0.010723840221077106,s8,9.465217590332031e-05,0.0018072128295898438,279,65501,19,28,-3,7,-1,0,19,29,0.0008544921875,6.103515625e-05,0.001795697185201137,0.0015847104541124582,0.0016902038196567977,30a4c6019e2f840cfaa03cbcd47fba0c23c63f213d3cb52d2b6182ef54160508
12,model.layers.12.mlp.gate_proj,GATE_PREACT_INT10,0.13231331532395732,0.010646293274572923,s10,9.179115295410156e-05,0.0007996559143066406,137,64527,15,25,-6,7,0,1,14,25,0.00018310546875,1.1444091796875e-05,0.0002476661139385281,0.00012760984269669903,0.00018763797831761357,e9e444d062153d29e4b49f2c104bdd32cee7077681a4432f6bb329fb07d148db
12,model.layers.12.mlp.up_proj,ORDINARY_INT8,0.14868209096818216,0.04104479819199029,s8,0.0001201629638671875,0.0007228851318359375,283,64045,18,27,-4,7,0,0,18,27,9.1552734375e-05,5.7220458984375e-05,0.0005990260225279821,0.0005508682856664983,0.0005749471540972402,a0fad13bb5c3e9d0990e1988d4e1b8b77040be9d7b234801d1e3277cfe0e64f4
12,model.layers.12.mlp.down_proj,ORDINARY_INT8,0.06579250304108764,0.00973089666792216,s8,0.00017786026000976562,0.0016994476318359375,161,64529,16,25,-6,7,-1,1,15,26,8.0108642578125e-05,6.103515625e-05,0.012258692452597817,0.010108545081589903,0.01118361876709386,f7a7d3eb031c7c36336dfb7ad1e4db98154a6c260115ad373a68e47e625cb423
13,model.layers.13.self_attn.q_proj,ORDINARY_INT8,0.5112491517555057,0.09662358880934416,s8,4.565715789794922e-05,0.0011615753173828125,17,65187,13,27,-4,7,-2,-1,14,29,0.000335693359375,0.0001220703125,0.00120012340029315,0.0008465067694013077,0.0010233150848472288,8b0be451911471ab2116e80b1102235b34bd41686805d32ba31eb744ea7dab59
13,model.layers.13.self_attn.k_proj,ORDINARY_INT8,0.1145769042772927,0.11404951347941968,s8,0.0001239776611328125,0.0008535385131835938,61,65325,18,28,-3,7,0,1,17,28,0.00054931640625,0.0,0.000982870240905085,0.0008141831905295462,0.0008985267157173157,58bedcf586d812e7e7b435b65d33dd9a8400b99d37db03be91d2c9ce78d7341c
13,model.layers.13.self_attn.v_proj,ORDINARY_INT8,0.1988387318321556,0.027525490426398073,s8,0.00011390447616577148,0.0003478527069091797,2243,65245,20,26,-5,7,-1,0,20,27,0.000518798828125,0.000244140625,0.001038349335840879,0.0009286735206233299,0.0009835114282321046,d723068d6114e2ee6d60adfcb1fc5d6ab828eaab21c9ee659dffb9658f6f6f4b
13,model.layers.13.self_attn.o_proj,ORDINARY_INT8,0.017003960496797338,0.013540994018390528,s8,9.512901306152344e-05,0.0016536712646484375,205,65459,19,29,-2,7,0,0,19,29,0.000335693359375,3.0517578125e-05,0.001695203013763237,0.0020231660941486328,0.0018591845539559348,71c6d43718410d90a24b7781b6bba3f75609a7a3982cc5b6f7839e27487d151a
13,model.layers.13.mlp.gate_proj,GATE_PREACT_INT10,0.15871178672793404,0.013993791653840936,s10,8.64863395690918e-05,0.0007381439208984375,857,65101,17,25,-6,7,-1,0,17,26,0.000457763671875,7.62939453125e-06,0.00030285163374719435,0.0002429179569922457,0.00027288479536972,9da835f838d82ae6a65be3ebdd7aa7c9da3eb6bcaf455c9469686589310aecbf
13,model.layers.13.mlp.up_proj,ORDINARY_INT8,0.1359058890755721,0.06369585517754711,s8,0.00011152029037475586,0.0007190704345703125,415,65239,19,27,-4,7,0,1,18,27,0.00018310546875,7.2479248046875e-05,0.0006686001767143458,0.0004890822316373062,0.0005788412041758261,bec639dd3756239086c7cb95019af08b61a9504346f65997f27f5c0d09db00b6
13,model.layers.13.mlp.down_proj,ORDINARY_INT8,0.12453805017166093,0.015937024600063653,s8,0.00018453598022460938,0.001468658447265625,1095,64015,18,25,-6,7,-1,1,17,26,4.9591064453125e-05,0.0001220703125,0.013816640059224332,0.012483350627812138,0.013149995343518236,65bc769eeabd6ea1c892a53ea526441de93798f38f28641cde1e5e9943d57686
14,model.layers.14.self_attn.q_proj,ORDINARY_INT8,0.14144883372820927,0.09403980278506614,s8,4.684925079345703e-05,0.0007843971252441406,91,65219,20,29,-2,7,0,1,19,29,0.0003662109375,9.1552734375e-05,0.0013337816828767378,0.0009397632274558749,0.0011367724551663064,7aa52133dae4ef71f7084b75de4642a60a3f638de6462ed92d7a3b52aa5aff07
14,model.layers.14.self_attn.k_proj,ORDINARY_INT8,0.165876854123093,0.07296233493361585,s8,9.179115295410156e-05,0.0009303092956542969,53,65403,16,28,-3,7,0,1,15,28,0.000213623046875,0.0,0.0009527619496556361,0.0007415619633491049,0.0008471619565023705,56f620cca8c42a6ae290e68d4c3f685153c743711ff7ce5328c8991bab19fe69
14,model.layers.14.self_attn.v_proj,ORDINARY_INT8,0.14668497701329508,0.0451479687267627,s8,0.00014030933380126953,0.0005726814270019531,809,61601,19,27,-4,7,0,1,18,27,0.0001220703125,0.0,0.0007833135102960621,0.00026296415412824204,0.0005231388322121521,e3a7589ffded7ac8c2b37030760b803606ddd4c29d7f7101ce3dc446a1323458
14,model.layers.14.self_attn.o_proj,ORDINARY_INT8,0.018562889811259455,0.020881732024594833,s8,0.0001615285873413086,0.0016841888427734375,1369,65143,21,28,-3,7,-1,1,20,29,0.000396728515625,6.103515625e-05,0.0010137617533399804,0.0008379145032412356,0.000925838128290608,81d75b834b618461362581fcacffd42a9ba52ce3061306d8bf6c7d9c06b7b286
14,model.layers.14.mlp.gate_proj,GATE_PREACT_INT10,0.6668131670613927,0.018516429540982364,s10,0.00010138750076293945,0.0005884170532226562,5843,64461,19,24,-7,7,-2,-1,20,26,0.00018310546875,3.814697265625e-06,0.0002229335538752837,0.00012109559862710496,0.00017201457625119434,e0e211361121690f4f6a2263aa507ae7d8f9c0bed152dbdc7984ed1ce41ba1d5
14,model.layers.14.mlp.up_proj,ORDINARY_INT8,0.6668131670613927,0.06425866753759504,s8,0.00011676549911499023,0.0007457733154296875,1135,65251,19,25,-6,7,-2,-1,20,27,0.000213623046875,0.000110626220703125,0.0005746853586483005,0.0004759184825955272,0.0005253019206219139,4cf8a1adc962913ed7b8109e09adf18a78d1d0a329608735aff9aa369bd8c0de
14,model.layers.14.mlp.down_proj,ORDINARY_INT8,0.10165363894591115,0.016400320659644686,s8,0.0001634359359741211,0.0012226104736328125,381,64363,17,25,-6,7,0,2,15,25,3.814697265625e-05,3.0517578125e-05,0.014905026627816821,0.013328512757475755,0.014116769692646289,f567658879bafb49c9e1ec87dee173f130f7c546f929e42f547ec6e3ec230bd8
15,model.layers.15.self_attn.q_proj,ORDINARY_INT8,0.1335942668871168,0.10816664458266585,s8,5.6684017181396484e-05,0.0007419586181640625,331,65331,19,29,-2,7,0,1,18,29,0.000518798828125,6.103515625e-05,0.0012630331319103754,0.000905929468933982,0.0010844813004221787,902361e2c517a90c5e9a3b5cadba44b7e2a50dd993858f4d7ce846a72aa80155
15,model.layers.15.self_attn.k_proj,ORDINARY_INT8,0.1448961393101009,0.08192967540161553,s8,6.341934204101562e-05,0.0009379386901855469,213,64799,19,29,-2,7,-1,1,18,30,0.00048828125,0.0,0.0010956327871594264,0.001017160042161078,0.0010563964146602521,7a0e291acbb8e3daa757b4e52938f7912bd76789ec0cae1405043b5381a3d142
15,model.layers.15.self_attn.v_proj,ORDINARY_INT8,0.5212994673120694,0.07269590950348878,s8,0.0001480579376220703,0.0007076263427734375,253,65227,16,25,-6,7,-2,-1,17,27,0.00042724609375,0.000244140625,0.0004572838393110363,0.0002911296231928539,0.00037420673125194515,98fb7cd3f92f5147f0cc1a9159b079deefcc0b24a08734e34527fcf4063204e3
15,model.layers.15.self_attn.o_proj,ORDINARY_INT8,0.0728716737642063,0.009609581982522443,s8,0.00014901161193847656,0.0019683837890625,323,65519,17,25,-6,7,-3,-1,18,28,0.00030517578125,3.0517578125e-05,0.0012083779073744456,0.0008817141137189474,0.0010450460105466965,caeb5ee5f6b869c895a34c15adfd51d8a1996ea0cfbcda9f1cc9e7b341efa7e4
15,model.layers.15.mlp.gate_proj,GATE_PREACT_INT10,0.8713639627291462,0.01805284828106154,s10,0.00010716915130615234,0.0011301040649414062,65,63809,13,23,-8,7,-3,-2,15,26,0.0001220703125,3.814697265625e-06,0.00017485213811284153,0.0001369799104140154,0.00015591602426342848,7b4c22d2409c9a9985ebc30a65d9e7b5b688792f3e77e7a2f585b04b61f12b61
15,model.layers.15.mlp.up_proj,ORDINARY_INT8,0.215419422581309,0.07395390962672801,s8,0.00011819601058959961,0.0006303787231445312,69,64643,16,27,-4,7,-1,1,15,28,0.00030517578125,6.4849853515625e-05,0.0006384416234356674,0.0007997105823130455,0.0007190761028743564,3810ce1b1a95146747988fb6cbff7b163b1c61c68919e79e05c08281e9198221
15,model.layers.15.mlp.down_proj,ORDINARY_INT8,0.14861333651805486,0.04719499245701364,s8,0.00017201900482177734,0.0013914108276367188,1295,65397,20,26,-5,7,-1,1,19,27,3.814697265625e-05,3.0517578125e-05,0.011697513712285739,0.01275038811827242,0.012223950915279079,95cd478b7c607740a336bcef125b3411eaca20050ea9fb99f38a48e64552e4a2
16,model.layers.16.self_attn.q_proj,ORDINARY_INT8,0.13820056464728409,0.08829862074919614,s8,7.30752944946289e-05,0.0012607574462890625,871,65411,20,29,-2,7,-1,1,19,30,0.000457763671875,3.0517578125e-05,0.0008071290658321377,0.0007105511645613826,0.0007588401151967601,fa60d65ac919383af0d54ee5d3b43340296bb310b85e65d39f23f54e201dab10
16,model.layers.16.self_attn.k_proj,ORDINARY_INT8,0.12287623488058255,0.08487985511551849,s8,0.00011724233627319336,0.0008420944213867188,2697,64623,22,28,-3,7,0,1,21,28,3.0517578125e-05,0.0,0.0006520128779770711,0.0006093938217567699,0.0006307033498669205,c6de758dbd2f15f92d9d14c9213ccb2efe2e762f8e780d26f09ce03efd53f12f
16,model.layers.16.self_attn.v_proj,ORDINARY_INT8,0.10776122399322509,0.03152803501345507,s8,0.00022399425506591797,0.0005269050598144531,149,64367,17,26,-5,7,0,1,16,26,0.00079345703125,0.0,0.0007483403967986352,0.0003265861091339645,0.0005374632529662999,d956cf53bf4605550244b30d8b7be11002982be12170754bff1377e3455728e2
16,model.layers.16.self_attn.o_proj,ORDINARY_INT8,0.01425721420077827,0.02479222407971523,s8,0.00012493133544921875,0.0012149810791015625,31,65291,17,29,-2,7,-1,1,16,30,0.0006103515625,9.1552734375e-05,0.0022724299930498666,0.002624373985539009,0.002448401989294438,5b3f1be5cb29d629305ac0c7d67ddf20352dfc3c58f737a6a818125d9f4426e9
16,model.layers.16.mlp.gate_proj,GATE_PREACT_INT10,1.0033412542868787,0.024505817568407803,s10,9.131431579589844e-05,0.0006341934204101562,285,65345,15,24,-7,7,-3,-2,17,27,0.000213623046875,3.814697265625e-06,0.0002932378241914011,0.0002313898094241756,0.00026231381680778837,681257d080d9cfeb2f95677e3741b0c8e357adebb48c71a5d1f56d7f3cb025d4
16,model.layers.16.mlp.up_proj,ORDINARY_INT8,0.14073172141247847,0.1524793562125061,s8,0.0001062154769897461,0.0007266998291015625,599,65271,20,29,-2,7,0,2,18,29,0.000396728515625,3.0517578125e-05,0.0017614650591647324,0.001978072403627157,0.0018697687313959446,d3dc70497c4670b34b8d323b8ca0f406d68519dbad2c251cddf896e2bbe2384e
16,model.layers.16.mlp.down_proj,ORDINARY_INT8,0.22722050081367864,0.07124691852632474,s8,0.00016629695892333984,0.0013227462768554688,1003,65417,19,26,-5,7,-2,0,19,28,6.4849853515625e-05,9.1552734375e-05,0.00929832677914003,0.009008119962843538,0.009153223370991784,5cf59dd7bcc6a692bfc50b6536a750f57dc01389ab2ea4e5df0c6f9543ee7523
17,model.layers.17.self_attn.q_proj,ORDINARY_INT8,0.24696555459190062,0.06750740318648453,s8,6.538629531860352e-05,0.0006613731384277344,1681,64211,20,28,-3,7,-1,1,19,29,0.000335693359375,6.103515625e-05,0.0015166732296383963,0.000924303642200746,0.001220488435919571,e9fe317aac935017c5c496dd7b4e33c998c9ad5406b2a9e457961d56d0278632
17,model.layers.17.self_attn.k_proj,ORDINARY_INT8,0.236825318083139,0.10897189616663114,s8,0.00011199712753295898,0.00095367431640625,49,65337,17,28,-3,7,-1,1,16,29,0.00030517578125,0.0,0.0018007225583181407,0.0014759459049373607,0.0016383342316277508,d89997d51a1f10583d08b67c70e88e89c55e14d84702ba07c3a11563bb5a212f
17,model.layers.17.self_attn.v_proj,ORDINARY_INT8,0.1953506902300614,0.03338715028148318,s8,0.00013840198516845703,0.0003383159637451172,339,64549,18,26,-5,7,-1,1,17,27,0.00048828125,0.0,0.001008316222277845,0.0006310374275954018,0.0008196768249366234,2511a55b18bacf91327028ab51b04f3967c9cafc7d357f8546ebd0a8bcc62947
17,model.layers.17.self_attn.o_proj,ORDINARY_INT8,0.011650428182247749,0.04000931562512453,s8,9.709596633911133e-05,0.001922607421875,243,65525,22,31,0,7,0,1,21,31,0.000823974609375,0.0001220703125,0.004095467167505308,0.0026062493054718316,0.0033508582364885696,2925d92fcc32918994fb5975b6dbe0ed86f10e70045e18d054750057ecf64412
17,model.layers.17.mlp.gate_proj,GATE_PREACT_INT10,0.16040937088893897,0.059822264513133036,s10,7.832050323486328e-05,0.0010995864868164062,273,65041,18,27,-4,7,0,1,17,27,0.00048828125,3.814697265625e-06,0.0005866021013498989,0.0004092151193254507,0.0004979086103376749,a97bdd9bdfadcade8eede8bec92a857b807c58c886b2d72097394a8e9bb17702
17,model.layers.17.mlp.up_proj,ORDINARY_INT8,0.23220734849830096,0.15646798908844506,s8,8.553266525268555e-05,0.0012149810791015625,5,65109,13,28,-3,7,0,1,12,28,0.00048828125,3.4332275390625e-05,0.0021602904624055622,0.0017499664326442363,0.0019551284475248995,7c1c437e58a62848a961b852c7c9bf1e1fa1e31abe3c8a6fdfc85d7521498920
17,model.layers.17.mlp.down_proj,ORDINARY_INT8,0.21088551144559423,0.05011480141084964,s8,0.00014901161193847656,0.0012149810791015625,263,65141,18,26,-5,7,-2,1,17,28,5.340576171875e-05,3.0517578125e-05,0.007900913331118987,0.00686501175554137,0.0073829625433301784,ac08569b1f433e9a80f0d01431142d832e5942875c1975c653ff81592bf5d47a
